Date,Open_CAT,High_CAT,Low_CAT,Close_CAT,Volume_CAT,AdjClose_CAT
2013-06-14,85.010002,85.139999,83.400002,83.870003,5147500,75.959009
2013-06-17,83.550003,84.43,83.419998,83.919998,4389500,76.004289
2013-06-18,84.089996,84.870003,83.959999,84.550003,3723900,76.574869
2013-06-19,84.5,85.290001,84.25,84.25,4711700,76.303163
2013-06-20,83.190002,83.68,82.349998,83.199997,7628100,75.352201
2013-06-21,84.019997,84.019997,81.93,83.120003,9736500,75.279753
2013-06-24,82.059998,82.25,80.860001,81.519997,7525600,73.830666
2013-06-25,82.339996,82.68,81.970001,82.330002,6249000,74.564268
2013-06-26,82.919998,83.43,81.699997,82.099998,6950600,74.35596
2013-06-27,82.550003,83.169998,82.550003,82.959999,4658000,75.134841
2013-06-28,82.760002,83.190002,82.309998,82.489998,8448800,74.709173
2013-07-01,83.040001,83.25,82.269997,82.720001,4676300,74.917481
2013-07-02,82.769997,83.589996,82.040001,82.480003,3659900,74.700121
2013-07-03,82.150002,82.5,81.559998,81.849998,2928200,74.129541
2013-07-05,82.529999,82.629997,81.400002,82.139999,4819500,74.392188
2013-07-08,82.400002,83.199997,82.25,83.199997,4879100,75.352201
2013-07-09,84.07,86.25,83.720001,85.330002,7882100,77.281295
2013-07-10,85.419998,85.769997,84.790001,84.959999,4216800,76.946192
2013-07-11,86.459999,86.889999,86.099998,86.699997,5434500,78.522066
2013-07-12,86.629997,87.269997,86.540001,87.169998,4876100,78.947734
2013-07-15,87.239998,88.029999,87.190002,87.400002,4161800,79.156043
2013-07-16,87.720001,88.529999,87.419998,88.169998,5432100,79.85341
2013-07-17,88.449997,89.0,85.879997,86.669998,15077400,78.494897
2013-07-18,85.879997,86.599998,85.419998,85.720001,7045900,78.175701
2013-07-19,85.449997,85.889999,85.150002,85.650002,5086200,78.111862
2013-07-22,85.379997,86.550003,85.379997,86.0,4835000,78.431057
2013-07-23,85.489998,86.379997,85.120003,85.519997,6891800,77.993299
2013-07-24,84.580002,85.279999,82.639999,83.440002,16602100,76.096367
2013-07-25,82.050003,82.580002,81.349998,82.139999,9941300,74.910779
2013-07-26,81.879997,82.080002,81.43,82.059998,5727000,74.837818
2013-07-29,82.419998,83.349998,82.0,83.019997,9068800,75.713326
2013-07-30,83.470001,83.75,82.660004,83.190002,5266000,75.86837
2013-07-31,83.580002,83.900002,82.839996,82.910004,7012900,75.613014
2013-08-01,83.620003,84.809998,83.110001,84.440002,6570400,77.008356
2013-08-02,84.290001,84.68,83.5,84.300003,4864700,76.880678
2013-08-05,84.110001,84.290001,83.5,83.559998,3758400,76.205801
2013-08-06,83.309998,83.32,82.150002,82.529999,7223600,75.266454
2013-08-07,82.379997,82.769997,81.800003,82.43,4292400,75.175256
2013-08-08,82.949997,84.589996,82.919998,83.959999,6400600,76.570598
2013-08-09,83.800003,84.790001,83.5,84.510002,5478600,77.072195
2013-08-12,84.190002,86.449997,84.059998,86.32,8608300,78.722893
2013-08-13,86.620003,87.43,86.449997,86.57,6710300,78.95089
2013-08-14,86.860001,87.0,85.709999,85.82,4462900,78.266899
2013-08-15,84.959999,86.529999,84.879997,85.860001,5138900,78.303379
2013-08-16,85.849998,86.400002,85.139999,85.160004,4706500,77.664989
2013-08-19,85.150002,85.5,83.949997,84.199997,3766000,76.789474
2013-08-20,83.800003,84.459999,83.269997,83.860001,4690000,76.479401
2013-08-21,83.519997,83.849998,82.830002,82.940002,5562600,75.640373
2013-08-22,83.309998,84.489998,83.059998,84.169998,4739900,76.762115
2013-08-23,84.379997,84.400002,83.400002,83.889999,4487200,76.506759
2013-08-26,83.980003,84.779999,83.519997,83.559998,4123300,76.205801
2013-08-27,82.879997,83.540001,82.480003,82.699997,5569900,75.42149
2013-08-28,81.809998,82.660004,81.459999,82.449997,6762900,75.193493
2013-08-29,82.5,83.059998,82.019997,82.529999,3706400,75.266454
2013-08-30,82.589996,82.760002,82.209999,82.540001,4425700,75.275576
2013-09-03,83.150002,83.540001,81.720001,82.510002,7544200,75.248217
2013-09-04,82.75,83.739998,82.300003,83.540001,4482200,76.187565
2013-09-05,83.370003,83.519997,82.709999,82.949997,3728400,75.649488
2013-09-06,83.220001,84.220001,82.400002,83.389999,5566500,76.050765
2013-09-09,84.040001,86.029999,84.019997,85.589996,6702200,78.057138
2013-09-10,86.809998,86.889999,86.18,86.610001,6298400,78.987371
2013-09-11,86.5,87.129997,86.260002,87.129997,4382900,79.461602
2013-09-12,86.940002,87.220001,86.620003,86.839996,3980600,79.197124
2013-09-13,87.099998,87.199997,86.379997,87.010002,3276000,79.352168
2013-09-16,87.959999,88.220001,87.029999,87.18,4866600,79.507204
2013-09-17,87.360001,87.449997,86.669998,87.07,3415400,79.406885
2013-09-18,86.309998,88.010002,86.199997,87.839996,5564700,80.109113
2013-09-19,88.040001,88.25,87.309998,87.75,4765200,80.027038
2013-09-20,87.610001,87.650002,84.75,84.75,13435200,77.291071
2013-09-23,85.0,85.389999,84.379997,85.029999,6048400,77.546426
2013-09-24,85.129997,85.440002,84.529999,85.110001,3720900,77.619387
2013-09-25,85.139999,85.550003,84.43,84.5,3824700,77.063073
2013-09-26,84.589996,84.849998,83.900002,84.199997,3475100,76.789474
2013-09-27,83.620003,83.919998,83.379997,83.800003,3017600,76.424684
2013-09-30,82.949997,83.830002,82.830002,83.400002,5401500,76.059887
2013-10-01,83.559998,84.300003,83.080002,83.760002,3866000,76.388203
2013-10-02,83.519997,84.25,83.330002,84.07,3324900,76.670918
2013-10-03,83.889999,84.269997,83.419998,83.970001,4223500,76.57972
2013-10-04,83.970001,84.349998,83.540001,84.199997,3212000,76.789474
2013-10-07,83.459999,84.160004,83.300003,83.529999,3364300,76.178443
2013-10-08,83.540001,83.889999,82.629997,82.849998,5671300,75.55829
2013-10-09,83.050003,83.889999,82.449997,83.519997,4577500,76.169321
2013-10-10,84.440002,84.949997,84.07,84.730003,4317100,77.272834
2013-10-11,84.639999,85.849998,84.349998,85.610001,4110300,78.075382
2013-10-14,85.059998,86.419998,84.860001,86.239998,4689600,78.649932
2013-10-15,86.239998,86.75,85.690002,85.75,4896500,78.20306
2013-10-16,86.059998,86.489998,85.599998,86.269997,3549500,78.677291
2013-10-17,85.330002,85.989998,84.949997,85.849998,3850700,78.842601
2013-10-18,86.309998,87.760002,86.269997,87.339996,6752700,80.21098
2013-10-21,87.720001,87.800003,87.190002,87.699997,3883500,80.541596
2013-10-22,87.879997,89.169998,87.540001,89.169998,9152900,81.89161
2013-10-23,84.150002,84.650002,83.050003,83.760002,20968800,76.923198
2013-10-24,83.32,85.0,83.129997,84.529999,8368700,77.630345
2013-10-25,84.32,84.779999,83.610001,84.769997,4886400,77.850753
2013-10-28,84.5,84.730003,84.150002,84.279999,3979200,77.400751
2013-10-29,83.910004,84.099998,83.290001,84.07,5324100,77.207892
2013-10-30,84.169998,84.349998,83.209999,83.489998,4657000,76.675233
2013-10-31,83.440002,84.269997,83.360001,83.360001,4651300,76.555846
2013-11-01,83.779999,83.800003,82.800003,83.589996,5880200,76.767069
2013-11-04,83.809998,83.989998,83.449997,83.889999,3892500,77.042584
2013-11-05,83.610001,84.190002,83.360001,84.050003,4010900,77.189528
2013-11-06,84.300003,84.360001,83.849998,84.220001,3664100,77.34565
2013-11-07,83.949997,84.43,83.5,83.650002,5431600,76.822176
2013-11-08,83.519997,84.32,83.5,84.239998,4557300,77.364015
2013-11-11,84.190002,84.470001,83.82,84.150002,2522500,77.281364
2013-11-12,83.980003,84.279999,83.540001,83.849998,3483000,77.005849
2013-11-13,83.459999,84.25,83.0,84.199997,3952800,77.327279
2013-11-14,84.0,84.199997,83.559998,83.760002,4496300,76.923198
2013-11-15,84.0,84.110001,83.5,83.739998,4743900,76.904827
2013-11-18,84.050003,84.970001,83.739998,84.040001,4803100,77.180342
2013-11-19,84.110001,84.5,83.480003,83.669998,5010300,76.840541
2013-11-20,83.18,83.709999,82.459999,82.68,7443000,75.93135
2013-11-21,83.050003,83.089996,81.870003,82.120003,6208500,75.417062
2013-11-22,82.220001,82.949997,82.0,82.879997,4403800,76.115022
2013-11-25,84.400002,84.940002,83.870003,84.400002,8111400,77.510958
2013-11-26,84.800003,84.830002,84.010002,84.360001,3834900,77.474222
2013-11-27,84.43,84.93,84.330002,84.669998,3053600,77.758917
2013-11-29,84.639999,85.18,84.529999,84.599998,2284400,77.694631
2013-12-02,84.699997,85.089996,84.029999,84.25,4834700,77.3732
2013-12-03,83.800003,83.949997,83.269997,83.870003,3924300,77.02422
2013-12-04,83.75,84.379997,83.110001,83.970001,5246700,77.116056
2013-12-05,83.919998,84.580002,83.699997,84.410004,5291900,77.520144
2013-12-06,85.059998,85.580002,84.93,85.5,5759300,78.521171
2013-12-09,85.699997,86.529999,85.559998,86.089996,6023400,79.063009
2013-12-10,85.970001,86.870003,85.919998,86.419998,4987000,79.366075
2013-12-11,86.029999,86.220001,85.120003,85.279999,5624100,78.319127
2013-12-12,85.370003,85.699997,84.839996,85.57,4551700,78.585457
2013-12-13,85.669998,86.230003,85.57,86.050003,4226200,79.026281
2013-12-16,86.5,87.849998,86.440002,87.379997,6976200,80.247716
2013-12-17,87.220001,87.650002,86.379997,86.919998,4764400,79.825263
2013-12-18,87.010002,88.459999,86.650002,88.169998,6963200,80.973234
2013-12-19,87.5,87.839996,87.260002,87.540001,4299700,80.394659
2013-12-20,87.849998,89.110001,87.809998,88.93,7389700,81.671202
2013-12-23,89.309998,90.07,89.269997,89.959999,5733300,82.617128
2013-12-24,90.0,90.980003,89.989998,90.910004,2675700,83.48959
2013-12-26,90.989998,91.669998,90.699997,91.150002,4790800,83.709998
2013-12-27,91.139999,91.43,90.559998,90.870003,3373800,83.452854
2013-12-30,90.849998,91.029999,90.279999,90.870003,2625000,83.452854
2013-12-31,91.0,91.18,90.459999,90.809998,3098900,83.397747
2014-01-02,90.410004,90.449997,89.330002,89.870003,4898000,82.534478
2014-01-03,90.0,90.25,89.589996,89.82,3722000,82.488556
2014-01-06,90.190002,90.300003,88.379997,88.639999,5233900,81.404872
2014-01-07,88.769997,89.230003,88.75,88.93,3512100,81.671202
2014-01-08,88.779999,89.82,88.669998,89.139999,4421600,81.86406
2014-01-09,89.260002,89.800003,88.690002,89.709999,4466400,82.387534
2014-01-10,89.410004,90.599998,89.290001,90.510002,5416000,83.122238
2014-01-13,90.260002,91.260002,89.82,89.889999,5213600,82.552842
2014-01-14,89.860001,90.709999,89.860001,90.559998,3712100,83.168152
2014-01-15,90.879997,93.199997,90.879997,92.410004,10121900,84.867154
2014-01-16,91.889999,92.860001,91.699997,92.010002,4771000,85.052031
2014-01-17,92.150002,92.260002,91.010002,91.440002,6833400,84.525135
2014-01-21,91.599998,91.849998,89.639999,90.599998,5544900,83.748654
2014-01-22,90.589996,90.82,89.349998,89.639999,4787300,82.861252
2014-01-23,88.699997,89.080002,88.050003,88.480003,5014800,81.788977
2014-01-24,87.980003,87.989998,85.879997,86.169998,8087400,79.653659
2014-01-27,91.769997,92.309998,89.07,91.290001,22202300,84.386477
2014-01-28,91.400002,92.669998,91.349998,92.470001,9409600,85.477244
2014-01-29,91.309998,91.959999,90.290001,90.620003,8145900,83.767146
2014-01-30,91.529999,93.849998,90.730003,93.199997,14764700,86.152036
2014-01-31,92.160004,94.690002,92.010002,93.910004,9697300,86.80835
2014-02-03,93.739998,93.940002,91.949997,92.419998,9084100,85.431022
2014-02-04,92.480003,92.650002,91.489998,92.5,6839700,85.504974
2014-02-05,92.239998,92.510002,91.059998,91.959999,5134500,85.005809
2014-02-06,91.940002,94.230003,91.790001,93.830002,6844200,86.734399
2014-02-07,94.169998,95.239998,93.879997,94.870003,9140200,87.695753
2014-02-10,94.970001,94.980003,93.629997,94.5,5933400,87.35373
2014-02-11,94.620003,95.339996,94.279999,94.959999,6006100,87.778943
2014-02-12,95.309998,96.639999,95.169998,96.169998,8002000,88.89744
2014-02-13,95.290001,96.410004,95.110001,96.110001,4387000,88.841979
2014-02-14,95.860001,96.68,95.839996,96.550003,4145300,89.248708
2014-02-18,95.849998,96.940002,95.849998,96.559998,4871700,89.257947
2014-02-19,96.190002,97.669998,96.110001,96.209999,5865200,88.934416
2014-02-20,96.510002,97.519997,95.300003,96.919998,7718400,89.590723
2014-02-21,97.110001,97.949997,96.919998,97.5,5554600,90.126864
2014-02-24,97.550003,98.239998,97.18,97.32,4887800,89.960476
2014-02-25,96.839996,96.980003,95.82,96.410004,5989200,89.119296
2014-02-26,96.660004,97.910004,96.339996,97.199997,4753900,89.849548
2014-02-27,97.209999,97.639999,96.519997,96.699997,4337700,89.387359
2014-02-28,96.629997,97.519997,96.300003,96.970001,5411100,89.636945
2014-03-03,96.32,96.669998,95.599998,96.309998,4859200,89.026852
2014-03-04,97.199997,97.459999,96.559998,97.019997,6261300,89.68316
2014-03-05,96.540001,96.900002,95.879997,96.370003,5384800,89.08232
2014-03-06,96.949997,98.150002,96.660004,97.599998,6714300,90.219301
2014-03-07,97.779999,97.870003,96.5,97.050003,5259200,89.710897
2014-03-10,96.639999,96.800003,95.860001,96.75,4640300,89.433581
2014-03-11,97.089996,97.910004,96.620003,96.839996,5731200,89.516772
2014-03-12,96.300003,97.239998,96.300003,96.82,4448600,89.498287
2014-03-13,97.199997,97.730003,95.059998,95.610001,8434600,88.37979
2014-03-14,95.449997,96.25,95.199997,95.389999,5002000,88.176426
2014-03-17,95.989998,96.449997,95.550003,95.669998,4697200,88.435251
2014-03-18,96.120003,96.650002,95.699997,96.410004,4921300,89.119296
2014-03-19,96.089996,96.720001,95.25,96.040001,5109200,88.777273
2014-03-20,95.709999,96.239998,95.099998,96.209999,4396000,88.934416
2014-03-21,97.07,97.629997,96.669998,97.389999,8339700,90.025182
2014-03-24,97.599998,97.599998,96.419998,96.849998,4808600,89.526017
2014-03-25,97.360001,99.339996,97.150002,98.589996,9070400,91.134433
2014-03-26,99.279999,99.599998,97.800003,97.800003,5610200,90.404181
2014-03-27,97.82,98.889999,97.290001,98.449997,4947700,91.005021
2014-03-28,98.910004,99.620003,98.779999,99.389999,5821500,91.873939
2014-03-31,100.0,100.629997,99.050003,99.370003,5772600,91.855454
2014-04-01,98.940002,100.080002,98.940002,99.809998,4814300,92.262176
2014-04-02,100.040001,102.760002,99.879997,102.629997,9358300,94.868922
2014-04-03,101.919998,103.199997,101.610001,102.550003,8230200,94.794977
2014-04-04,102.889999,103.379997,101.910004,102.169998,4889200,94.443708
2014-04-07,101.610001,102.07,100.410004,101.110001,5215100,93.46387
2014-04-08,100.980003,103.25,100.959999,102.389999,6626900,94.647073
2014-04-09,102.650002,103.199997,101.849998,102.989998,4062000,95.201698
2014-04-10,102.910004,103.720001,101.989998,102.260002,4538900,94.526906
2014-04-11,101.099998,102.099998,100.970001,101.449997,5363900,93.778155
2014-04-14,102.18,102.830002,100.949997,102.779999,4114100,95.00758
2014-04-15,102.629997,103.089996,101.260002,102.5,6317900,94.748755
2014-04-16,102.620003,103.150002,102.209999,102.93,3801400,95.706471
2014-04-17,103.050003,103.440002,102.599998,102.830002,3556800,95.61349
2014-04-21,102.900002,102.980003,101.550003,102.639999,3821400,95.436822
2014-04-22,102.779999,104.139999,102.760002,103.690002,4528500,96.413137
2014-04-23,103.559998,104.620003,103.18,103.379997,6427400,96.124888
2014-04-24,106.019997,107.400002,104.790001,105.279999,8849200,97.891549
2014-04-25,105.029999,105.279999,103.290001,104.690002,5731800,97.342958
2014-04-28,104.989998,105.419998,103.25,104.260002,4036200,96.943135
2014-04-29,104.790001,105.5,103.830002,105.300003,4975800,97.910149
2014-04-30,105.230003,106.239998,104.989998,105.400002,5199300,98.00313
2014-05-01,105.199997,105.790001,104.629997,105.07,2970800,97.696287
2014-05-02,104.93,105.580002,104.730003,105.010002,2677000,97.6405
2014-05-05,104.660004,104.800003,103.809998,104.519997,3166400,97.184883
2014-05-06,104.209999,104.470001,103.599998,103.870003,2836300,96.580505
2014-05-07,104.099998,104.660004,103.43,104.620003,3399800,97.277871
2014-05-08,104.550003,105.019997,104.150002,104.940002,3118400,97.575413
2014-05-09,104.959999,105.300003,104.300003,105.059998,2761800,97.686987
2014-05-12,105.709999,106.5,105.650002,106.199997,3664200,98.746983
2014-05-13,106.5,108.209999,105.82,107.150002,3951500,99.630317
2014-05-14,106.849998,107.040001,106.300003,106.529999,3082300,99.053825
2014-05-15,106.489998,106.739998,104.040001,104.989998,5151000,97.6219
2014-05-16,105.050003,106.050003,104.169998,106.029999,4403300,98.588915
2014-05-19,105.419998,105.529999,104.720001,105.389999,3924300,97.99383
2014-05-20,104.790001,104.809998,100.720001,101.559998,9277600,94.432614
2014-05-21,101.480003,103.0,101.480003,102.879997,5460200,95.659977
2014-05-22,102.900002,103.879997,102.510002,103.080002,3112300,95.845946
2014-05-23,103.150002,104.150002,103.150002,104.029999,2888600,96.729273
2014-05-27,104.199997,104.480003,103.459999,103.68,3443400,96.403837
2014-05-28,103.529999,103.860001,102.849998,102.910004,3353300,95.687878
2014-05-29,103.279999,103.669998,102.559998,103.599998,3071200,96.329449
2014-05-30,102.900002,102.980003,101.550003,102.230003,5939300,95.055599
2014-06-02,102.419998,103.940002,102.010002,103.760002,3747000,96.478224
2014-06-03,103.419998,104.57,103.050003,104.489998,3643600,97.15699
2014-06-04,104.419998,105.099998,104.07,104.309998,2879900,96.989622
2014-06-05,104.800003,107.120003,104.769997,106.959999,5389200,99.453648
2014-06-06,107.080002,108.360001,106.980003,108.18,4299600,100.588031
2014-06-09,107.739998,109.300003,107.660004,108.75,3900400,101.118029
2014-06-10,108.5,109.5,108.400002,109.309998,4752700,101.638726
2014-06-11,108.93,108.980003,108.330002,108.690002,2738800,101.062242
2014-06-12,108.470001,108.5,106.440002,106.650002,3408600,99.165406
2014-06-13,106.550003,107.230003,106.07,106.769997,2009100,99.27698
2014-06-16,106.5,106.879997,105.730003,106.809998,2137200,99.314174
2014-06-17,106.510002,107.0,106.0,106.669998,2138400,99.184
2014-06-18,106.629997,107.599998,106.050003,107.480003,2218700,99.937159
2014-06-19,106.989998,107.419998,106.690002,107.25,2592400,99.723297
2014-06-20,108.050003,109.529999,107.639999,109.379997,7762900,101.703813
2014-06-23,109.25,109.849998,108.290001,108.779999,2839500,101.145922
2014-06-24,108.559998,109.339996,107.0,107.809998,2864200,100.243995
2014-06-25,107.480003,108.879997,107.349998,108.440002,2176200,100.829787
2014-06-26,108.550003,108.800003,107.849998,108.519997,1522900,100.904167
2014-06-27,108.339996,108.879997,107.730003,108.779999,3632100,101.145922
2014-06-30,108.68,109.029999,107.970001,108.669998,2249200,101.043641
2014-07-01,109.080002,109.75,109.010002,109.169998,2346300,101.508552
2014-07-02,109.32,109.949997,109.300003,109.559998,1849000,101.871182
2014-07-03,109.900002,111.160004,109.690002,111.080002,2876200,103.284513
2014-07-07,110.18,110.449997,109.57,110.160004,2697100,102.42908
2014-07-08,110.209999,110.379997,109.400002,109.459999,2450600,101.778201
2014-07-09,109.790001,110.290001,109.419998,110.139999,2270600,102.410479
2014-07-10,108.139999,109.57,107.800003,109.360001,2303600,101.68522
2014-07-11,109.5,109.989998,108.650002,109.959999,1992300,102.243111
2014-07-14,110.43,111.040001,110.089996,110.089996,2375100,102.363986
2014-07-15,110.25,110.419998,109.400002,109.849998,3212900,102.14083
2014-07-16,110.18,111.459999,109.919998,111.400002,3974100,103.582056
2014-07-17,110.400002,110.669998,108.93,109.07,3164700,102.056857
2014-07-18,109.43,110.169998,109.050003,110.169998,2424900,103.086126
2014-07-21,110.0,110.550003,109.449997,110.230003,2075900,103.142273
2014-07-22,110.839996,111.279999,109.800003,110.059998,2879400,102.983199
2014-07-23,109.790001,109.980003,108.209999,108.379997,4471400,101.411221
2014-07-24,105.599998,106.230003,104.089996,105.040001,8690300,98.285985
2014-07-25,104.139999,105.349998,104.099998,104.849998,4126200,98.1082
2014-07-28,104.779999,104.900002,103.169998,104.150002,4474300,97.453212
2014-07-29,105.0,106.440002,104.690002,104.690002,7947100,97.958491
2014-07-30,105.080002,105.32,103.029999,103.379997,5856900,96.732719
2014-07-31,102.239998,102.690002,100.739998,100.75,6711400,94.271829
2014-08-01,100.519997,100.849998,99.110001,100.519997,6011900,94.056615
2014-08-04,100.360001,102.050003,100.099998,101.809998,5183900,95.263669
2014-08-05,101.110001,102.470001,100.940002,101.5,5685400,94.973604
2014-08-06,100.760002,101.849998,100.610001,101.489998,5526900,94.964245
2014-08-07,102.660004,103.470001,101.879997,101.940002,5752800,95.385315
2014-08-08,102.010002,103.440002,101.779999,103.279999,4690200,96.63915
2014-08-11,104.610001,104.849998,103.93,104.5,5197900,97.780706
2014-08-12,104.589996,105.160004,104.129997,104.330002,4200900,97.621639
2014-08-13,104.330002,105.5,104.330002,105.160004,4664900,98.398272
2014-08-14,105.510002,106.0,104.989998,105.660004,4178800,98.866122
2014-08-15,106.010002,106.419998,105.129997,105.739998,4099200,98.940973
2014-08-18,106.690002,107.099998,106.279999,106.980003,3478600,100.101246
2014-08-19,107.260002,107.699997,106.870003,107.300003,3639200,100.40067
2014-08-20,107.389999,108.150002,107.199997,107.699997,5341600,100.774945
2014-08-21,108.169998,108.57,107.540001,107.970001,4118100,101.027588
2014-08-22,107.580002,107.82,106.540001,107.309998,4603700,100.410022
2014-08-25,107.959999,108.330002,107.730003,107.970001,3014100,101.027588
2014-08-26,108.050003,108.639999,107.980003,108.059998,2865800,101.111798
2014-08-27,108.129997,108.919998,108.080002,108.550003,3281900,101.570296
2014-08-28,108.019997,108.82,107.800003,108.650002,3227800,101.663865
2014-08-29,108.900002,109.099998,108.25,109.07,4437200,102.056857
2014-09-02,109.029999,109.730003,108.830002,108.919998,4040200,101.916501
2014-09-03,109.449997,109.660004,108.050003,108.459999,4669000,101.486079
2014-09-04,108.300003,109.489998,108.160004,108.82,4604000,101.822932
2014-09-05,109.0,109.18,108.190002,108.540001,4305000,101.560937
2014-09-08,108.230003,108.459999,107.519997,107.910004,3496900,100.971448
2014-09-09,107.82,108.199997,107.190002,107.400002,3578500,100.494239
2014-09-10,105.610001,106.120003,105.379997,105.93,8154700,99.118758
2014-09-11,105.660004,105.660004,104.589996,105.589996,5460100,98.800616
2014-09-12,104.970001,105.089996,104.400002,105.019997,6904200,98.267267
2014-09-15,104.32,104.900002,103.220001,104.860001,7051900,98.117559
2014-09-16,104.209999,105.830002,103.769997,104.860001,5289700,98.117559
2014-09-17,105.18,105.410004,103.879997,103.989998,5122200,97.303497
2014-09-18,104.300003,104.550003,103.400002,104.339996,3915800,97.63099
2014-09-19,104.849998,105.0,102.080002,102.510002,8285400,95.918664
2014-09-22,102.099998,102.260002,100.82,100.900002,5093200,94.412185
2014-09-23,100.860001,101.089996,99.879997,99.989998,5710300,93.560695
2014-09-24,100.040001,101.489998,99.889999,101.199997,5797000,94.692891
2014-09-25,101.0,101.199997,99.190002,99.510002,4960800,93.111562
2014-09-26,99.440002,100.639999,99.239998,100.379997,2935900,93.925617
2014-09-29,99.349998,100.099998,98.260002,99.830002,3156400,93.410986
2014-09-30,100.029999,100.099998,98.800003,99.029999,3746100,92.662423
2014-10-01,98.639999,99.0,97.269997,97.610001,4827300,91.33373
2014-10-02,97.650002,97.980003,96.150002,97.410004,4460800,91.146593
2014-10-03,98.040001,98.339996,97.029999,97.389999,3921900,91.127875
2014-10-06,97.809998,98.129997,96.910004,98.0,3982400,91.698653
2014-10-07,97.089996,97.510002,94.690002,94.699997,6479500,88.610838
2014-10-08,94.580002,96.860001,93.639999,96.650002,6214200,90.435458
2014-10-09,96.209999,96.519997,93.239998,93.5,6414500,87.488
2014-10-10,93.239998,94.57,91.610001,93.129997,6179100,87.141788
2014-10-13,93.290001,94.059998,91.620003,91.68,5852400,85.785025
2014-10-14,92.510002,95.010002,92.389999,92.800003,6791300,86.833013
2014-10-15,91.43,92.75,90.050003,92.589996,9377600,86.636509
2014-10-16,90.269997,94.150002,90.269997,93.239998,7439400,87.909331
2014-10-17,94.199997,95.599998,93.980003,95.050003,7442600,89.615855
2014-10-20,94.529999,95.300003,93.269997,94.029999,4270800,88.654166
2014-10-21,95.040001,96.32,95.040001,95.889999,3990500,90.407828
2014-10-22,95.529999,95.980003,94.050003,94.57,6211300,89.163294
2014-10-23,97.599998,99.940002,97.339996,99.269997,11670100,93.594586
2014-10-24,99.510002,99.68,98.370003,99.440002,4133800,93.754872
2014-10-27,98.68,98.769997,97.150002,98.540001,4346100,92.906325
2014-10-28,99.440002,101.160004,99.029999,101.160004,5053400,95.376538
2014-10-29,101.529999,101.839996,99.839996,100.190002,4426400,94.461993
2014-10-30,99.629997,100.580002,99.059998,100.160004,2648300,94.43371
2014-10-31,101.349998,102.370003,100.839996,101.410004,5367700,95.612245
2014-11-03,101.610001,101.760002,99.769997,100.220001,4434300,94.490277
2014-11-04,99.75,100.0,98.040001,98.610001,4849000,92.972323
2014-11-05,99.449997,99.639999,98.449997,99.410004,3515600,93.726588
2014-11-06,99.510002,100.989998,99.239998,100.910004,3427700,95.140831
2014-11-07,101.260002,101.830002,100.900002,101.760002,2708200,95.942234
2014-11-10,101.860001,102.550003,101.860001,102.209999,3308100,96.366504
2014-11-11,102.309998,102.800003,101.599998,102.529999,2464400,96.668209
2014-11-12,102.169998,103.220001,101.519997,102.989998,2805400,97.101909
2014-11-13,103.059998,103.18,100.68,101.110001,3924100,95.329394
2014-11-14,101.0,101.699997,100.650002,101.339996,2660400,95.54624
2014-11-17,101.25,102.080002,100.449997,101.699997,2477000,95.885659
2014-11-18,101.699997,102.449997,101.309998,102.040001,2761200,96.206225
2014-11-19,101.860001,102.300003,100.889999,101.300003,4679100,95.508534
2014-11-20,100.330002,102.139999,100.07,102.089996,3052500,96.253362
2014-11-21,104.300003,107.120003,104.199997,106.449997,8737800,100.364095
2014-11-24,106.400002,106.470001,105.099998,105.959999,4108600,99.902111
2014-11-25,106.099998,106.629997,105.330002,106.239998,3321500,100.166102
2014-11-26,106.290001,106.440002,105.449997,105.790001,2463800,99.741832
2014-11-28,104.389999,104.610001,100.120003,100.599998,5780900,94.848549
2014-12-01,100.239998,100.470001,97.790001,99.0,7431800,93.340025
2014-12-02,99.480003,99.959999,98.720001,99.510002,3899200,93.82087
2014-12-03,100.040001,101.459999,99.959999,100.18,6930700,94.452563
2014-12-04,99.690002,100.870003,99.510002,99.669998,3390100,93.971718
2014-12-05,99.809998,99.959999,98.709999,98.779999,3605000,93.132602
2014-12-08,98.660004,98.760002,95.199997,95.25,7192100,89.804418
2014-12-09,94.169998,96.169998,93.800003,95.449997,6562900,89.992981
2014-12-10,94.910004,95.019997,92.75,93.019997,6749600,87.701907
2014-12-11,93.68,94.290001,92.529999,92.690002,4664900,87.390779
2014-12-12,92.0,92.0,89.959999,90.5,10327200,85.325983
2014-12-15,91.25,91.290001,89.389999,89.75,6924100,84.618861
2014-12-16,89.230003,92.25,89.150002,89.339996,7649500,84.232298
2014-12-17,89.400002,90.139999,88.029999,89.75,8671600,84.618861
2014-12-18,91.889999,91.889999,90.550003,91.690002,8344400,86.447951
2014-12-19,91.580002,91.980003,90.879997,91.709999,9689200,86.466804
2014-12-22,92.459999,92.809998,91.849998,92.32,4577200,87.04193
2014-12-23,92.989998,93.940002,92.650002,93.5,3554200,88.154468
2014-12-24,93.639999,93.980003,93.269997,93.720001,1654200,88.361892
2014-12-26,93.949997,94.660004,93.720001,94.230003,3120000,88.842736
2014-12-29,94.199997,94.279999,93.589996,93.709999,2390500,88.352461
2014-12-30,93.599998,93.629997,92.510002,92.589996,3197400,87.296491
2014-12-31,92.889999,93.57,91.449997,91.529999,3251100,86.297095
2015-01-02,91.769997,92.370003,90.660004,91.879997,3767900,86.627083
2015-01-05,90.349998,90.419998,86.599998,87.029999,11301400,82.054366
2015-01-06,87.279999,87.68,85.169998,86.470001,8660600,81.526385
2015-01-07,87.370003,88.139999,86.419998,87.809998,6511100,82.789771
2015-01-08,89.18,89.279999,87.839996,88.709999,7617800,83.638319
2015-01-09,88.760002,88.889999,87.019997,87.650002,4852200,82.638923
2015-01-12,87.730003,87.769997,86.07,86.889999,4351600,81.922371
2015-01-13,87.68,87.900002,85.199997,86.370003,5070400,81.432103
2015-01-14,84.889999,86.220001,84.269997,86.07,10366700,81.149252
2015-01-15,85.370003,86.169998,84.300003,84.32,6683900,80.151166
2015-01-16,84.239998,84.32,83.050003,83.860001,10424800,79.71391
2015-01-20,84.419998,84.5,83.190002,83.970001,5937300,79.818472
2015-01-21,83.589996,85.400002,83.589996,85.370003,6613100,81.149257
2015-01-22,86.050003,87.360001,85.43,86.82,5567800,82.527565
2015-01-23,86.790001,87.0,85.199997,85.610001,5027500,81.377389
2015-01-26,85.360001,86.260002,84.900002,86.029999,8140500,81.776622
2015-01-27,79.739998,81.349998,79.099998,79.849998,27489500,75.902165
2015-01-28,80.400002,81.199997,79.959999,80.010002,14269300,76.054258
2015-01-29,79.910004,80.18,78.809998,80.0,9157000,76.04475
2015-01-30,79.510002,80.82,79.419998,79.970001,8150700,76.016235
2015-02-02,80.080002,80.879997,79.489998,80.839996,7149000,76.843217
2015-02-03,81.220001,84.110001,81.150002,83.919998,10895300,79.770941
2015-02-04,82.779999,83.32,81.660004,81.949997,8806500,77.898338
2015-02-05,82.400002,83.629997,81.870003,83.57,6640200,79.438247
2015-02-06,83.599998,84.139999,82.800003,83.209999,5559300,79.096045
2015-02-09,83.050003,84.870003,82.949997,84.669998,7693800,80.483861
2015-02-10,85.0,85.0,83.459999,83.900002,6569100,79.751933
2015-02-11,83.559998,83.669998,82.239998,83.410004,5722600,79.286161
2015-02-12,84.080002,84.25,83.309998,83.529999,4623000,79.400224
2015-02-13,84.110001,85.489998,84.029999,85.129997,5645500,80.921117
2015-02-17,84.860001,85.580002,84.199997,85.379997,3924400,81.158757
2015-02-18,84.919998,85.809998,84.580002,84.800003,3568600,80.607438
2015-02-19,83.809998,84.0,82.209999,83.300003,5733500,79.181599
2015-02-20,83.300003,84.620003,82.400002,84.440002,6029400,80.265236
2015-02-23,83.900002,83.980003,83.139999,83.489998,5180000,79.3622
2015-02-24,83.769997,84.690002,83.599998,84.5,3678700,80.322267
2015-02-25,84.519997,85.360001,84.169998,85.150002,3449500,80.940132
2015-02-26,85.099998,85.099998,83.559998,83.800003,4457000,79.656879
2015-02-27,84.18,84.18,82.889999,82.900002,4370500,78.801374
2015-03-02,82.900002,83.07,82.239998,83.0,4155000,78.896428
2015-03-03,82.709999,83.790001,82.650002,82.839996,4331700,78.744335
2015-03-04,82.57,82.610001,80.830002,81.730003,6863600,77.689221
2015-03-05,81.730003,81.730003,80.059998,81.510002,7123500,77.480097
2015-03-06,80.370003,81.209999,79.550003,80.059998,7913800,76.101781
2015-03-09,80.169998,81.339996,80.099998,80.809998,4740500,76.814701
2015-03-10,80.019997,80.760002,79.739998,79.910004,4850500,75.959203
2015-03-11,80.150002,80.150002,79.260002,79.699997,4612200,75.759579
2015-03-12,80.269997,80.480003,79.800003,80.190002,3612500,76.225359
2015-03-13,79.900002,79.910004,78.190002,79.230003,7272700,75.312823
2015-03-16,79.57,80.0,79.059998,79.970001,3598500,76.016235
2015-03-17,79.349998,79.349998,78.25,78.449997,6979900,74.57138
2015-03-18,78.25,81.440002,78.25,81.330002,12154300,77.308996
2015-03-19,80.5,80.5,79.559998,80.089996,5236200,76.130297
2015-03-20,80.620003,81.25,80.190002,81.190002,8216600,77.175918
2015-03-23,81.190002,81.919998,81.019997,81.089996,4704000,77.080856
2015-03-24,81.150002,81.199997,80.199997,80.480003,3978700,76.501022
2015-03-25,81.029999,81.040001,79.830002,79.860001,4803000,75.911672
2015-03-26,79.639999,80.800003,79.510002,79.879997,4238500,75.93068
2015-03-27,79.459999,79.879997,78.760002,79.669998,6336900,75.731064
2015-03-30,80.010002,81.519997,80.0,81.370003,4621200,77.347019
2015-03-31,80.510002,80.650002,79.809998,80.029999,4848600,76.073266
2015-04-01,80.029999,80.519997,79.389999,79.639999,4446200,75.702548
2015-04-02,79.599998,80.5,79.400002,80.239998,3555300,76.272882
2015-04-06,80.349998,82.0,79.980003,81.489998,4495400,77.461082
2015-04-07,81.220001,81.43,80.5,80.540001,3526300,76.558053
2015-04-08,80.839996,81.239998,79.919998,80.440002,4196200,76.462999
2015-04-09,80.5,81.209999,80.279999,80.68,4291900,76.691131
2015-04-10,81.099998,82.800003,80.739998,82.599998,6831900,78.516203
2015-04-13,82.599998,82.610001,81.599998,82.139999,5293900,78.078947
2015-04-14,82.550003,83.239998,81.540001,83.0,5898700,78.896428
2015-04-15,83.290001,85.730003,83.0,85.160004,9643800,80.94964
2015-04-16,84.400002,84.900002,84.0,84.339996,5692300,80.83462
2015-04-17,83.5,83.589996,82.660004,83.279999,5314000,79.818679
2015-04-20,83.959999,84.75,83.879997,84.599998,3914600,81.083816
2015-04-21,84.660004,84.970001,83.610001,83.919998,5620900,80.432078
2015-04-22,84.129997,84.940002,83.089996,84.870003,6520700,81.342599
2015-04-23,86.849998,87.5,83.849998,84.790001,18917600,81.265922
2015-04-24,84.699997,85.169998,84.019997,84.599998,5848100,81.083816
2015-04-27,84.769997,85.940002,84.400002,85.330002,5912000,81.783479
2015-04-28,85.419998,86.220001,84.5,86.199997,5736500,82.617315
2015-04-29,85.690002,87.919998,85.459999,87.5,7021800,83.863287
2015-04-30,86.849998,87.300003,86.230003,86.879997,5460100,83.269053
2015-05-01,87.690002,88.279999,86.760002,87.370003,4850100,83.738692
2015-05-04,87.730003,87.959999,87.169998,87.300003,2754500,83.671602
2015-05-05,87.57,88.220001,86.699997,87.0,4623700,83.384068
2015-05-06,87.75,87.940002,86.419998,86.989998,4464700,83.374481
2015-05-07,86.650002,86.879997,85.889999,86.43,3892800,82.837759
2015-05-08,87.779999,87.839996,86.699997,87.309998,3577100,83.681181
2015-05-11,88.400002,89.440002,88.089996,88.769997,6882600,85.080499
2015-05-12,88.190002,88.339996,87.260002,88.160004,4066400,84.495859
2015-05-13,88.589996,89.07,88.209999,88.440002,3178300,84.76422
2015-05-14,88.779999,89.589996,88.650002,88.739998,3228400,85.051747
2015-05-15,88.5,88.559998,87.599998,88.43,3205000,84.754634
2015-05-18,88.389999,88.5,87.650002,88.290001,3074400,84.620453
2015-05-19,87.889999,87.910004,86.510002,87.239998,5676800,83.614091
2015-05-20,87.629997,88.129997,87.129997,87.93,3841500,84.275415
2015-05-21,88.230003,89.620003,87.940002,89.330002,8155500,85.617229
2015-05-22,89.18,89.5,88.629997,88.629997,3483800,84.946318
2015-05-26,88.129997,88.150002,87.290001,87.839996,3149600,84.189152
2015-05-27,87.989998,88.82,87.650002,87.919998,4517100,84.265829
2015-05-28,87.330002,87.449997,85.730003,86.010002,5899100,82.435217
2015-05-29,85.739998,86.330002,85.110001,85.32,4685700,81.773892
2015-06-01,86.059998,86.370003,84.699997,85.529999,3976900,81.975164
2015-06-02,85.209999,86.68,85.07,86.169998,2817800,82.588563
2015-06-03,86.599998,87.059998,85.809998,86.230003,2841800,82.646074
2015-06-04,85.5,86.400002,85.32,85.470001,3775200,81.91766
2015-06-05,85.010002,86.5,84.910004,86.050003,3937600,82.473555
2015-06-08,85.800003,86.480003,85.779999,86.150002,3355800,82.569397
2015-06-09,86.459999,87.620003,86.419998,86.730003,3984900,83.125293
2015-06-10,87.449997,88.709999,87.360001,88.480003,4717100,84.802559
2015-06-11,88.620003,88.760002,87.919998,88.169998,2872900,84.505438
2015-06-12,87.949997,88.410004,87.57,87.849998,2212800,84.198738
2015-06-15,87.139999,87.389999,86.349998,87.129997,2721000,83.508662
2015-06-16,86.790001,87.019997,86.239998,86.589996,2895000,82.991105
2015-06-17,86.889999,87.550003,86.32,87.25,3402800,83.623677
2015-06-18,86.830002,87.739998,86.830002,87.440002,3372600,83.805783
2015-06-19,87.269997,87.959999,87.150002,87.519997,3910900,83.882452
2015-06-22,87.970001,88.32,87.709999,88.269997,3648600,84.60128
2015-06-23,88.419998,88.620003,88.010002,88.449997,2539000,84.773799
2015-06-24,88.790001,88.809998,88.07,88.169998,3413600,84.505438
2015-06-25,88.220001,88.330002,86.660004,86.720001,3239100,83.115707
2015-06-26,86.5,86.949997,85.809998,86.82,4387300,83.211549
2015-06-29,86.220001,86.739998,85.099998,85.300003,4747300,81.754727
2015-06-30,86.089996,86.25,84.800003,84.82,4077900,81.294674
2015-07-01,85.389999,85.449997,83.540001,83.949997,5296200,80.46083
2015-07-02,84.529999,84.779999,83.849998,84.379997,2582200,80.872959
2015-07-06,83.650002,84.150002,82.730003,83.150002,4896600,79.694085
2015-07-07,82.989998,84.120003,81.849998,83.989998,5192000,80.499169
2015-07-08,83.050003,83.230003,81.760002,82.269997,4325100,78.850655
2015-07-09,83.43,83.699997,81.459999,81.690002,4570700,78.294767
2015-07-10,82.639999,82.910004,81.870003,82.150002,3495000,78.735647
2015-07-13,82.870003,84.029999,82.68,83.639999,4228500,80.163717
2015-07-14,83.529999,84.68,83.519997,84.459999,3797700,80.949636
2015-07-15,84.550003,84.860001,83.75,84.160004,3661700,80.662109
2015-07-16,84.75,84.889999,83.410004,83.760002,3686000,81.020001
2015-07-17,83.550003,83.650002,82.760002,83.160004,2931500,80.43963
2015-07-20,83.059998,83.290001,82.139999,82.25,4291400,79.559395
2015-07-21,81.800003,82.889999,81.25,82.220001,4691900,79.530378
2015-07-22,81.0,81.120003,79.150002,79.760002,10180700,77.150852
2015-07-23,77.699997,79.040001,76.650002,76.879997,13909900,74.365059
2015-07-24,76.910004,77.089996,75.849998,76.099998,9175900,73.610576
2015-07-27,75.18,75.720001,74.769997,75.32,10269600,72.856093
2015-07-28,75.919998,78.150002,75.790001,77.779999,15699000,75.235619
2015-07-29,77.300003,77.459999,76.510002,77.330002,13794800,74.800343
2015-07-30,76.980003,78.370003,76.68,78.349998,7386200,75.786973
2015-07-31,78.599998,79.040001,78.150002,78.629997,6203600,76.057812
2015-08-03,78.419998,78.43,76.75,77.260002,6443300,74.732633
2015-08-04,77.330002,77.860001,76.32,76.599998,5822300,74.09422
2015-08-05,77.5,77.919998,76.720001,76.879997,4581900,74.365059
2015-08-06,76.980003,77.650002,76.18,77.459999,5609500,74.926087
2015-08-07,77.519997,78.150002,76.940002,77.290001,7851300,74.76165
2015-08-10,78.040001,80.309998,77.900002,80.160004,9041600,77.537768
2015-08-11,78.730003,78.93,77.230003,78.040001,8992500,75.487116
2015-08-12,77.309998,79.120003,76.919998,78.919998,7236800,76.338326
2015-08-13,78.550003,78.580002,77.699997,77.760002,5662500,75.216277
2015-08-14,77.660004,78.730003,77.599998,78.489998,3811500,75.922392
2015-08-17,78.129997,78.639999,77.209999,78.540001,5226800,75.97076
2015-08-18,78.510002,79.0,78.18,78.82,5146400,76.241599
2015-08-19,78.25,78.540001,77.050003,77.410004,5862700,74.877727
2015-08-20,77.279999,77.830002,76.410004,76.410004,7767300,73.91044
2015-08-21,75.940002,76.300003,74.959999,75.0,11805500,72.546561
2015-08-24,71.82,74.879997,70.230003,72.82,15209300,70.437874
2015-08-25,75.220001,75.489998,72.029999,72.059998,9427200,69.702734
2015-08-26,73.82,74.080002,72.529999,73.870003,8288100,71.453529
2015-08-27,75.040001,76.220001,74.230003,75.660004,8537700,73.184974
2015-08-28,75.190002,76.019997,74.629997,75.949997,6649500,73.465481
2015-08-31,75.32,76.769997,74.900002,76.440002,7019600,73.939457
2015-09-01,74.5,75.940002,74.459999,74.900002,9053100,72.449834
2015-09-02,75.900002,76.160004,74.949997,76.099998,5325900,73.610576
2015-09-03,75.949997,76.010002,73.779999,74.449997,11077100,72.01455
2015-09-04,73.0,73.660004,72.349998,73.099998,12007300,70.708713
2015-09-08,74.580002,74.620003,73.559998,74.300003,5647800,71.869463
2015-09-09,75.0,75.199997,72.779999,72.959999,5859200,70.573294
2015-09-10,72.889999,73.309998,72.029999,72.419998,6109100,70.050958
2015-09-11,72.230003,72.919998,71.879997,72.629997,4413800,70.254087
2015-09-14,72.349998,72.889999,72.010002,72.769997,4231800,70.389507
2015-09-15,73.019997,74.739998,72.650002,74.580002,5109400,72.140302
2015-09-16,74.849998,75.870003,74.580002,75.639999,5225800,73.165624
2015-09-17,75.400002,75.68,73.910004,74.059998,7745000,71.637308
2015-09-18,73.330002,73.5,71.610001,71.860001,9260100,69.509279
2015-09-21,72.300003,72.839996,71.910004,72.160004,7594900,69.799468
2015-09-22,71.120003,71.800003,70.639999,71.68,5717300,69.335167
2015-09-23,71.669998,71.809998,70.160004,70.199997,4754300,67.903578
2015-09-24,66.199997,66.699997,64.650002,65.800003,22589600,63.647519
2015-09-25,65.0,65.769997,64.739998,64.980003,12365100,62.854344
2015-09-28,64.239998,64.32,62.990002,63.790001,12572000,61.703269
2015-09-29,63.650002,65.389999,63.599998,64.309998,8784400,62.206256
2015-09-30,64.949997,65.639999,64.150002,65.360001,7850300,63.22191
2015-10-01,65.629997,66.099998,63.610001,64.389999,7933000,62.28364
2015-10-02,63.790001,65.730003,63.099998,65.699997,8782700,63.550785
2015-10-05,66.690002,69.480003,66.519997,69.18,10661900,66.916948
2015-10-06,69.540001,71.150002,69.080002,70.82,9664100,68.503299
2015-10-07,71.360001,72.709999,69.150002,70.379997,8307700,68.07769
2015-10-08,70.32,72.18,69.849998,71.839996,6091600,69.489929
2015-10-09,71.839996,72.489998,70.860001,71.300003,5573500,68.9676
2015-10-12,71.510002,71.529999,70.32,70.5,4643500,68.193767
2015-10-13,69.959999,71.029999,69.260002,70.169998,4724800,67.874561
2015-10-14,70.110001,71.059998,69.57,70.709999,4042700,68.396897
2015-10-15,70.470001,70.919998,69.760002,70.830002,4547900,68.512974
2015-10-16,70.620003,70.830002,69.110001,69.68,7989400,67.400592
2015-10-19,69.25,69.470001,68.800003,69.269997,5712000,67.004001
2015-10-20,68.860001,71.190002,68.510002,70.269997,6385800,67.971288
2015-10-21,70.589996,71.900002,69.580002,69.669998,8679400,67.390917
2015-10-22,67.919998,72.830002,67.809998,70.879997,13909200,69.327548
2015-10-23,71.709999,72.43,70.660004,71.75,7942500,70.178496
2015-10-26,71.790001,72.300003,71.419998,71.519997,6254500,69.95353
2015-10-27,70.18,71.080002,68.339996,70.389999,8280500,68.848282
2015-10-28,70.75,72.110001,70.480003,71.970001,5486900,70.393678
2015-10-29,71.489998,72.57,71.279999,71.970001,4321300,70.393678
2015-10-30,72.269997,73.279999,71.629997,72.989998,7388700,71.391334
2015-11-02,73.0,74.639999,72.830002,74.339996,5876500,72.711764
2015-11-03,74.440002,75.32,74.199997,74.75,5006100,73.112788
2015-11-04,75.339996,75.93,74.330002,74.550003,5477800,72.917171
2015-11-05,74.650002,75.559998,73.209999,74.220001,6238900,72.594398
2015-11-06,73.419998,73.849998,72.330002,73.839996,5538600,72.222716
2015-11-09,73.43,73.610001,71.480003,71.889999,5914800,70.315429
2015-11-10,71.790001,72.580002,71.629997,72.43,4373800,70.843602
2015-11-11,72.540001,72.849998,71.82,71.910004,4190700,70.334995
2015-11-12,70.82,70.989998,68.410004,68.660004,8731700,67.156178
2015-11-13,68.699997,70.129997,68.5,69.629997,6429600,68.104926
2015-11-16,69.480003,70.620003,69.230003,70.389999,5167600,68.848282
2015-11-17,70.129997,70.360001,69.050003,69.389999,4812000,67.870185
2015-11-18,69.900002,70.449997,69.379997,70.32,3788300,68.779816
2015-11-19,69.5,70.110001,68.599998,70.019997,6296000,68.486384
2015-11-20,70.480003,71.209999,70.160004,71.139999,6495100,69.581855
2015-11-23,70.980003,71.900002,70.889999,71.019997,3847600,69.464481
2015-11-24,70.779999,71.709999,70.440002,71.400002,3846500,69.836163
2015-11-25,71.739998,71.889999,70.720001,71.489998,3493000,69.924188
2015-11-27,71.18,71.529999,70.699997,71.220001,1642100,69.660105
2015-11-30,71.330002,72.790001,71.150002,72.650002,5632900,71.058785
2015-12-01,72.330002,72.639999,70.849998,71.559998,6578400,69.992655
2015-12-02,71.199997,72.129997,70.620003,71.029999,5068200,69.474264
2015-12-03,71.150002,71.220001,69.370003,69.639999,8130800,68.114709
2015-12-04,69.360001,70.029999,68.800003,69.980003,5252000,68.447266
2015-12-07,68.68,68.730003,67.720001,68.360001,6805900,66.862746
2015-12-08,66.989998,67.160004,66.18,66.540001,6866300,65.082608
2015-12-09,66.300003,67.019997,65.160004,65.910004,8578000,64.46641
2015-12-10,65.980003,67.089996,65.910004,66.379997,5768700,64.926109
2015-12-11,65.379997,66.099998,64.480003,65.43,7572600,63.99692
2015-12-14,65.629997,66.18,64.730003,66.120003,7371100,64.671809
2015-12-15,65.459999,66.959999,65.239998,66.75,5989700,65.288008
2015-12-16,66.220001,67.879997,66.139999,67.720001,6747600,66.236764
2015-12-17,67.18,67.510002,64.879997,64.900002,6800000,63.478529
2015-12-18,64.599998,65.870003,64.099998,65.110001,13490900,63.683929
2015-12-21,65.589996,65.82,64.379997,65.239998,5311500,63.811079
2015-12-22,66.25,68.790001,66.110001,68.410004,9697200,66.911653
2015-12-23,69.589996,70.489998,68.989998,69.889999,7586300,68.359234
2015-12-24,69.75,69.900002,69.059998,69.379997,2322100,67.860402
2015-12-28,69.120003,69.18,68.029999,68.580002,3884000,67.077928
2015-12-29,69.220001,69.57,68.620003,69.190002,3539500,67.674568
2015-12-30,68.660004,69.629997,68.57,68.690002,3158500,67.18552
2015-12-31,68.449997,69.099998,67.940002,67.959999,4356400,66.471505
2016-01-04,66.879997,68.080002,65.720001,67.989998,8586900,66.500847
2016-01-05,68.379997,68.440002,66.419998,67.279999,6139100,65.806398
2016-01-06,65.980003,66.849998,65.620003,66.220001,6639300,64.769618
2016-01-07,65.080002,65.519997,63.66,63.939999,8601500,62.539553
2016-01-08,64.330002,64.529999,62.93,63.290001,8278500,61.903792
2016-01-11,63.669998,63.700001,60.849998,61.470001,9669400,60.123654
2016-01-12,62.439999,62.5,60.389999,61.599998,8593100,60.250804
2016-01-13,62.07,62.759998,60.389999,60.889999,7237300,59.556356
2016-01-14,61.240002,62.970001,60.380001,62.27,9241800,60.906132
2016-01-15,59.52,60.09,58.75,59.869999,12674500,59.291872
2016-01-19,60.259998,60.540001,58.48,59.029999,8501100,58.459983
2016-01-20,58.080002,59.380001,56.360001,58.810001,10857700,58.24211
2016-01-21,59.0,60.419998,58.25,59.689999,8798300,59.11361
2016-01-22,61.23,62.560001,60.599998,60.98,7815600,60.391154
2016-01-25,58.959999,59.349998,57.759998,57.91,10971500,57.350799
2016-01-26,58.400002,59.66,58.09,59.16,8141900,58.588729
2016-01-27,58.43,59.889999,57.459999,58.32,11013800,57.75684
2016-01-28,62.009998,62.450001,58.57,61.080002,13567000,60.490191
2016-01-29,61.689999,62.290001,60.759998,62.240002,8221000,61.638989
2016-02-01,61.970001,63.080002,61.380001,62.700001,5955700,62.094546
2016-02-02,61.279999,61.549999,60.48,60.669998,6282300,60.084146
2016-02-03,61.470001,63.599998,59.799999,63.27,8332100,62.659042
2016-02-04,63.599998,66.989998,63.599998,65.959999,12598000,65.323065
2016-02-05,65.669998,66.760002,65.18,66.120003,7463700,65.481524
2016-02-08,65.419998,65.639999,63.66,64.580002,6315500,63.956393
2016-02-09,63.900002,64.410004,63.119999,63.93,5638500,63.312669
2016-02-10,64.269997,64.379997,62.0,62.139999,5955400,61.539953
2016-02-11,60.91,62.310001,60.509998,61.41,7055000,60.817002
2016-02-12,61.990002,63.470001,61.82,63.150002,4297400,62.540202
2016-02-16,64.160004,65.550003,63.509998,65.209999,4819400,64.580307
2016-02-17,66.0,67.790001,65.720001,67.260002,7373800,66.610515
2016-02-18,67.150002,67.599998,65.139999,66.120003,6175500,65.481524
2016-02-19,64.919998,65.519997,64.080002,65.419998,4994900,64.788278
2016-02-22,65.419998,67.519997,65.419998,67.309998,5787700,66.660027
2016-02-23,67.110001,67.239998,65.699997,65.779999,5599400,65.144803
2016-02-24,64.699997,65.970001,63.07,65.879997,6439200,65.243836
2016-02-25,65.889999,66.470001,64.839996,66.470001,4277200,65.828142
2016-02-26,67.389999,68.0,66.449997,66.870003,4149800,66.224281
2016-02-29,67.139999,68.580002,66.489998,67.699997,8643200,67.046261
2016-03-01,68.440002,69.489998,67.339996,69.089996,4451600,68.422838
2016-03-02,68.75,69.93,68.209999,69.379997,4801300,68.710038
2016-03-03,69.620003,72.080002,69.389999,71.75,7172700,71.057155
2016-03-04,72.089996,73.959999,71.540001,72.839996,9521500,72.136626
2016-03-07,72.800003,75.730003,72.800003,74.769997,10740400,74.04799
2016-03-08,73.779999,74.110001,71.519997,71.730003,8748400,71.037352
2016-03-09,72.330002,72.699997,71.260002,71.870003,4907900,71.175999
2016-03-10,72.029999,72.029999,70.489998,71.360001,6352400,70.670922
2016-03-11,72.360001,73.099998,72.279999,72.800003,4787000,72.097019
2016-03-14,72.730003,73.440002,72.129997,72.730003,5060000,72.027696
2016-03-15,71.440002,72.470001,70.860001,72.440002,4674400,71.740495
2016-03-16,72.589996,74.510002,72.199997,74.339996,6641200,73.622142
2016-03-17,74.199997,76.300003,73.519997,75.900002,13316000,75.167083
2016-03-18,76.080002,76.940002,74.639999,75.470001,13750200,74.741235
2016-03-21,75.529999,76.349998,75.040001,75.889999,4315700,75.157178
2016-03-22,75.589996,76.080002,75.239998,75.550003,3625600,74.820464
2016-03-23,74.970001,75.120003,73.57,73.68,5352900,72.968519
2016-03-24,72.93,75.349998,72.730003,75.290001,7036100,74.562973
2016-03-28,75.150002,75.550003,74.459999,75.32,3425400,74.592682
2016-03-29,74.970001,76.050003,74.190002,76.010002,4085000,75.276021
2016-03-30,76.940002,77.25,76.010002,76.510002,4886800,75.771193
2016-03-31,76.300003,77.129997,76.239998,76.540001,4348700,75.800902
2016-04-01,75.650002,76.870003,74.669998,76.790001,4878300,76.048488
2016-04-04,76.559998,77.040001,75.419998,75.720001,4349500,74.988821
2016-04-05,75.32,75.849998,74.599998,75.239998,4386800,74.513453
2016-04-06,75.519997,75.57,73.699997,75.220001,4929800,74.493649
2016-04-07,74.489998,74.68,73.760002,74.169998,4800800,73.453785
2016-04-08,75.029999,75.25,74.0,74.349998,4911000,73.632047
2016-04-11,74.610001,75.779999,74.610001,74.629997,3904800,73.909342
2016-04-12,75.059998,76.739998,74.470001,76.099998,5129600,75.365149
2016-04-13,76.870003,79.160004,76.559998,79.129997,9365700,78.365889
2016-04-14,79.440002,79.720001,78.370003,79.050003,5372300,78.286667
2016-04-15,79.379997,79.779999,78.730003,79.169998,5508500,78.405503
2016-04-18,78.470001,79.870003,78.139999,79.25,4822200,78.484733
2016-04-19,79.989998,80.889999,79.459999,80.389999,6283500,79.613724
2016-04-20,80.25,80.599998,79.300003,79.739998,5356800,78.969999
2016-04-21,78.75,79.580002,78.190002,78.660004,6509100,78.660004
2016-04-22,78.93,79.18,77.199997,78.32,10099600,78.32
2016-04-25,78.5,78.860001,76.199997,76.790001,8079800,76.790001
2016-04-26,77.150002,77.739998,76.470001,77.650002,6052100,77.650002
2016-04-27,77.980003,78.889999,77.599998,78.68,4412700,78.68
2016-04-28,78.029999,79.169998,77.599998,77.75,4817400,77.75
2016-04-29,78.019997,79.0,77.32,77.720001,7665100,77.720001
2016-05-02,77.349998,78.07,76.620003,77.839996,3326100,77.839996
2016-05-03,76.849998,77.099998,75.580002,76.360001,4780900,76.360001
2016-05-04,76.18,76.309998,73.900002,74.239998,6867000,74.239998
2016-05-05,74.150002,74.599998,72.699997,72.790001,8064000,72.790001
2016-05-06,72.160004,73.419998,71.620003,73.360001,6933000,73.360001
2016-05-09,72.330002,72.629997,70.57,70.779999,9374600,70.779999
2016-05-10,70.779999,72.709999,70.589996,72.510002,6505300,72.510002
2016-05-11,72.849998,73.610001,72.360001,72.43,4583700,72.43
2016-05-12,72.919998,73.239998,71.18,71.699997,4431400,71.699997
2016-05-13,71.629997,71.779999,70.059998,70.07,6392700,70.07
2016-05-16,70.389999,71.699997,70.099998,70.699997,4500300,70.699997
2016-05-17,70.699997,72.18,70.449997,71.050003,4829600,71.050003
2016-05-18,70.620003,71.870003,70.080002,70.589996,5159800,70.589996
2016-05-19,69.93,70.120003,69.040001,69.43,6129700,69.43
2016-05-20,70.0,70.779999,69.75,69.870003,5517000,69.870003
2016-05-23,69.800003,70.949997,69.589996,70.400002,3992800,70.400002
2016-05-24,70.779999,71.25,70.25,71.089996,3838800,71.089996
2016-05-25,71.629997,72.699997,71.260002,72.57,5035400,72.57
2016-05-26,73.239998,73.589996,72.059998,72.080002,4110300,72.080002
2016-05-27,72.150002,72.199997,71.5,71.959999,2943900,71.959999
2016-05-31,72.029999,73.169998,71.949997,72.510002,4010200,72.510002
2016-06-01,71.980003,72.489998,71.269997,72.269997,2698600,72.269997
2016-06-02,72.599998,73.639999,72.279999,73.620003,4569300,73.620003
2016-06-03,73.650002,75.139999,73.099998,75.040001,6580100,75.040001
2016-06-06,75.360001,76.529999,75.110001,76.419998,4771600,76.419998
2016-06-07,76.529999,77.279999,76.440002,76.809998,4216100,76.809998
2016-06-08,77.5,78.699997,77.260002,78.110001,5509100,78.110001
2016-06-09,77.389999,77.5,76.639999,77.160004,3773700,77.160004
2016-06-10,76.32,76.559998,75.379997,76.029999,4854200,76.029999
2016-06-13,75.699997,76.339996,75.230003,75.230003,4050800,75.230003
