Date,Open_FOX,High_FOX,Low_FOX,Close_FOX,Volume_FOX,AdjClose_FOX
2013-06-14,31.319993,31.730005,31.139994,31.41,8157700,27.018468
2013-06-17,31.430002,31.769999,31.289996,31.380001,4609800,26.992663
2013-06-18,31.269994,32.179998,31.059996,31.710001,6353100,27.276524
2013-06-19,32.090004,32.76,31.919999,32.339993,7739300,27.818435
2013-06-20,32.140002,32.289994,31.289996,31.480003,7146900,27.078683
2013-06-21,31.689999,31.829994,31.289996,31.660002,5801600,27.233516
2013-06-24,31.439997,31.589999,30.990004,31.380001,6113200,26.992663
2013-06-25,31.699996,31.899997,31.519996,31.719998,3242300,27.285123
2013-06-26,32.029995,32.379999,31.829994,32.35,4033500,27.827043
2013-06-27,32.609999,33.279995,32.53,32.949996,4202200,28.343151
2013-06-28,32.680002,33.09,32.669995,32.819995,3557100,28.231327
2013-07-01,29.1,29.870001,28.5,29.530001,1122000,28.754291
2013-07-02,29.809999,29.870001,29.27,29.34,1503500,28.569281
2013-07-03,29.379999,29.83,28.93,29.75,719000,28.968511
2013-07-05,30.639999,30.65,30.02,30.32,1619000,29.523538
2013-07-08,30.280001,30.629999,30.18,30.41,1998100,29.611173
2013-07-09,30.620001,30.620001,30.030001,30.200001,1436200,29.406691
2013-07-10,30.299999,30.4,29.73,30.059999,2030200,29.270367
2013-07-11,30.059999,30.52,29.9,30.08,1774000,29.289842
2013-07-12,30.07,30.379999,30.040001,30.290001,1585600,29.494327
2013-07-15,30.4,30.4,30.049999,30.15,1247200,29.358003
2013-07-16,30.25,30.459999,30.15,30.309999,1031100,29.5138
2013-07-17,30.35,30.49,30.059999,30.309999,1079900,29.5138
2013-07-18,30.280001,31.23,30.25,31.030001,2332500,30.214888
2013-07-19,30.870001,31.129999,30.65,30.77,1269600,29.961717
2013-07-22,31.18,31.200001,30.610001,30.879999,979400,30.068827
2013-07-23,30.870001,31.02,30.610001,30.84,3348000,30.029878
2013-07-24,30.75,30.969999,30.309999,30.48,1720800,29.679334
2013-07-25,30.26,30.530001,30.16,30.450001,866700,29.650124
2013-07-26,30.18,30.5,30.18,30.48,1077200,29.679334
2013-07-29,30.450001,30.450001,29.870001,29.99,1147600,29.202206
2013-07-30,29.969999,30.209999,29.530001,29.530001,2256500,28.754291
2013-07-31,29.73,30.219999,29.6,29.99,1927100,29.202206
2013-08-01,30.34,30.73,30.209999,30.67,855100,29.864344
2013-08-02,30.73,31.58,30.65,31.540001,1977800,30.711491
2013-08-05,31.540001,32.099998,31.299999,31.389999,1571500,30.56543
2013-08-06,31.49,31.65,31.15,31.290001,1619900,30.468058
2013-08-07,31.620001,32.849998,31.5,31.82,5071900,30.984135
2013-08-08,31.879999,33.880001,31.799999,32.830002,4525900,31.967606
2013-08-09,32.849998,33.189999,32.700001,32.799999,1063300,31.938391
2013-08-12,32.689999,32.869999,32.59,32.709999,939200,31.850755
2013-08-13,32.73,32.75,32.369999,32.540001,850100,31.685223
2013-08-14,32.560001,32.759998,32.200001,32.349998,1536300,31.500211
2013-08-15,32.040001,32.16,31.610001,31.950001,1202600,31.110721
2013-08-16,32.139999,32.27,31.889999,32.060001,660600,31.217832
2013-08-19,32.119999,32.119999,31.51,31.540001,945400,30.711491
2013-08-20,31.57,32.049999,31.5,31.99,512900,31.149669
2013-08-21,31.73,32.0,31.51,31.540001,838900,30.711491
2013-08-22,31.65,32.25,31.52,32.150002,1161200,31.305468
2013-08-23,32.23,32.400002,32.099998,32.25,1807900,31.40284
2013-08-26,32.240002,32.599998,32.09,32.18,930200,31.334679
2013-08-27,31.83,31.99,31.469999,31.65,1564400,30.8186
2013-08-28,31.73,31.870001,31.33,31.66,1365100,30.828338
2013-08-29,31.41,31.92,31.370001,31.51,1525000,30.682278
2013-08-30,31.6,31.73,31.18,31.389999,1326600,30.56543
2013-09-03,32.380001,32.389999,31.67,31.790001,2642000,30.954924
2013-09-04,31.74,32.220001,31.66,32.029999,1049000,31.188617
2013-09-05,31.969999,32.189999,31.809999,32.009998,667800,31.169142
2013-09-06,32.23,32.41,31.48,32.16,1516800,31.315204
2013-09-09,32.040001,32.43,31.82,32.169998,1253900,31.447167
2013-09-10,32.41,32.459999,32.130001,32.25,555500,31.525371
2013-09-11,32.330002,32.650002,32.290001,32.509998,976200,31.779528
2013-09-12,32.59,32.59,32.189999,32.34,886100,31.613349
2013-09-13,32.5,32.68,32.139999,32.650002,922200,31.916385
2013-09-16,33.240002,33.330002,32.57,32.639999,1160900,31.906608
2013-09-17,32.799999,32.810001,32.490002,32.599998,1403900,31.867506
2013-09-18,32.5,33.02,32.330002,32.77,978200,32.033688
2013-09-19,32.91,32.919998,32.450001,32.82,851200,32.082564
2013-09-20,32.77,33.290001,32.77,33.0,1469900,32.25852
2013-09-23,33.240002,33.240002,32.68,32.73,1372000,31.994586
2013-09-24,32.830002,32.919998,32.509998,32.549999,1130500,31.81863
2013-09-25,32.389999,32.779999,32.27,32.66,1321900,31.926159
2013-09-26,32.740002,33.02,32.73,32.990002,1042200,32.248746
2013-09-27,32.900002,33.419998,32.860001,33.27,1784700,32.522453
2013-09-30,33.110001,33.529999,32.860001,33.400002,1498500,32.649533
2013-10-01,33.380001,34.040001,33.060001,33.939999,2066300,33.177397
2013-10-02,33.889999,33.939999,33.529999,33.639999,2102200,32.884139
2013-10-03,33.580002,33.709999,32.98,33.169998,2516100,32.424698
2013-10-04,33.27,33.669998,33.02,33.59,2236700,32.835263
2013-10-07,33.139999,33.470001,33.009998,33.029999,893400,32.287844
2013-10-08,33.049999,33.119999,32.369999,32.419998,1092900,31.69155
2013-10-09,32.619999,32.619999,31.98,32.18,2982800,31.456945
2013-10-10,32.450001,32.93,32.310001,32.779999,1698200,32.043462
2013-10-11,32.509998,33.150002,32.509998,33.150002,1319500,32.405151
2013-10-14,33.040001,33.669998,32.82,33.580002,1065500,32.825489
2013-10-15,33.389999,33.639999,33.299999,33.349998,1243200,32.600654
2013-10-16,33.68,34.02,33.59,33.91,1664700,33.148073
2013-10-17,33.860001,34.279999,33.720001,34.23,1701400,33.460882
2013-10-18,34.380001,34.470001,34.169998,34.209999,1369200,33.441331
2013-10-21,34.060001,34.459999,34.060001,34.25,1459500,33.480433
2013-10-22,34.52,34.849998,34.290001,34.740002,1123500,33.959425
2013-10-23,34.599998,34.740002,34.32,34.509998,1960000,33.73459
2013-10-24,34.299999,34.900002,34.299999,34.849998,2041700,34.06695
2013-10-25,34.880001,35.040001,34.529999,34.639999,1467200,33.86167
2013-10-28,34.650002,34.810001,34.52,34.619999,1445000,33.842119
2013-10-29,34.490002,34.709999,34.32,34.580002,1164800,33.80302
2013-10-30,34.599998,34.740002,33.59,33.84,3214500,33.079646
2013-10-31,34.0,34.34,33.869999,34.02,2316400,33.255602
2013-11-01,34.0,34.369999,33.98,34.220001,1430400,33.451108
2013-11-04,34.470001,34.470001,33.779999,34.02,920800,33.255602
2013-11-05,33.689999,33.91,33.380001,33.869999,1505400,33.10897
2013-11-06,34.209999,35.189999,33.57,33.759998,2044100,33.001441
2013-11-07,33.77,33.889999,32.540001,32.68,2416500,31.94571
2013-11-08,32.91,33.639999,32.77,33.610001,2432700,32.854814
2013-11-11,33.470001,33.529999,33.169998,33.240002,723000,32.493129
2013-11-12,33.080002,33.130001,32.599998,32.93,1616300,32.190093
2013-11-13,32.82,33.41,32.619999,33.360001,1243700,32.610431
2013-11-14,33.189999,34.02,33.189999,33.790001,1634000,33.03077
2013-11-15,33.849998,34.049999,33.66,33.849998,941500,33.089419
2013-11-18,33.939999,33.939999,33.25,33.419998,1011900,32.669081
2013-11-19,33.209999,33.490002,32.91,32.959999,1291800,32.219417
2013-11-20,32.939999,33.330002,32.68,32.82,1000200,32.082564
2013-11-21,32.889999,33.169998,32.790001,32.889999,1363800,32.150991
2013-11-22,32.98,33.099998,32.82,32.959999,1616400,32.219417
2013-11-25,32.959999,33.16,32.669998,32.720001,1353500,31.984812
2013-11-26,32.549999,32.950001,32.470001,32.66,1528400,31.926159
2013-11-27,32.82,32.93,32.580002,32.869999,1749700,32.13144
2013-11-29,33.110001,33.290001,32.799999,33.029999,1012900,32.287844
2013-12-02,32.950001,33.200001,32.860001,32.98,1731900,32.238969
2013-12-03,32.740002,33.02,32.43,32.75,1008200,32.014137
2013-12-04,32.869999,32.869999,32.169998,32.330002,1367800,31.603576
2013-12-05,32.169998,32.290001,31.93,31.959999,1460600,31.241887
2013-12-06,32.599998,32.599998,31.85,32.16,3258400,31.437393
2013-12-09,32.240002,32.349998,31.959999,32.09,3061100,31.368967
2013-12-10,31.93,32.439999,31.93,32.310001,2515900,31.584025
2013-12-11,32.25,32.389999,31.690001,31.74,1469800,31.02683
2013-12-12,31.18,31.85,31.18,31.65,3564400,30.938853
2013-12-13,31.469999,32.25,31.42,32.080002,4289100,31.359193
2013-12-16,31.84,32.189999,31.84,32.009998,3452000,31.290762
2013-12-17,31.959999,32.029999,31.58,31.950001,3228000,31.232113
2013-12-18,32.34,32.650002,31.780001,32.59,2323500,31.857732
2013-12-19,32.650002,33.310001,32.5,33.220001,2991500,32.473578
2013-12-20,33.41,33.84,33.310001,33.580002,1594500,32.825489
2013-12-23,33.41,33.959999,33.27,33.919998,1363000,33.157846
2013-12-24,34.130001,34.18,33.84,34.139999,491900,33.372904
2013-12-26,33.91,34.48,33.91,34.400002,1809800,33.627064
2013-12-27,34.5,34.540001,34.27,34.369999,7614300,33.597736
2013-12-30,34.299999,34.66,34.110001,34.439999,1961600,33.666163
2013-12-31,34.59,34.650002,34.419998,34.599998,1922600,33.822568
2014-01-02,34.580002,35.18,34.450001,35.040001,1978500,34.252684
2014-01-03,35.080002,35.119999,34.630001,34.66,1066700,33.881221
2014-01-06,34.470001,34.740002,34.259998,34.27,1660900,33.499984
2014-01-07,34.290001,34.650002,34.259998,34.369999,1465600,33.597736
2014-01-08,34.490002,34.490002,33.73,33.799999,1549200,33.040544
2014-01-09,32.57,33.049999,32.450001,32.59,16683000,31.857732
2014-01-10,32.5,32.889999,32.240002,32.84,9104700,32.102115
2014-01-13,32.509998,32.830002,31.82,31.93,8806600,31.212562
2014-01-14,31.879999,31.940001,31.4,31.83,4435400,31.114808
2014-01-15,31.790001,32.330002,31.629999,31.98,6884200,31.261438
2014-01-16,31.85,32.049999,31.690001,31.82,3888000,31.105033
2014-01-17,31.639999,31.83,31.4,31.459999,4310000,30.753121
2014-01-21,31.360001,31.459999,31.09,31.24,6552400,30.538065
2014-01-22,31.15,31.67,31.1,31.360001,5141600,30.65537
2014-01-23,31.040001,31.309999,30.940001,31.030001,4869900,30.332784
2014-01-24,30.719999,30.92,30.540001,30.690001,4141000,30.000424
2014-01-27,30.6,30.83,30.32,30.549999,3327700,29.863568
2014-01-28,30.290001,30.92,30.26,30.67,5160800,29.980873
2014-01-29,30.17,30.73,30.02,30.209999,5524300,29.531207
2014-01-30,30.389999,31.700001,30.389999,31.309999,8396000,30.606492
2014-01-31,30.76,31.51,30.75,31.24,7007600,30.538065
2014-02-03,31.23,31.32,30.23,30.459999,6073700,29.77559
2014-02-04,30.59,31.309999,30.530001,31.040001,5847000,30.34256
2014-02-05,30.5,31.26,30.35,31.15,5213800,30.450087
2014-02-06,30.870001,32.119999,30.629999,31.57,5960000,30.86065
2014-02-07,31.51,31.76,31.26,31.57,4940100,30.86065
2014-02-10,31.74,31.74,31.280001,31.440001,2695500,30.733572
2014-02-11,31.23,31.68,31.16,31.51,3112700,30.801999
2014-02-12,31.27,31.91,31.27,31.809999,6823200,31.095257
2014-02-13,31.66,32.029999,31.440001,31.58,4912100,30.870426
2014-02-14,31.67,32.040001,31.530001,31.83,2598500,31.114808
2014-02-18,32.119999,32.349998,31.91,32.139999,4655700,31.417842
2014-02-19,31.950001,32.189999,31.879999,31.889999,3972800,31.17346
2014-02-20,31.85,31.98,31.450001,31.799999,4463000,31.085482
2014-02-21,32.0,32.290001,31.780001,32.130001,3184900,31.408069
2014-02-24,32.049999,32.68,32.049999,32.299999,2565500,31.574247
2014-02-25,32.310001,32.490002,32.130001,32.23,2675200,31.50582
2014-02-26,32.34,32.369999,31.940001,31.950001,3658200,31.232113
2014-02-27,31.82,32.18,31.82,32.119999,2685400,31.398291
2014-02-28,32.32,32.740002,32.189999,32.549999,3518000,31.81863
2014-03-03,32.459999,32.549999,31.9,32.09,2074600,31.368967
2014-03-04,32.5,32.860001,32.34,32.759998,3713200,32.023911
2014-03-05,32.599998,33.310001,32.459999,33.029999,2505800,32.287844
2014-03-06,33.209999,33.669998,33.02,33.459999,3214800,32.708183
2014-03-07,33.75,33.759998,33.099998,33.139999,3242000,32.395373
2014-03-10,33.02,33.220001,32.720001,32.939999,2830000,32.32178
2014-03-11,32.799999,32.869999,32.110001,32.279999,4401600,31.674167
2014-03-12,32.240002,32.310001,31.940001,32.060001,3823800,31.458299
2014-03-13,32.330002,32.330002,31.4,31.450001,3271300,30.859747
2014-03-14,31.51,31.790001,31.35,31.639999,2529700,31.046179
2014-03-17,31.879999,32.09,31.66,31.799999,3332700,31.203176
2014-03-18,31.809999,32.41,31.66,32.240002,3796400,31.634921
2014-03-19,32.189999,32.360001,31.889999,32.0,4756800,31.399424
2014-03-20,31.85,32.07,31.639999,31.799999,6854600,31.203176
2014-03-21,32.330002,32.470001,31.809999,31.83,4422400,31.232614
2014-03-24,32.009998,32.009998,31.35,31.48,2956700,30.889183
2014-03-25,31.709999,31.860001,31.389999,31.639999,4081200,31.046179
2014-03-26,31.860001,32.080002,31.299999,31.299999,2934100,30.71256
2014-03-27,31.549999,31.549999,30.91,30.969999,3967200,30.388754
2014-03-28,31.139999,31.139999,30.5,30.719999,5060600,30.143446
2014-03-31,30.76,31.309999,30.76,31.120001,2933800,30.53594
2014-04-01,31.25,32.080002,31.059999,32.049999,8187100,31.448484
2014-04-02,30.280001,32.709999,30.280001,32.52,10749400,31.909665
2014-04-03,32.59,33.060001,32.279999,32.759998,9344700,32.145158
2014-04-04,33.099998,33.240002,32.119999,32.189999,9031400,31.585856
2014-04-07,31.940001,32.16,30.67,31.18,5427100,30.594814
2014-04-08,31.01,31.790001,30.889999,31.65,4161300,31.055992
2014-04-09,31.780001,32.34,31.559999,32.299999,5618100,31.693792
2014-04-10,32.259998,32.400002,31.4,31.540001,3889800,30.948058
2014-04-11,31.459999,31.469999,30.799999,31.01,5868400,30.428004
2014-04-14,31.35,31.35,30.889999,31.09,5019900,30.506503
2014-04-15,31.02,31.200001,30.370001,30.77,4559900,30.192509
2014-04-16,31.09,31.34,30.870001,31.32,3298800,30.732186
2014-04-17,31.139999,31.809999,31.040001,31.690001,6970700,31.095242
2014-04-21,31.870001,31.879999,31.370001,31.700001,3181500,31.105055
2014-04-22,31.780001,32.299999,31.73,31.99,5220500,31.389611
2014-04-23,31.92,32.130001,31.709999,31.9,5190400,31.3013
2014-04-24,31.93,32.049999,31.709999,32.029999,3835800,31.428859
2014-04-25,31.950001,32.0,31.700001,31.780001,3152500,31.183553
2014-04-28,32.0,32.0,30.58,31.030001,7632100,30.447629
2014-04-29,31.32,31.34,30.889999,31.290001,4518900,30.70275
2014-04-30,31.08,31.52,30.950001,31.32,10774000,30.732186
2014-05-01,31.25,31.860001,31.15,31.690001,7124400,31.095242
2014-05-02,31.799999,31.9,31.440001,31.780001,3595500,31.183553
2014-05-05,31.74,32.040001,31.4,32.0,3148900,31.399424
2014-05-06,31.85,32.040001,31.559999,31.66,3199100,31.065805
2014-05-07,31.709999,31.860001,31.09,31.4,6472300,30.810684
2014-05-08,31.940001,33.77,31.9,33.48,10812800,32.851646
2014-05-09,33.439999,33.529999,32.720001,33.450001,5990900,32.822211
2014-05-12,33.560001,34.82,33.560001,34.34,5476200,33.695507
2014-05-13,34.459999,34.48,33.959999,34.07,2050600,33.430574
2014-05-14,33.689999,34.02,33.349998,33.459999,2938700,32.832021
2014-05-15,33.59,33.59,32.509998,33.259998,2964800,32.635774
2014-05-16,33.060001,33.299999,32.77,33.200001,3210200,32.576903
2014-05-19,33.259998,33.330002,33.0,33.279999,3350400,32.655399
2014-05-20,33.16,33.549999,33.110001,33.259998,4136300,32.635774
2014-05-21,33.43,33.75,33.389999,33.720001,3638000,33.087144
2014-05-22,33.740002,33.84,33.529999,33.630001,2904700,32.998833
2014-05-23,33.599998,34.080002,33.470001,34.040001,2397500,33.401138
2014-05-27,34.040001,34.32,33.669998,33.810001,5308200,33.175455
2014-05-28,33.720001,34.240002,33.619999,34.16,4735300,33.518885
2014-05-29,34.16,34.509998,34.119999,34.5,5098400,33.852504
2014-05-30,34.810001,34.810001,34.279999,34.459999,3662000,33.813253
2014-06-02,34.549999,34.639999,34.330002,34.619999,4013500,33.97025
2014-06-03,34.389999,34.689999,34.32,34.41,2183600,33.764193
2014-06-04,34.18,34.650002,34.18,34.52,3066400,33.872129
2014-06-05,34.52,35.139999,34.400002,35.099998,3258700,34.441241
2014-06-06,35.099998,35.310001,34.849998,35.07,3861200,34.411806
2014-06-09,35.049999,35.459999,35.049999,35.360001,3313800,34.696364
2014-06-10,35.049999,35.43,34.889999,35.049999,4313400,34.39218
2014-06-11,35.18,35.34,34.799999,35.02,3251900,34.362745
2014-06-12,35.09,35.119999,34.220001,34.310001,3830900,33.666071
2014-06-13,35.439999,35.650002,33.939999,34.389999,2439300,33.744567
2014-06-16,34.139999,34.759998,33.98,34.48,3204700,33.832878
2014-06-17,34.5,34.740002,34.200001,34.389999,3835100,33.744567
2014-06-18,34.5,34.549999,34.18,34.330002,5080100,33.685696
2014-06-19,34.299999,34.490002,34.040001,34.200001,2167700,33.558135
2014-06-20,34.25,34.25,33.509998,33.57,5857800,32.939958
2014-06-23,33.77,33.799999,33.459999,33.529999,4288100,32.900707
2014-06-24,33.450001,33.73,33.299999,33.360001,3525800,32.7339
2014-06-25,33.41,34.189999,33.18,34.080002,5736700,33.440388
2014-06-26,33.900002,34.48,33.720001,34.220001,2843400,33.57776
2014-06-27,33.540001,34.57,32.580002,34.34,2059800,33.695507
2014-06-30,34.419998,34.639999,34.169998,34.23,1813100,33.58757
2014-07-01,34.200001,34.450001,33.889999,34.330002,3324600,33.685696
2014-07-02,34.509998,34.740002,34.189999,34.669998,4019300,34.019311
2014-07-03,34.599998,35.169998,34.560001,35.139999,1462200,34.480491
2014-07-07,35.16,35.16,34.57,34.630001,2873300,33.980065
2014-07-08,34.639999,34.689999,33.950001,34.099998,3842600,33.460009
2014-07-09,34.310001,34.889999,34.130001,34.830002,2302400,34.176312
2014-07-10,34.630001,34.799999,34.419998,34.619999,1679700,33.97025
2014-07-11,34.84,34.849998,34.189999,34.5,2798600,33.852504
2014-07-14,34.860001,34.91,34.389999,34.419998,2415400,33.774003
2014-07-15,34.84,34.84,33.779999,34.16,3443900,33.518885
2014-07-16,34.34,34.34,32.169998,32.57,37898700,31.958726
2014-07-17,32.369999,32.759998,32.25,32.459999,29960700,31.850789
2014-07-18,32.549999,32.810001,32.290001,32.759998,13897700,32.145158
2014-07-21,32.540001,32.619999,32.240002,32.490002,6445400,31.880229
2014-07-22,32.669998,32.869999,32.5,32.720001,5221900,32.105912
2014-07-23,32.490002,32.650002,32.169998,32.25,9468200,31.644732
2014-07-24,32.400002,32.669998,32.209999,32.57,9521900,31.958726
2014-07-25,32.619999,33.16,32.5,32.57,7643200,31.958726
2014-07-28,32.630001,32.630001,32.169998,32.25,7059200,31.644732
2014-07-29,32.459999,32.459999,32.0,32.029999,7922300,31.428859
2014-07-30,32.02,32.310001,31.75,31.969999,8201700,31.369986
2014-07-31,31.879999,32.110001,31.66,31.66,6520700,31.065805
2014-08-01,31.700001,32.049999,31.5,31.870001,6296900,31.271864
2014-08-04,31.860001,31.99,31.35,31.370001,3294800,30.781248
2014-08-05,31.370001,31.58,31.0,31.030001,4174500,30.447629
2014-08-06,32.380001,32.650002,31.57,31.67,10405200,31.075617
2014-08-07,33.68,34.110001,32.990002,33.080002,9004700,32.459156
2014-08-08,33.18,33.57,32.869999,33.549999,3964500,32.920332
2014-08-11,33.52,34.009998,33.349998,33.68,4019000,33.047894
2014-08-12,33.540001,34.16,33.540001,34.009998,3265600,33.371698
2014-08-13,33.959999,34.310001,33.950001,34.240002,2592100,33.597385
2014-08-14,34.139999,34.630001,34.130001,34.619999,2689300,33.97025
2014-08-15,34.66,34.919998,34.560001,34.720001,2861500,34.068376
2014-08-18,35.0,35.040001,34.700001,34.869999,1380800,34.215558
2014-08-19,35.060001,35.060001,34.529999,34.73,3960000,34.078186
2014-08-20,35.02,35.080002,34.450001,34.619999,3470600,33.97025
2014-08-21,34.98,35.029999,34.439999,34.650002,2291300,33.99969
2014-08-22,34.630001,34.880001,34.490002,34.700001,1040900,34.048751
2014-08-25,34.75,34.889999,34.369999,34.549999,1383900,33.901564
2014-08-26,34.740002,34.759998,34.450001,34.52,1452700,33.872129
2014-08-27,34.400002,34.84,34.400002,34.830002,2158200,34.176312
2014-08-28,34.810001,34.810001,34.580002,34.599998,2068500,33.950625
2014-08-29,34.540001,34.599998,34.259998,34.439999,3337900,33.793628
2014-09-02,34.400002,34.970001,34.400002,34.93,2698000,34.274434
2014-09-03,34.919998,35.310001,34.869999,35.279999,2777800,34.617863
2014-09-04,35.200001,35.540001,35.099998,35.130001,2916700,34.470681
2014-09-05,35.040001,35.32,35.02,35.110001,2476500,34.451056
2014-09-08,35.139999,35.310001,34.84,34.900002,1717400,34.367355
2014-09-09,34.950001,34.950001,34.490002,34.66,2179900,34.131017
2014-09-10,34.580002,34.709999,34.380001,34.5,3579800,33.973459
2014-09-11,34.5,34.73,34.119999,34.259998,4279600,33.73712
2014-09-12,34.369999,34.389999,33.98,34.09,3403300,33.569716
2014-09-15,33.830002,34.060001,33.549999,33.919998,3192000,33.402309
2014-09-16,33.919998,34.07,33.610001,33.740002,1804700,33.22506
2014-09-17,33.810001,33.919998,33.52,33.610001,2032600,33.097043
2014-09-18,33.529999,33.93,33.529999,33.93,2008000,33.412158
2014-09-19,34.02,34.34,33.860001,34.130001,3285100,33.609107
2014-09-22,34.099998,34.099998,33.400002,33.490002,3079200,32.978875
2014-09-23,33.509998,33.549999,33.200001,33.200001,2956200,32.6933
2014-09-24,33.220001,33.5,33.060001,33.459999,2214400,32.94933
2014-09-25,33.509998,33.549999,32.759998,32.77,2385000,32.269863
2014-09-26,32.689999,33.450001,32.68,33.400002,1554600,32.890248
2014-09-29,33.07,33.450001,33.07,33.25,2666100,32.742536
2014-09-30,33.380001,33.580002,33.130001,33.310001,1538700,32.801622
2014-10-01,33.150002,33.259998,32.650002,32.860001,2713800,32.358489
2014-10-02,32.900002,32.91,31.57,32.369999,7166200,31.875966
2014-10-03,32.740002,33.18,32.380001,33.029999,1835900,32.525893
2014-10-06,33.130001,33.23,32.93,32.98,1751500,32.476657
2014-10-07,32.970001,32.970001,32.630001,32.689999,1870200,32.191082
2014-10-08,32.700001,33.16,32.470001,33.110001,1721600,32.604674
2014-10-09,33.16,33.16,32.18,32.200001,3306900,31.708562
2014-10-10,32.110001,32.41,31.34,31.34,4199400,30.861687
2014-10-13,31.26,31.610001,30.690001,30.709999,11018600,30.241301
2014-10-14,30.9,31.360001,30.84,30.959999,4336400,30.487485
2014-10-15,30.469999,31.23,30.110001,30.870001,4764600,30.398861
2014-10-16,30.5,31.799999,30.25,31.559999,5342500,31.078329
2014-10-17,31.969999,32.049999,31.48,31.639999,4736800,31.157108
2014-10-20,31.66,32.880001,31.469999,31.959999,2411900,31.472223
2014-10-21,32.09,32.639999,31.9,32.540001,3296200,32.043373
2014-10-22,32.82,32.830002,31.530001,31.639999,4737700,31.157108
2014-10-23,31.889999,32.439999,31.889999,32.380001,5928400,31.885815
2014-10-24,32.459999,32.490002,32.099998,32.240002,4251200,31.747953
2014-10-27,32.0,32.650002,32.0,32.650002,4439400,32.151695
2014-10-28,32.43,33.18,32.43,33.110001,3975000,32.604674
2014-10-29,33.110001,33.369999,32.959999,33.110001,2161200,32.604674
2014-10-30,32.860001,33.349998,32.810001,33.290001,4932600,32.781927
2014-10-31,33.650002,34.32,33.07,33.169998,3045500,32.663755
2014-11-03,33.049999,33.560001,32.900002,33.110001,2419200,32.604674
2014-11-04,32.77,32.91,31.41,31.99,5900900,31.501766
2014-11-05,32.970001,33.450001,32.580002,33.41,6531400,32.900094
2014-11-06,33.959999,34.16,33.299999,33.93,5377000,33.412158
2014-11-07,33.830002,33.849998,33.139999,33.240002,3875600,32.732691
2014-11-10,33.119999,33.369999,32.959999,33.290001,3825800,32.781927
2014-11-11,33.220001,33.439999,33.119999,33.389999,2429900,32.880399
2014-11-12,33.709999,33.709999,33.029999,33.189999,1882200,32.683451
2014-11-13,32.580002,33.59,32.580002,33.549999,1591600,33.037957
2014-11-14,33.610001,33.799999,33.240002,33.709999,2143300,33.195515
2014-11-17,33.790001,34.139999,33.52,33.82,3021200,33.303837
2014-11-18,33.82,33.939999,33.509998,33.77,2536800,33.2546
2014-11-19,33.610001,33.810001,33.41,33.66,3314500,33.146279
2014-11-20,33.400002,33.799999,33.200001,33.799999,2931300,33.284141
2014-11-21,34.07,34.119999,33.689999,33.950001,3620000,33.431854
2014-11-24,33.900002,34.48,33.860001,34.450001,4903600,33.924223
2014-11-25,34.470001,35.279999,34.470001,35.150002,5172300,34.61354
2014-11-26,35.0,35.150002,34.830002,34.860001,4892100,34.327965
2014-11-28,34.77,35.389999,34.560001,35.360001,1469800,34.820334
2014-12-01,35.299999,35.75,34.91,35.720001,7401000,35.17484
2014-12-02,35.689999,36.009998,35.48,35.790001,2902800,35.243772
2014-12-03,36.0,36.0,35.52,35.669998,3108300,35.1256
2014-12-04,35.52,36.290001,35.52,36.150002,5713900,35.598278
2014-12-05,36.299999,36.57,35.990002,36.52,5101300,35.96263
2014-12-08,36.380001,36.669998,36.110001,36.189999,4445700,35.637664
2014-12-09,36.119999,36.119999,35.52,35.759998,4692200,35.214227
2014-12-10,35.529999,35.880001,35.509998,35.610001,3324900,35.066518
2014-12-11,35.849998,36.110001,35.599998,35.75,2767700,35.204381
2014-12-12,35.610001,35.84,35.18,35.459999,2961900,34.918806
2014-12-15,35.599998,35.77,35.080002,35.16,5611700,34.623386
2014-12-16,35.189999,35.669998,34.810001,34.830002,5216300,34.298424
2014-12-17,35.16,35.959999,34.959999,35.799999,4302000,35.253617
2014-12-18,35.959999,36.400002,35.919998,36.400002,2961400,35.844462
2014-12-19,36.5,37.16,36.5,37.060001,23317500,36.494389
2014-12-22,37.220001,37.490002,36.970001,37.490002,3312200,36.917827
2014-12-23,37.77,37.830002,37.279999,37.310001,3396800,36.740574
2014-12-24,37.419998,37.509998,37.240002,37.330002,847800,36.760269
2014-12-26,37.43,37.52,37.259998,37.32,2386600,36.750419
2014-12-29,37.209999,37.529999,37.119999,37.490002,2764300,36.917827
2014-12-30,37.400002,37.400002,36.950001,37.18,2326500,36.612557
2014-12-31,37.119999,37.439999,36.860001,36.889999,1987900,36.326982
2015-01-02,36.98,37.16,36.299999,36.52,1890200,35.96263
2015-01-05,36.5,36.5,35.700001,35.77,1849800,35.224076
2015-01-06,35.91,35.919998,35.119999,35.27,1921700,34.731707
2015-01-07,35.369999,35.389999,33.75,33.959999,7584100,33.441699
2015-01-08,34.049999,34.389999,34.0,34.119999,7752400,33.599257
2015-01-09,34.189999,34.310001,33.799999,33.84,2404600,33.323532
2015-01-12,33.82,34.32,33.330002,33.810001,3949400,33.293991
2015-01-13,34.040001,34.540001,33.349998,33.560001,5092300,33.047806
2015-01-14,33.310001,33.560001,32.93,33.299999,3863600,32.791772
2015-01-15,33.290001,33.580002,32.880001,33.119999,1865800,32.614519
2015-01-16,33.209999,33.689999,33.029999,33.59,3170900,33.077347
2015-01-20,33.650002,33.799999,32.68,32.779999,3852500,32.279708
2015-01-21,32.720001,32.849998,32.41,32.650002,3485400,32.151695
2015-01-22,32.869999,33.490002,32.68,33.389999,3847400,32.880399
2015-01-23,33.57,33.68,32.889999,33.240002,2082400,32.732691
2015-01-26,33.009998,33.439999,32.889999,33.419998,1246900,32.90994
2015-01-27,33.080002,33.330002,32.880001,32.990002,1735800,32.486506
2015-01-28,32.93,33.150002,32.299999,32.349998,2270900,31.856271
2015-01-29,32.290001,32.75,31.950001,32.57,2281600,32.072914
2015-01-30,32.360001,32.389999,31.76,31.85,2344100,31.363904
2015-02-02,31.889999,32.52,31.530001,32.459999,2337000,31.964592
2015-02-03,34.009998,34.009998,32.5,33.330002,2628900,32.821317
2015-02-04,33.330002,33.810001,32.939999,33.43,4192700,32.919789
2015-02-05,31.77,32.130001,31.5,31.780001,9934400,31.294972
2015-02-06,31.950001,32.830002,31.74,32.57,5305900,32.072914
2015-02-09,32.560001,33.18,32.32,33.0,4133500,32.496352
2015-02-10,33.16,33.450001,32.849998,33.259998,4622300,32.752382
2015-02-11,33.099998,33.580002,33.009998,33.57,7070400,33.057652
2015-02-12,33.66,33.759998,33.16,33.32,2616900,32.811468
2015-02-13,33.740002,33.860001,33.299999,33.66,3241300,33.146279
2015-02-17,33.650002,34.0,33.439999,34.0,2375800,33.48109
2015-02-18,34.240002,34.389999,33.529999,33.619999,3206900,33.106888
2015-02-19,33.75,33.889999,33.490002,33.849998,1546600,33.333378
2015-02-20,33.950001,34.279999,33.630001,34.279999,1493000,33.756815
2015-02-23,34.330002,34.450001,34.009998,34.400002,2049800,33.874986
2015-02-24,34.169998,34.57,34.060001,34.060001,2154000,33.540175
2015-02-25,34.139999,34.349998,33.880001,33.959999,1966100,33.441699
2015-02-26,33.75,33.889999,33.540001,33.799999,1964000,33.284141
2015-02-27,33.98,34.139999,33.619999,34.040001,2244900,33.52048
2015-03-02,33.73,34.32,33.73,34.259998,2398100,33.73712
2015-03-03,34.02,34.650002,34.02,34.630001,1462800,34.101476
2015-03-04,34.700001,34.700001,33.779999,34.07,1950000,33.550021
2015-03-05,34.240002,34.299999,33.950001,34.029999,2436100,33.510631
2015-03-06,34.02,34.080002,33.48,33.599998,2874800,33.087193
2015-03-09,33.470001,33.77,33.419998,33.650002,2715000,33.285027
2015-03-10,33.450001,33.5,33.029999,33.220001,4547500,32.859691
2015-03-11,33.200001,33.290001,32.869999,33.169998,3712100,32.81023
2015-03-12,33.389999,33.52,33.009998,33.48,3889800,33.116869
2015-03-13,33.220001,33.48,32.610001,32.98,3293900,32.622292
2015-03-16,33.029999,33.560001,33.029999,33.32,1834400,32.958604
2015-03-17,33.279999,33.279999,32.849998,32.98,1946800,32.622292
2015-03-18,32.98,33.93,32.889999,33.869999,2248400,33.502638
2015-03-19,33.880001,34.040001,33.52,33.580002,1563700,33.215786
2015-03-20,33.93,34.48,33.540001,34.400002,3355000,34.026892
2015-03-23,34.34,34.810001,34.34,34.650002,1844700,34.274181
2015-03-24,34.599998,34.669998,34.099998,34.119999,1552900,33.749927
2015-03-25,34.080002,34.18,33.23,33.259998,1803200,32.899254
2015-03-26,33.34,33.34,32.790001,33.009998,1773600,32.651965
2015-03-27,32.939999,33.200001,32.720001,32.740002,1342500,32.384897
2015-03-30,32.82,33.48,32.82,33.150002,3450000,32.79045
2015-03-31,33.130001,33.450001,32.830002,32.880001,2534600,32.523378
2015-04-01,32.900002,33.139999,32.310001,32.700001,3924100,32.34533
2015-04-02,32.880001,33.32,32.619999,33.240002,2717800,32.879474
2015-04-06,33.049999,33.650002,32.919998,33.48,1752200,33.116869
2015-04-07,33.540001,33.630001,33.200001,33.290001,2293300,32.928931
2015-04-08,33.290001,33.52,32.970001,33.23,2415000,32.86958
2015-04-09,33.330002,33.549999,33.029999,33.439999,1628000,33.077302
2015-04-10,33.549999,33.560001,33.200001,33.369999,1867800,33.008061
2015-04-13,33.509998,33.509998,33.139999,33.169998,2915400,32.81023
2015-04-14,32.880001,33.400002,32.880001,33.130001,2588000,32.770667
2015-04-15,33.150002,33.48,33.060001,33.18,1635100,32.820123
2015-04-16,33.150002,33.330002,33.060001,33.18,1290800,32.820123
2015-04-17,32.759998,32.880001,32.459999,32.619999,3477100,32.266196
2015-04-20,32.790001,33.330002,32.790001,33.119999,1412400,32.760773
2015-04-21,33.209999,33.41,33.040001,33.130001,1944100,32.770667
2015-04-22,33.130001,33.419998,32.919998,33.310001,2457500,32.948715
2015-04-23,33.18,33.84,33.169998,33.650002,4522300,33.285027
2015-04-24,33.669998,33.959999,33.34,33.959999,2332000,33.591662
2015-04-27,34.009998,34.27,33.66,33.810001,2939000,33.443291
2015-04-28,33.740002,33.990002,33.59,33.790001,2090900,33.423508
2015-04-29,33.529999,34.310001,33.529999,33.779999,2806600,33.413614
2015-04-30,33.599998,33.869999,33.139999,33.349998,2327200,32.988278
2015-05-01,33.32,33.830002,33.290001,33.650002,2730500,33.285027
2015-05-04,33.73,33.779999,33.450001,33.580002,2173300,33.215786
2015-05-05,33.470001,33.700001,33.18,33.200001,2708000,32.839907
2015-05-06,33.220001,33.299999,32.790001,33.029999,3312400,32.671749
2015-05-07,32.740002,33.939999,31.809999,32.34,20267700,31.989234
2015-05-08,32.59,32.759998,32.419998,32.439999,10428200,32.088148
2015-05-11,32.450001,32.709999,32.43,32.509998,7327100,32.157388
2015-05-12,32.459999,32.59,32.130001,32.369999,9369900,32.018908
2015-05-13,32.41,32.75,32.349998,32.650002,2972900,32.295873
2015-05-14,32.970001,33.080002,32.830002,33.060001,2797900,32.701426
2015-05-15,33.220001,33.639999,33.150002,33.630001,1959200,33.265243
2015-05-18,33.630001,33.970001,33.470001,33.48,2554100,33.116869
2015-05-19,33.98,34.23,33.759998,34.18,4462200,33.809277
2015-05-20,34.169998,34.369999,33.990002,34.220001,2615400,33.848844
2015-05-21,34.130001,34.560001,34.07,34.43,2292700,34.056566
2015-05-22,34.34,34.419998,33.970001,34.110001,2156800,33.740037
2015-05-26,33.959999,34.119999,33.540001,33.799999,2523900,33.433398
2015-05-27,33.779999,34.07,33.700001,34.009998,2903200,33.641119
2015-05-28,33.939999,33.939999,33.529999,33.77,2986500,33.403724
2015-05-29,33.830002,33.830002,33.290001,33.439999,3144600,33.077302
2015-06-01,33.619999,33.700001,33.220001,33.459999,3474200,33.097085
2015-06-02,33.360001,33.700001,33.27,33.349998,2485900,32.988278
2015-06-03,33.529999,33.700001,33.259998,33.57,2926200,33.205893
2015-06-04,33.209999,33.650002,33.119999,33.509998,2582400,33.146542
2015-06-05,33.419998,33.540001,32.939999,33.110001,3164800,32.750883
2015-06-08,33.150002,33.16,32.849998,33.0,2239700,32.642075
2015-06-09,33.060001,33.080002,32.610001,32.720001,3088300,32.365114
2015-06-10,32.919998,33.150002,32.73,32.849998,2150200,32.493701
2015-06-11,32.880001,33.080002,32.470001,32.82,5369300,32.464027
2015-06-12,32.66,32.740002,32.48,32.59,2601700,32.236523
2015-06-15,32.27,32.41,32.080002,32.259998,12818600,31.9101
2015-06-16,32.369999,32.419998,32.049999,32.169998,3871100,31.821076
2015-06-17,32.18,32.59,32.080002,32.490002,3402900,32.137609
2015-06-18,32.57,32.889999,32.470001,32.790001,2946500,32.434354
2015-06-19,32.849998,33.07,32.599998,32.720001,3053500,32.365114
2015-06-22,32.849998,33.220001,32.849998,32.990002,2474500,32.632186
2015-06-23,33.0,33.150002,32.900002,33.060001,3223700,32.701426
2015-06-24,32.939999,33.0,32.509998,32.52,3005200,32.167282
2015-06-25,32.59,32.799999,32.490002,32.610001,2852000,32.256306
2015-06-26,32.669998,32.970001,32.59,32.799999,24778000,32.444244
2015-06-29,32.450001,32.599998,31.77,31.879999,4466000,31.534222
2015-06-30,32.09,32.43,31.870001,32.220001,4503100,31.870537
2015-07-01,32.48,32.720001,32.400002,32.459999,3107900,32.107932
2015-07-02,32.509998,32.689999,32.110001,32.220001,2550400,31.870537
2015-07-06,31.91,32.419998,31.91,32.240002,3363400,31.89032
2015-07-07,32.290001,32.509998,31.67,32.470001,2672300,32.117825
2015-07-08,32.25,32.419998,31.700001,31.799999,3185500,31.45509
2015-07-09,32.169998,32.310001,31.940001,31.940001,2128700,31.593573
2015-07-10,32.279999,32.73,32.23,32.540001,1557800,32.187066
2015-07-13,32.75,33.150002,32.599998,33.110001,9273100,32.750883
2015-07-14,33.150002,33.240002,33.02,33.119999,1444000,32.760773
2015-07-15,33.049999,33.330002,32.950001,33.18,2501400,32.820123
2015-07-16,33.490002,33.549999,33.34,33.470001,2060400,33.106979
2015-07-17,33.470001,33.470001,32.740002,33.200001,2755600,32.839907
2015-07-20,32.419998,33.25,32.419998,33.139999,2092900,32.780556
2015-07-21,33.150002,33.189999,32.740002,32.75,2509200,32.394787
2015-07-22,33.220001,33.220001,32.720001,32.950001,1669600,32.592619
2015-07-23,32.889999,32.889999,32.360001,32.48,1647500,32.127715
2015-07-24,32.529999,32.950001,32.470001,32.830002,2194500,32.473921
2015-07-27,32.700001,32.959999,32.220001,32.290001,2446300,31.939777
2015-07-28,32.259998,32.790001,32.189999,32.720001,3154800,32.365114
2015-07-29,32.66,33.119999,32.610001,32.990002,2635900,32.632186
2015-07-30,32.869999,33.380001,32.73,33.060001,2168600,32.701426
2015-07-31,33.25,33.66,33.150002,33.52,3601600,33.156436
2015-08-03,33.400002,33.540001,33.150002,33.369999,2936800,33.008061
2015-08-04,33.240002,33.650002,33.240002,33.400002,2420400,33.037739
2015-08-05,33.0,33.0,30.889999,31.16,6837100,30.822032
2015-08-06,29.450001,29.639999,27.16,29.059999,20708000,28.744809
2015-08-07,28.76,30.41,28.75,30.379999,6312200,30.050492
2015-08-10,30.51,30.629999,29.870001,30.139999,6186600,29.813095
2015-08-11,29.93,30.09,29.459999,29.73,5283800,29.407542
2015-08-12,29.6,29.82,29.32,29.48,5081400,29.160254
2015-08-13,29.379999,29.66,29.24,29.639999,4858200,29.318518
2015-08-14,29.5,29.91,29.41,29.91,3445800,29.58559
2015-08-17,29.66,30.209999,29.43,30.15,2983100,29.822987
2015-08-18,29.93,30.35,29.77,30.049999,7108200,29.724071
2015-08-19,29.75,29.969999,29.73,29.809999,5622300,29.486674
2015-08-20,29.6,29.639999,28.65,28.68,5488500,28.368931
2015-08-21,28.280001,28.5,27.91,27.92,8100600,27.617174
2015-08-24,25.629999,27.49,22.85,26.85,8700700,26.55878
2015-08-25,27.51,27.52,26.879999,26.9,7898900,26.608237
2015-08-26,27.32,27.549999,26.75,27.49,10571800,27.191838
2015-08-27,27.629999,28.35,27.35,27.93,8572100,27.627066
2015-08-28,27.940001,28.23,27.549999,28.08,3793000,27.775439
2015-08-31,28.02,28.02,27.530001,27.66,6321400,27.359994
2015-09-01,27.049999,27.280001,26.59,26.77,7154300,26.479648
2015-09-02,27.040001,27.18,26.610001,27.17,4588600,26.875309
2015-09-03,27.25,27.620001,27.08,27.190001,4816800,26.895092
2015-09-04,26.84,27.110001,26.610001,26.92,5437800,26.775734
2015-09-08,27.34,27.68,27.23,27.629999,6661400,27.481929
2015-09-09,27.860001,27.969999,26.92,26.99,5615000,26.845359
2015-09-10,26.67,27.27,26.67,27.02,4693500,26.875199
2015-09-11,26.969999,27.0,26.469999,26.9,3111000,26.755841
2015-09-14,26.9,26.969999,26.51,26.67,3791200,26.527074
2015-09-15,26.700001,26.91,26.540001,26.879999,4228800,26.735948
2015-09-16,26.799999,27.129999,26.77,27.07,4082900,26.92493
2015-09-17,27.17,27.450001,26.93,27.049999,7719200,26.905037
2015-09-18,26.84,27.129999,26.43,26.43,67238600,26.288361
2015-09-21,26.629999,26.85,26.48,26.6,16905900,26.45745
2015-09-22,26.33,26.610001,26.110001,26.58,5712500,26.437556
2015-09-23,26.530001,26.690001,26.42,26.52,3967700,26.377878
2015-09-24,26.25,26.43,26.030001,26.219999,4796700,26.079485
2015-09-25,26.459999,26.459999,25.82,25.98,5925600,25.840771
2015-09-28,25.99,26.040001,25.370001,25.41,4739100,25.273826
2015-09-29,25.51,26.02,25.41,25.879999,7181600,25.741307
2015-09-30,26.01,27.18,25.98,27.07,7173900,26.92493
2015-10-01,27.18,27.5,27.02,27.49,5562200,27.342679
2015-10-02,27.23,28.309999,26.84,28.299999,6869600,28.148338
2015-10-05,28.52,28.860001,28.42,28.700001,4196900,28.546196
2015-10-06,28.57,28.76,28.42,28.450001,4848300,28.297536
2015-10-07,28.540001,28.77,28.24,28.51,5798900,28.357214
2015-10-08,28.469999,28.940001,28.24,28.9,3814700,28.745123
2015-10-09,28.93,29.209999,28.59,28.9,3278100,28.745123
2015-10-12,28.889999,28.92,28.629999,28.84,2016600,28.685445
2015-10-13,28.84,29.15,28.610001,28.959999,2671600,28.804801
2015-10-14,28.9,29.030001,28.690001,28.73,2367000,28.576034
2015-10-15,28.84,29.459999,28.65,29.440001,2807200,29.28223
2015-10-16,29.610001,29.68,29.16,29.66,2447800,29.50105
2015-10-19,29.629999,29.67,29.4,29.67,4579400,29.510997
2015-10-20,29.57,29.92,29.57,29.83,2720700,29.670139
2015-10-21,29.85,30.040001,29.5,29.540001,2640100,29.381694
2015-10-22,29.65,30.16,29.65,30.09,4789700,29.928746
2015-10-23,30.34,30.559999,30.08,30.42,4258000,30.256978
2015-10-26,30.41,30.59,30.16,30.58,3586600,30.41612
2015-10-27,30.450001,30.530001,30.030001,30.280001,2851100,30.117729
2015-10-28,30.16,30.48,29.959999,30.41,5000800,30.247031
2015-10-29,30.290001,30.9,30.290001,30.65,4140700,30.485745
2015-10-30,30.700001,30.950001,30.459999,30.879999,4635500,30.714512
2015-11-02,31.09,31.200001,30.809999,31.110001,3684800,30.94328
2015-11-03,31.110001,31.58,31.110001,31.5,3481900,31.33119
2015-11-04,31.27,31.35,28.459999,29.9,10568600,29.739764
2015-11-05,29.809999,29.940001,29.48,29.879999,4856700,29.719871
2015-11-06,29.879999,30.139999,29.74,30.08,2684000,29.9188
2015-11-09,30.0,30.02,29.4,29.700001,5842200,29.540837
2015-11-10,29.719999,30.34,29.6,30.33,3121100,30.16746
2015-11-11,30.450001,30.51,30.040001,30.34,3616100,30.177406
2015-11-12,30.24,30.58,30.09,30.360001,3347600,30.1973
2015-11-13,30.190001,30.379999,29.85,30.02,3810000,29.859122
2015-11-16,30.09,30.66,30.030001,30.610001,3942300,30.44596
2015-11-17,30.610001,30.620001,30.209999,30.43,4624400,30.266924
2015-11-18,30.42,30.67,30.059999,30.629999,4262800,30.465851
2015-11-19,30.67,30.67,30.17,30.32,3060300,30.157513
2015-11-20,30.540001,30.59,30.209999,30.540001,4345700,30.376335
2015-11-23,30.540001,30.65,30.25,30.379999,3107300,30.217191
2015-11-24,30.280001,30.280001,29.940001,30.25,3645300,30.087889
2015-11-25,30.23,30.4,30.049999,30.32,2138700,30.157513
2015-11-27,30.209999,30.24,29.68,29.9,2083200,29.739764
2015-11-30,29.91,30.120001,29.68,29.950001,5326900,29.789497
2015-12-01,29.93,30.280001,29.93,30.26,3485600,30.097835
2015-12-02,30.280001,30.280001,29.85,29.950001,4076400,29.789497
2015-12-03,29.879999,30.08,29.41,29.709999,4653700,29.550782
2015-12-04,29.889999,30.17,29.610001,30.0,6165900,29.839228
2015-12-07,29.940001,30.09,29.709999,30.030001,3789100,29.869068
2015-12-08,29.83,29.959999,29.35,29.5,2655500,29.341908
2015-12-09,29.440001,29.440001,28.68,28.969999,4272100,28.814748
2015-12-10,28.98,29.290001,28.84,29.049999,4189800,28.894319
2015-12-11,28.549999,28.76,28.120001,28.16,4286700,28.009089
2015-12-14,28.280001,28.5,27.83,28.0,4877700,27.849946
2015-12-15,28.23,28.68,28.08,28.1,3475700,27.949411
2015-12-16,28.370001,28.559999,28.0,28.5,5042600,28.347267
2015-12-17,28.52,28.67,28.17,28.23,4687300,28.078713
2015-12-18,28.049999,28.24,27.629999,27.83,6770800,27.680857
2015-12-21,27.950001,28.15,27.450001,27.59,4308300,27.442144
2015-12-22,28.1,28.1,27.549999,27.6,5110200,27.45209
2015-12-23,27.719999,27.84,27.469999,27.6,3284500,27.45209
2015-12-24,27.6,27.77,27.459999,27.540001,2382400,27.392413
2015-12-28,27.469999,27.67,27.309999,27.450001,3231200,27.302895
2015-12-29,27.59,27.92,27.540001,27.6,3125000,27.45209
2015-12-30,27.5,27.690001,27.24,27.35,4511900,27.20343
2015-12-31,27.25,27.469999,27.07,27.23,3245000,27.084073
2016-01-04,26.59,26.82,26.360001,26.610001,5846400,26.467396
2016-01-05,26.559999,26.75,26.440001,26.6,4247400,26.45745
2016-01-06,26.309999,26.799999,26.15,26.5,15831400,26.357985
2016-01-07,26.110001,26.5,25.870001,25.92,4488200,25.781093
2016-01-08,26.059999,26.32,25.860001,25.93,4296700,25.79104
2016-01-11,26.09,26.17,25.709999,26.0,3301600,25.860665
2016-01-12,26.129999,26.52,25.93,26.459999,3834600,26.318199
2016-01-13,26.469999,26.629999,25.719999,25.809999,4747100,25.671682
2016-01-14,25.98,27.139999,25.9,26.780001,10377300,26.636485
2016-01-15,26.17,26.549999,25.879999,26.17,4985200,26.029754
2016-01-19,26.43,26.82,26.139999,26.58,4587700,26.437556
2016-01-20,26.15,26.360001,25.030001,25.75,6915400,25.612004
2016-01-21,25.82,26.040001,25.49,25.620001,4659300,25.482702
2016-01-22,26.049999,26.469999,26.02,26.41,3399100,26.268467
2016-01-25,26.24,26.309999,25.969999,26.0,3929500,25.860665
2016-01-26,26.08,26.98,26.08,26.959999,3270700,26.815519
2016-01-27,26.93,27.290001,26.459999,26.58,4052800,26.437556
2016-01-28,26.75,26.83,26.02,26.23,3207400,26.089432
2016-01-29,26.4,27.16,26.4,27.1,3363800,26.95477
2016-02-01,26.82,27.23,26.51,27.110001,2829600,26.964717
2016-02-02,26.73,26.780001,25.98,26.059999,3356200,25.920343
2016-02-03,26.18,26.610001,25.84,26.5,6538700,26.357985
2016-02-04,26.549999,26.99,26.15,26.23,3777800,26.089432
2016-02-05,26.1,26.23,25.01,25.040001,4782300,24.90581
2016-02-08,24.719999,24.790001,24.09,24.540001,5985000,24.40849
2016-02-09,23.209999,24.52,22.65,24.209999,10076900,24.080256
2016-02-10,24.120001,25.08,23.51,24.459999,5274500,24.328917
2016-02-11,24.01,24.889999,23.950001,24.709999,4739700,24.577577
2016-02-12,25.08,25.08,24.27,24.67,2542100,24.537792
2016-02-16,25.129999,25.65,24.959999,25.629999,3855400,25.492647
2016-02-17,25.799999,26.65,25.75,26.469999,4474700,26.328145
2016-02-18,26.34,26.52,25.99,26.42,3231400,26.278414
2016-02-19,26.23,26.799999,26.08,26.690001,3077300,26.546967
2016-02-22,27.0,27.620001,26.940001,27.309999,4613800,27.163644
2016-02-23,26.719999,27.42,26.639999,27.02,2930100,26.875199
2016-02-24,26.57,27.379999,26.49,27.33,2006600,27.183537
2016-02-25,27.469999,27.57,26.91,27.379999,1789600,27.233268
2016-02-26,27.52,27.559999,27.200001,27.200001,1891500,27.054235
2016-02-29,27.17,27.389999,27.07,27.16,2566300,27.014448
2016-03-01,27.43,28.059999,27.309999,28.030001,3029100,27.879786
2016-03-02,27.91,28.08,27.52,27.68,2087300,27.531662
2016-03-03,27.66,28.01,27.34,28.0,1732400,27.849946
2016-03-04,28.09,28.09,27.48,27.99,3119700,27.84
2016-03-07,27.620001,28.280001,27.620001,28.129999,2034300,28.129999
2016-03-08,27.940001,28.120001,27.67,27.83,3662800,27.83
2016-03-09,27.93,28.190001,27.85,28.08,2397100,28.08
2016-03-10,28.219999,28.219999,27.719999,27.98,3144100,27.98
2016-03-11,28.299999,28.42,28.059999,28.190001,3444400,28.190001
2016-03-14,28.139999,28.26,27.940001,28.139999,2959100,28.139999
2016-03-15,27.92,28.139999,27.9,28.120001,1976700,28.120001
2016-03-16,28.01,28.58,27.870001,28.209999,7165000,28.209999
2016-03-17,28.030001,28.629999,28.030001,28.209999,5257900,28.209999
2016-03-18,28.209999,28.35,27.91,28.190001,8073600,28.190001
2016-03-21,28.209999,28.33,27.98,28.040001,1937500,28.040001
2016-03-22,27.93,28.139999,27.780001,28.0,1312800,28.0
2016-03-23,28.02,28.08,27.82,27.99,2722700,27.99
2016-03-24,27.92,28.120001,27.74,28.02,2879600,28.02
2016-03-28,28.15,28.25,27.969999,27.99,3082400,27.99
2016-03-29,27.9,28.25,27.74,28.17,2772600,28.17
2016-03-30,28.299999,28.4,28.120001,28.200001,2087700,28.200001
2016-03-31,28.23,28.389999,28.08,28.200001,2841000,28.200001
2016-04-01,28.059999,29.17,27.969999,29.120001,3608000,29.120001
2016-04-04,29.08,29.299999,28.9,29.01,1779100,29.01
2016-04-05,28.799999,29.0,28.65,28.799999,2089800,28.799999
2016-04-06,28.83,29.389999,28.83,29.360001,1971800,29.360001
2016-04-07,29.139999,29.25,28.65,28.82,2005100,28.82
2016-04-08,29.049999,29.290001,28.719999,28.780001,2379600,28.780001
2016-04-11,28.969999,29.1,28.67,28.68,1956200,28.68
2016-04-12,28.73,29.52,28.73,29.42,3971600,29.42
2016-04-13,29.559999,30.01,29.559999,29.879999,4209200,29.879999
2016-04-14,29.969999,30.02,29.65,29.790001,4368700,29.790001
2016-04-15,29.92,30.030001,29.639999,29.84,5832700,29.84
2016-04-18,29.85,30.24,29.83,30.08,6209600,30.08
2016-04-19,30.17,30.469999,29.959999,30.040001,4411800,30.040001
2016-04-20,30.09,30.190001,29.809999,29.969999,2679600,29.969999
2016-04-21,30.0,30.370001,29.959999,30.09,4231600,30.09
2016-04-22,30.059999,30.75,30.030001,30.75,2565300,30.75
2016-04-25,30.690001,30.98,30.57,30.93,2480200,30.93
2016-04-26,30.93,31.16,30.67,30.870001,2809200,30.870001
2016-04-27,30.860001,30.959999,30.440001,30.780001,2729200,30.780001
2016-04-28,30.6,30.84,30.280001,30.57,3622700,30.57
2016-04-29,30.23,30.32,29.66,30.120001,4227500,30.120001
2016-05-02,30.120001,30.309999,29.870001,30.24,2942300,30.24
2016-05-03,29.959999,30.09,29.65,29.690001,3401600,29.690001
2016-05-04,29.639999,29.940001,29.540001,29.58,4062600,29.58
2016-05-05,29.15,29.92,28.709999,29.82,5521300,29.82
2016-05-06,29.639999,29.65,29.25,29.52,2729800,29.52
2016-05-09,29.59,29.780001,29.25,29.4,2419400,29.4
2016-05-10,29.6,30.059999,29.459999,30.02,2982200,30.02
2016-05-11,29.799999,29.799999,29.4,29.59,2677100,29.59
2016-05-12,29.610001,29.77,29.23,29.35,2571900,29.35
2016-05-13,29.25,29.530001,29.129999,29.24,1749400,29.24
2016-05-16,29.18,29.309999,28.9,29.129999,1735400,29.129999
2016-05-17,29.0,29.27,28.709999,28.83,2260200,28.83
2016-05-18,28.73,28.85,28.290001,28.48,2545500,28.48
2016-05-19,28.440001,28.49,28.030001,28.25,1739300,28.25
2016-05-20,28.280001,28.690001,28.280001,28.459999,2152600,28.459999
2016-05-23,28.49,28.870001,28.42,28.440001,2888200,28.440001
2016-05-24,28.65,28.9,28.559999,28.84,2049400,28.84
2016-05-25,28.91,29.290001,28.85,29.200001,2112700,29.200001
2016-05-26,29.18,29.42,28.959999,28.969999,2388100,28.969999
2016-05-27,28.98,29.27,28.98,29.26,2357900,29.26
2016-05-31,29.23,29.389999,29.01,29.24,2188200,29.24
2016-06-01,29.26,29.73,29.23,29.700001,2070500,29.700001
2016-06-02,29.57,29.870001,29.549999,29.860001,1237200,29.860001
2016-06-03,29.82,29.82,29.209999,29.6,1528200,29.6
2016-06-06,29.74,29.799999,29.51,29.73,1365900,29.73
2016-06-07,29.73,29.889999,29.629999,29.68,2181000,29.68
2016-06-08,29.610001,29.719999,29.469999,29.690001,1474300,29.690001
2016-06-09,29.530001,29.59,29.16,29.41,2130800,29.41
2016-06-10,29.040001,29.24,28.82,28.99,2636700,28.99
2016-06-13,28.959999,29.35,28.959999,29.08,1730900,29.08
