Date,Open_MTB,High_MTB,Low_MTB,Close_MTB,Volume_MTB,AdjClose_MTB
2013-06-14,104.5,104.5,102.32,102.510002,544900,95.49779
2013-06-17,103.349998,103.410004,102.540001,103.040001,531800,95.991534
2013-06-18,103.029999,104.699997,102.360001,104.129997,1459200,97.006969
2013-06-19,104.120003,104.419998,103.32,103.510002,634300,96.429385
2013-06-20,102.900002,104.919998,102.379997,104.300003,1070900,97.165346
2013-06-21,105.519997,106.660004,104.489998,106.25,1407100,98.981953
2013-06-24,105.230003,105.980003,104.379997,105.169998,784500,97.975829
2013-06-25,105.709999,107.510002,105.209999,107.230003,953300,99.894919
2013-06-26,108.589996,110.129997,108.489998,109.709999,1109900,102.20527
2013-06-27,110.209999,111.779999,110.190002,111.5,974300,103.872826
2013-06-28,111.32,112.010002,110.68,111.75,1063000,104.105724
2013-07-01,112.0,113.849998,111.790001,112.900002,861500,105.17706
2013-07-02,112.779999,114.059998,112.68,113.730003,947100,105.950285
2013-07-03,113.18,113.860001,112.489998,113.550003,456300,105.782598
2013-07-05,114.440002,116.400002,114.360001,116.400002,634300,108.437642
2013-07-08,116.199997,117.120003,115.900002,116.879997,859400,108.884803
2013-07-09,117.309998,118.360001,116.550003,117.57,1076600,109.527606
2013-07-10,117.440002,117.989998,116.510002,117.519997,876200,109.481023
2013-07-11,118.540001,118.540001,116.089996,116.849998,725900,108.856857
2013-07-12,117.059998,117.93,116.389999,117.779999,752700,109.72324
2013-07-15,118.150002,118.419998,117.440002,118.029999,496600,109.956139
2013-07-16,117.919998,118.080002,115.949997,117.589996,874600,109.546235
2013-07-17,118.269997,118.730003,116.660004,117.940002,867800,109.872299
2013-07-18,117.389999,119.540001,115.029999,119.300003,1500900,111.139268
2013-07-19,118.970001,119.099998,117.809998,118.230003,1373500,110.142462
2013-07-22,118.370003,119.5,118.190002,119.25,760300,111.092686
2013-07-23,119.25,119.290001,118.43,118.699997,625300,110.580306
2013-07-24,118.75,119.349998,118.209999,118.43,702400,110.328778
2013-07-25,118.199997,118.639999,117.220001,117.720001,670300,109.667347
2013-07-26,117.470001,117.470001,116.349998,117.25,434700,109.229496
2013-07-29,117.379997,117.379997,115.809998,116.150002,504700,108.204743
2013-07-30,116.779999,117.339996,116.43,116.790001,536100,108.800963
2013-07-31,117.0,118.639999,116.690002,116.860001,886900,108.866175
2013-08-01,118.089996,119.169998,117.870003,119.120003,645900,110.971581
2013-08-02,118.800003,119.389999,118.410004,119.120003,815000,110.971581
2013-08-05,118.639999,119.440002,118.089996,118.849998,515500,110.720046
2013-08-06,118.790001,118.790001,117.879997,118.260002,551300,110.170409
2013-08-07,117.830002,118.169998,116.800003,117.370003,1192900,109.34129
2013-08-08,117.839996,118.730003,117.029999,118.0,433800,109.928192
2013-08-09,117.75,118.230003,117.099998,117.669998,587500,109.620764
2013-08-12,117.260002,118.07,116.809998,117.82,532300,109.760505
2013-08-13,117.93,117.93,116.910004,117.379997,512300,109.350601
2013-08-14,117.43,117.779999,116.919998,117.419998,550400,109.387865
2013-08-15,116.830002,117.339996,116.410004,116.739998,623600,108.754381
2013-08-16,116.5,117.620003,116.440002,116.769997,614800,108.782327
2013-08-19,116.830002,116.940002,115.889999,116.059998,570900,108.120896
2013-08-20,116.129997,117.279999,115.93,116.709999,398700,108.726434
2013-08-21,116.220001,117.010002,115.309998,116.230003,650200,108.279272
2013-08-22,116.419998,119.190002,116.400002,118.75,658700,110.626888
2013-08-23,119.410004,119.419998,117.68,118.260002,562600,110.170409
2013-08-26,118.139999,118.93,117.800003,118.540001,804600,110.431254
2013-08-27,117.330002,117.510002,114.360001,114.410004,1078200,106.58377
2013-08-28,114.290001,115.160004,114.010002,114.489998,593700,106.658292
2013-08-29,113.440002,114.419998,113.0,113.809998,396800,106.677037
2013-08-30,114.309998,114.32,112.440002,113.339996,511100,106.236493
2013-09-03,114.360001,115.629997,112.949997,114.169998,996800,107.014475
2013-09-04,114.110001,115.790001,114.110001,115.519997,759000,108.279864
2013-09-05,115.449997,116.489998,115.349998,115.910004,489800,108.645427
2013-09-06,115.330002,115.900002,113.110001,114.980003,559900,107.773714
2013-09-09,115.010002,115.269997,112.93,113.139999,1461400,106.049031
2013-09-10,113.75,114.040001,112.790001,113.150002,1139400,106.058406
2013-09-11,113.18,113.489998,112.029999,112.650002,768500,105.589743
2013-09-12,112.910004,112.989998,111.559998,111.709999,634600,104.708655
2013-09-13,111.709999,112.519997,111.470001,111.93,454200,104.914868
2013-09-16,112.610001,113.290001,111.919998,112.290001,829000,105.252306
2013-09-17,112.559998,113.580002,111.690002,113.540001,583700,106.423963
2013-09-18,113.529999,114.690002,112.800003,113.470001,969500,106.35835
2013-09-19,113.620003,114.059998,111.389999,112.599998,1005300,105.542874
2013-09-20,112.580002,113.230003,111.440002,111.529999,1792200,104.539936
2013-09-23,111.529999,111.709999,109.470001,110.730003,921600,103.79008
2013-09-24,110.730003,111.169998,110.019997,110.489998,796200,103.565116
2013-09-25,110.82,111.349998,109.870003,111.050003,638600,104.090024
2013-09-26,111.099998,112.089996,110.980003,112.040001,813700,105.017974
2013-09-27,111.349998,112.519997,111.190002,112.080002,836300,105.055468
2013-09-30,111.199997,112.139999,110.529999,111.919998,854000,104.905492
2013-10-01,111.959999,112.440002,111.559998,112.220001,656400,105.186693
2013-10-02,111.739998,111.800003,111.010002,111.43,571600,104.446205
2013-10-03,111.139999,111.75,110.449997,111.110001,644200,104.146261
2013-10-04,111.150002,112.970001,110.889999,112.830002,501600,105.758462
2013-10-07,111.839996,112.0,110.529999,110.599998,538500,103.668223
2013-10-08,110.830002,111.32,109.860001,109.910004,1054800,103.021473
2013-10-09,110.370003,110.959999,109.230003,110.629997,931400,103.696341
2013-10-10,111.660004,113.129997,111.620003,113.019997,877900,105.936549
2013-10-11,112.779999,114.849998,111.889999,114.449997,975800,107.276925
2013-10-14,113.650002,114.940002,113.650002,114.879997,598900,107.679976
2013-10-15,114.389999,114.849998,113.440002,113.730003,532000,106.602057
2013-10-16,114.730003,116.169998,114.410004,116.059998,858100,108.78602
2013-10-17,115.029999,115.339996,111.75,112.620003,2118200,105.561625
2013-10-18,112.459999,114.889999,110.360001,114.800003,1972500,107.604995
2013-10-21,114.919998,115.459999,113.760002,114.0,1289600,106.855132
2013-10-22,113.970001,114.0,113.040001,113.209999,782700,106.114643
2013-10-23,112.699997,112.910004,111.919998,112.870003,1347400,105.795956
2013-10-24,113.599998,114.029999,112.059998,112.339996,1184600,105.299168
2013-10-25,112.550003,112.839996,111.690002,112.550003,1026300,105.496012
2013-10-28,112.410004,112.629997,111.870003,112.040001,1157300,105.017974
2013-10-29,112.540001,112.730003,111.93,112.690002,1129000,105.627237
2013-10-30,112.690002,114.989998,112.510002,114.309998,1340800,107.1457
2013-10-31,114.260002,114.290001,112.529999,112.529999,953400,105.477262
2013-11-01,112.580002,113.599998,111.279999,111.900002,927300,104.886749
2013-11-04,112.080002,112.470001,111.110001,111.639999,629700,104.643042
2013-11-05,111.190002,111.75,110.900002,111.43,731900,104.446205
2013-11-06,112.0,112.440002,111.309998,112.129997,665300,105.10233
2013-11-07,112.389999,112.949997,111.07,111.139999,374400,104.17438
2013-11-08,111.309998,114.389999,111.309998,113.870003,1039100,106.733282
2013-11-11,113.510002,113.949997,113.139999,113.510002,478400,106.395844
2013-11-12,113.129997,113.75,111.120003,111.389999,851300,104.408711
2013-11-13,111.190002,111.75,110.389999,111.669998,827300,104.671161
2013-11-14,112.0,112.739998,111.519997,112.510002,658900,105.458518
2013-11-15,112.800003,113.410004,112.269997,113.230003,1469700,106.133394
2013-11-18,113.25,114.589996,113.0,113.75,743700,106.6208
2013-11-19,113.830002,114.150002,112.900002,113.529999,538500,106.414587
2013-11-20,113.970001,114.419998,113.089996,113.970001,550600,106.827013
2013-11-21,114.389999,115.910004,114.290001,115.370003,602700,108.13927
2013-11-22,115.379997,116.160004,114.610001,116.120003,493700,108.842265
2013-11-25,116.150002,117.099998,115.82,116.470001,493800,109.170327
2013-11-26,116.540001,117.0,116.089996,116.160004,695600,108.879759
2013-11-27,115.860001,116.32,115.43,115.949997,535300,109.341824
2013-11-29,115.989998,116.349998,115.290001,115.360001,228200,108.785452
2013-12-02,115.07,116.25,114.519997,114.669998,738300,108.134774
2013-12-03,114.580002,115.639999,113.360001,114.120003,805700,107.616124
2013-12-04,113.290001,114.769997,112.839996,113.410004,553700,106.946589
2013-12-05,113.230003,113.709999,112.610001,112.730003,925200,106.305343
2013-12-06,113.889999,114.580002,113.519997,114.300003,994700,107.785866
2013-12-09,114.779999,115.400002,114.25,114.82,1026500,108.276227
2013-12-10,114.419998,114.790001,113.57,114.25,926200,107.738712
2013-12-11,114.480003,114.809998,113.480003,113.809998,1057200,107.323786
2013-12-12,113.779999,114.540001,113.32,114.0,759200,107.50296
2013-12-13,114.120003,114.730003,113.43,113.75,1084700,107.267208
2013-12-16,113.940002,115.599998,113.830002,115.160004,986200,108.596853
2013-12-17,115.400002,115.5,112.650002,113.730003,3079100,107.248351
2013-12-18,114.029999,114.449997,111.57,114.139999,2252600,107.634981
2013-12-19,114.050003,114.07,113.059998,113.730003,1590300,107.248351
2013-12-20,114.190002,114.760002,113.339996,114.339996,947300,107.82358
2013-12-23,115.309998,115.779999,114.470001,115.330002,586300,108.757163
2013-12-24,115.32,115.989998,115.160004,115.739998,167300,109.143793
2013-12-26,115.889999,116.510002,114.93,115.919998,740800,109.313535
2013-12-27,116.400002,116.449997,115.620003,116.07,379100,109.454987
2013-12-30,116.120003,116.419998,115.669998,116.330002,562600,109.700172
2013-12-31,116.309998,117.290001,116.290001,116.419998,549200,109.785039
2014-01-02,116.379997,116.400002,114.860001,115.059998,1069000,108.502547
2014-01-03,115.239998,115.650002,115.040001,115.209999,741600,108.644
2014-01-06,115.489998,116.300003,114.809998,114.849998,877700,108.304516
2014-01-07,115.129997,115.82,114.650002,115.480003,941700,108.898616
2014-01-08,115.470001,116.129997,115.339996,115.800003,2240700,109.200378
2014-01-09,116.379997,116.849998,115.989998,116.519997,1795800,109.879338
2014-01-10,116.379997,116.459999,115.660004,116.0,837300,109.388977
2014-01-13,115.68,116.150002,113.889999,114.349998,1118500,107.833012
2014-01-14,114.010002,115.0,113.849998,114.800003,834200,108.25737
2014-01-15,115.099998,115.809998,114.970001,115.019997,1001800,108.464826
2014-01-16,114.940002,115.279999,113.790001,114.669998,1090800,108.134774
2014-01-17,113.989998,114.760002,110.260002,111.989998,2671900,105.607511
2014-01-21,110.330002,112.57,110.0,111.769997,2490900,105.400048
2014-01-22,111.830002,112.669998,111.650002,112.599998,939900,106.182747
2014-01-23,112.110001,112.379997,111.309998,111.849998,1290900,105.475491
2014-01-24,111.160004,112.019997,110.870003,111.269997,1298500,104.928544
2014-01-27,111.160004,112.230003,110.610001,110.660004,1885800,104.353316
2014-01-28,110.980003,111.349998,110.25,111.25,986100,104.909687
2014-01-29,110.43,112.669998,110.279999,111.690002,1452100,105.324613
2014-01-30,112.190002,113.029999,111.760002,112.800003,692100,106.371353
2014-01-31,111.239998,112.279999,111.230003,111.510002,840300,105.154871
2014-02-03,111.360001,111.830002,109.160004,109.300003,1396700,103.070823
2014-02-04,110.099998,111.07,109.459999,110.839996,1261300,104.52305
2014-02-05,110.589996,111.900002,110.459999,111.349998,683200,105.003986
2014-02-06,111.5,112.489998,111.349998,112.419998,567100,106.013005
2014-02-07,112.809998,113.839996,112.410004,113.0,764900,106.559952
2014-02-10,112.860001,113.349998,112.190002,112.940002,537100,106.503374
2014-02-11,112.910004,114.260002,112.400002,113.989998,565500,107.493528
2014-02-12,113.879997,114.790001,112.870003,113.190002,942200,106.739126
2014-02-13,112.589996,113.540001,111.699997,113.360001,822800,106.899435
2014-02-14,113.440002,114.129997,113.440002,114.059998,343600,107.559538
2014-02-18,114.309998,114.699997,113.519997,113.730003,384300,107.248351
2014-02-19,113.919998,114.239998,112.129997,112.239998,942100,105.843263
2014-02-20,112.449997,113.099998,111.300003,112.43,710100,106.022437
2014-02-21,112.389999,113.75,112.230003,113.510002,770200,107.040888
2014-02-24,113.389999,115.550003,113.050003,114.900002,724000,108.351669
2014-02-25,114.690002,115.040001,113.989998,114.489998,750800,107.965032
2014-02-26,114.690002,116.269997,113.809998,115.720001,658800,109.124936
2014-02-27,115.010002,115.68,113.989998,115.68,791600,109.751113
2014-02-28,115.739998,117.720001,115.620003,116.589996,813700,110.614469
2014-03-03,115.449997,115.959999,114.769997,115.68,532400,109.751113
2014-03-04,116.389999,117.980003,116.389999,117.839996,702400,111.800404
2014-03-05,117.650002,117.739998,116.919998,117.360001,687000,111.345009
2014-03-06,117.730003,119.300003,117.730003,118.910004,730700,112.815571
2014-03-07,119.940002,120.660004,118.709999,119.379997,968700,113.261476
2014-03-10,119.059998,119.93,119.0,119.349998,590900,113.233015
2014-03-11,119.379997,119.5,117.330002,118.190002,901100,112.132471
2014-03-12,117.709999,118.440002,117.209999,118.360001,566300,112.293757
2014-03-13,118.860001,119.0,116.879997,117.300003,700600,111.288086
2014-03-14,117.010002,118.18,116.919998,117.43,658400,111.411421
2014-03-17,117.849998,118.290001,117.120003,117.709999,576300,111.677069
2014-03-18,118.209999,118.379997,117.419998,118.019997,485400,111.971179
2014-03-19,118.040001,119.349998,117.410004,118.269997,761500,112.208365
2014-03-20,117.889999,121.07,117.470001,120.959999,1175100,114.760499
2014-03-21,121.839996,123.040001,120.860001,121.129997,1404100,114.921784
2014-03-24,121.389999,122.550003,120.43,121.050003,825300,114.84589
2014-03-25,121.470001,121.760002,120.419998,121.169998,628200,114.959735
2014-03-26,121.599998,122.129997,120.919998,120.980003,679500,114.779478
2014-03-27,120.769997,121.300003,119.440002,119.559998,1052700,113.432251
2014-03-28,120.0,120.970001,119.519997,120.440002,672700,114.267153
2014-03-31,120.980003,121.489998,120.580002,121.300003,680800,115.083077
2014-04-01,121.800003,121.910004,120.68,121.769997,621000,115.528982
2014-04-02,121.959999,121.959999,120.919998,121.239998,600400,115.026147
2014-04-03,121.300003,121.910004,120.900002,121.839996,541400,115.595394
2014-04-04,122.040001,122.860001,120.489998,120.550003,566300,114.371516
2014-04-07,120.540001,120.589996,119.400002,119.900002,650700,113.754829
2014-04-08,119.860001,121.260002,119.269997,120.970001,1259800,114.769988
2014-04-09,121.279999,121.790001,120.639999,121.349998,734100,115.13051
2014-04-10,121.330002,121.489998,118.440002,118.459999,1124100,112.38863
2014-04-11,117.489998,118.889999,116.099998,118.220001,1196900,112.160932
2014-04-14,119.400002,122.199997,119.07,120.849998,1296500,114.656136
2014-04-15,121.150002,122.040001,119.059998,120.389999,1170100,114.219713
2014-04-16,120.82,121.830002,120.639999,121.639999,795500,115.405647
2014-04-17,121.5,121.93,120.800003,121.540001,700600,115.310774
2014-04-21,121.540001,122.18,120.800003,121.169998,547700,114.959735
2014-04-22,121.050003,122.690002,120.559998,121.949997,538600,115.699757
2014-04-23,121.93,123.059998,121.389999,122.989998,649800,116.686455
2014-04-24,124.0,124.160004,122.400002,122.910004,878800,116.610561
2014-04-25,122.910004,122.910004,121.720001,122.239998,602800,115.974894
2014-04-28,122.629997,122.760002,120.900002,121.889999,888300,115.642834
2014-04-29,122.209999,123.0,121.459999,121.610001,521300,115.377186
2014-04-30,121.510002,122.110001,121.019997,122.010002,673700,115.756686
2014-05-01,122.230003,122.43,121.18,121.489998,557000,115.263334
2014-05-02,121.760002,122.980003,121.129997,121.800003,436800,115.55745
2014-05-05,121.309998,121.589996,120.720001,121.449997,559100,115.225383
2014-05-06,121.110001,121.300003,119.290001,119.410004,596100,113.289944
2014-05-07,119.889999,120.970001,119.529999,120.910004,674500,114.713066
2014-05-08,120.849998,121.589996,120.379997,120.919998,531700,114.722548
2014-05-09,120.879997,121.440002,119.870003,121.370003,754200,115.149489
2014-05-12,123.300003,123.440002,121.660004,123.050003,777200,116.743385
2014-05-13,123.0,123.0,121.82,121.970001,580000,115.718736
2014-05-14,122.099998,122.099998,119.629997,119.800003,513000,113.659955
2014-05-15,119.0,119.419998,117.150002,118.720001,744500,112.635306
2014-05-16,118.620003,119.139999,117.75,118.559998,797100,112.483503
2014-05-19,118.139999,120.269997,118.139999,120.110001,765700,113.954065
2014-05-20,120.050003,120.129997,118.660004,119.389999,575800,113.270965
2014-05-21,119.589996,120.540001,119.160004,120.050003,426300,113.897142
2014-05-22,120.040001,120.769997,119.889999,120.769997,868800,114.580234
2014-05-23,120.559998,121.269997,120.190002,121.169998,361900,114.959735
2014-05-27,121.650002,122.489998,121.099998,121.449997,415200,115.225383
2014-05-28,121.629997,122.169998,120.790001,122.110001,700900,115.85156
2014-05-29,121.0,121.419998,120.080002,120.639999,996700,115.116805
2014-05-30,120.300003,122.160004,120.300003,121.370003,1127500,115.813387
2014-06-02,121.389999,121.599998,120.309998,121.449997,793500,115.889719
2014-06-03,121.169998,122.709999,121.169998,122.290001,684700,116.691265
2014-06-04,121.949997,122.629997,121.68,122.010002,507300,116.424086
2014-06-05,122.220001,123.269997,121.629997,123.239998,499500,117.597769
2014-06-06,123.57,124.400002,123.089996,123.730003,507500,118.065341
2014-06-09,123.660004,125.610001,123.169998,125.610001,959300,119.859267
2014-06-10,125.139999,125.900002,124.669998,124.690002,708100,118.981389
2014-06-11,124.419998,124.480003,123.379997,123.620003,798400,117.960377
2014-06-12,123.519997,124.029999,122.839996,122.900002,689300,117.273339
2014-06-13,123.279999,124.089996,122.519997,122.669998,981000,117.053865
2014-06-16,122.510002,122.620003,121.860001,121.940002,884700,116.357291
2014-06-17,121.82,124.050003,121.82,123.68,670800,118.017627
2014-06-18,123.650002,124.129997,122.660004,123.889999,539300,118.218012
2014-06-19,123.919998,123.919998,122.779999,123.620003,618800,117.960377
2014-06-20,124.330002,125.209999,124.139999,124.730003,1156400,119.019559
2014-06-23,124.800003,124.989998,123.940002,124.230003,781600,118.54245
2014-06-24,123.940002,124.889999,123.330002,123.529999,886700,117.874493
2014-06-25,123.099998,124.389999,122.349998,124.169998,985400,118.485192
2014-06-26,123.860001,124.239998,122.970001,123.82,497900,118.151217
2014-06-27,123.449997,124.419998,123.0,124.120003,573700,118.437485
2014-06-30,124.190002,124.43,123.5,124.050003,667900,118.37069
2014-07-01,124.550003,125.699997,124.190002,124.970001,636000,119.248569
2014-07-02,124.779999,125.209999,123.629997,123.830002,603200,118.160761
2014-07-03,124.199997,125.139999,124.029999,124.940002,388100,119.219943
2014-07-07,124.580002,124.93,124.040001,124.650002,543200,118.943219
2014-07-08,124.279999,124.669998,123.019997,123.279999,479500,117.635939
2014-07-09,123.620003,124.169998,122.730003,122.82,591200,117.197
2014-07-10,121.5,122.169998,120.970001,121.690002,672900,116.118736
2014-07-11,121.360001,122.050003,120.68,122.010002,553600,116.424086
2014-07-14,123.25,123.300003,121.589996,121.629997,419900,116.061478
2014-07-15,122.239998,123.349998,121.910004,123.169998,558200,117.530974
2014-07-16,123.279999,123.529999,121.610001,122.260002,899500,116.66264
2014-07-17,122.809998,123.919998,121.589996,121.910004,1108500,116.328665
2014-07-18,122.830002,122.830002,121.370003,122.059998,660500,116.471792
2014-07-21,122.099998,122.459999,121.389999,122.449997,501900,116.843936
2014-07-22,122.589996,123.730003,122.279999,122.309998,771600,116.710347
2014-07-23,122.18,122.68,121.639999,122.470001,452300,116.863025
2014-07-24,122.760002,123.800003,122.449997,123.57,743600,117.912663
2014-07-25,123.269997,124.480003,123.269997,124.199997,591800,118.513817
2014-07-28,123.769997,123.949997,122.309998,122.68,496400,117.06341
2014-07-29,122.510002,123.18,122.230003,122.230003,423300,116.634015
2014-07-30,122.879997,123.339996,121.830002,122.709999,444300,117.092035
2014-07-31,122.220001,122.5,121.190002,121.5,857400,115.937433
2014-08-01,121.0,121.730003,119.449997,119.910004,605700,114.42023
2014-08-04,120.269997,120.330002,118.949997,120.129997,445000,114.630152
2014-08-05,119.5,120.889999,119.260002,119.790001,491000,114.305722
2014-08-06,119.639999,120.839996,119.620003,120.029999,322100,114.534732
2014-08-07,120.099998,120.370003,118.559998,118.82,481500,113.380129
2014-08-08,118.800003,119.940002,118.510002,119.900002,390700,114.410686
2014-08-11,120.0,120.07,119.470001,119.580002,357400,114.105337
2014-08-12,119.489998,119.910004,119.07,119.5,461000,114.028998
2014-08-13,119.949997,120.529999,119.440002,120.230003,534100,114.72558
2014-08-14,120.209999,120.650002,119.900002,120.099998,283800,114.601527
2014-08-15,120.349998,120.959999,119.099998,119.959999,480000,114.467937
2014-08-18,120.440002,121.400002,120.220001,121.07,309800,115.527119
2014-08-19,121.400002,121.980003,121.099998,121.400002,313200,115.842012
2014-08-20,121.0,121.540001,120.589996,121.400002,353200,115.842012
2014-08-21,121.510002,123.519997,121.309998,123.290001,543600,117.645483
2014-08-22,122.879997,123.580002,122.550003,122.669998,394100,117.053865
2014-08-25,123.139999,124.279999,122.919998,123.800003,690600,118.132136
2014-08-26,123.669998,124.360001,123.669998,124.18,666300,118.494736
2014-08-27,124.5,124.5,123.629997,123.779999,453200,118.113048
2014-08-28,122.660004,123.019997,121.879997,122.660004,326500,117.710005
2014-08-29,122.68,123.690002,122.580002,123.629997,359800,118.640854
2014-09-02,124.0,124.449997,123.230003,124.410004,409800,119.389383
2014-09-03,124.449997,124.760002,123.370003,123.589996,396200,118.602467
2014-09-04,123.599998,124.989998,123.339996,124.089996,355300,119.082289
2014-09-05,123.800003,124.519997,123.120003,124.480003,336900,119.456558
2014-09-08,124.239998,124.75,124.050003,124.589996,369600,119.562112
2014-09-09,124.099998,124.449997,123.290001,123.800003,568500,118.803999
2014-09-10,123.660004,125.400002,123.660004,125.029999,534000,119.984358
2014-09-11,124.690002,125.900002,124.059998,125.739998,531200,120.665704
2014-09-12,125.75,126.900002,125.43,125.940002,512200,120.857638
2014-09-15,125.769997,126.230003,125.150002,125.68,392100,120.608128
2014-09-16,125.550003,126.089996,124.900002,125.699997,523600,120.627318
2014-09-17,125.650002,127.190002,125.349998,126.290001,523300,121.193512
2014-09-18,126.370003,127.75,126.370003,127.139999,578800,122.009208
2014-09-19,128.119995,128.690002,127.519997,127.68,917800,122.527417
2014-09-22,127.0,127.620003,126.470001,126.610001,418700,121.500598
2014-09-23,126.510002,126.989998,125.349998,125.360001,482100,120.301042
2014-09-24,125.239998,125.940002,124.940002,125.68,468300,120.608128
2014-09-25,125.690002,125.690002,123.860001,124.139999,448600,119.130275
2014-09-26,123.989998,124.900002,123.75,124.830002,534600,119.792432
2014-09-29,123.739998,124.57,123.470001,124.330002,330300,119.312609
2014-09-30,124.209999,124.480003,123.129997,123.290001,719300,118.314578
2014-10-01,123.260002,123.309998,122.07,122.279999,996500,117.345335
2014-10-02,122.279999,122.690002,121.25,122.209999,1059700,117.27816
2014-10-03,123.110001,123.769997,122.410004,123.349998,1006000,118.372155
2014-10-06,123.629997,123.93,122.739998,122.870003,443900,117.911529
2014-10-07,122.169998,122.540001,120.959999,120.989998,761900,116.107393
2014-10-08,121.0,123.550003,120.959999,123.489998,605000,118.506504
2014-10-09,123.510002,123.510002,121.0,121.010002,608300,116.12659
2014-10-10,121.059998,122.019997,119.940002,119.959999,758200,115.11896
2014-10-13,120.290001,120.919998,118.900002,118.940002,522100,114.140126
2014-10-14,119.0,121.129997,119.0,119.900002,623500,115.061384
2014-10-15,118.650002,118.830002,114.440002,115.870003,1509800,111.194017
2014-10-16,114.110001,116.620003,113.760002,116.160004,1105700,111.472315
2014-10-17,113.910004,115.669998,112.730003,112.860001,1411400,108.305485
2014-10-20,112.419998,113.459999,112.419998,113.089996,868200,108.526199
2014-10-21,113.650002,115.099998,113.510002,115.080002,729200,110.435897
2014-10-22,115.230003,116.389999,114.790001,114.919998,779700,110.282351
2014-10-23,116.330002,116.529999,115.300003,115.559998,884800,110.896523
2014-10-24,115.269997,116.470001,115.269997,116.370003,502600,111.67384
2014-10-27,116.0,117.269997,115.919998,117.059998,657000,112.335989
2014-10-28,117.190002,118.5,117.18,118.480003,763200,113.69869
2014-10-29,118.019997,119.480003,117.629997,119.43,1102300,114.61035
2014-10-30,119.459999,122.839996,118.440002,119.599998,885800,114.773487
2014-10-31,120.389999,122.529999,119.860001,122.18,1249900,117.249372
2014-11-03,122.620003,122.760002,121.489998,121.699997,451600,116.78874
2014-11-04,121.660004,121.93,120.370003,121.269997,510300,116.376092
2014-11-05,121.68,122.910004,121.309998,122.830002,463700,117.873143
2014-11-06,123.089996,124.43,122.540001,124.43,686400,119.408572
2014-11-07,124.300003,124.839996,123.379997,124.540001,525500,119.514134
2014-11-10,124.269997,125.139999,124.0,124.660004,421500,119.629294
2014-11-11,124.449997,125.0,124.339996,124.849998,350100,119.811621
2014-11-12,124.269997,126.019997,124.129997,125.620003,744700,120.550552
2014-11-13,125.559998,126.0,124.900002,125.360001,411500,120.301042
2014-11-14,125.059998,125.839996,124.580002,124.940002,406100,119.897993
2014-11-17,125.160004,125.169998,123.730003,124.709999,472800,119.677272
2014-11-18,124.639999,125.0,124.07,124.760002,693400,119.725257
2014-11-19,124.580002,124.790001,123.120003,124.620003,688200,119.590907
2014-11-20,123.919998,124.870003,123.699997,124.809998,512600,119.773235
2014-11-21,125.889999,126.110001,124.389999,124.68,680600,119.648484
2014-11-24,125.300003,126.25,125.220001,126.050003,377400,120.963199
2014-11-25,126.099998,126.480003,125.580002,126.220001,465100,121.126337
2014-11-26,125.519997,126.470001,124.910004,126.360001,645400,121.93693
2014-11-28,126.599998,126.800003,125.800003,126.019997,410900,121.608828
2014-12-01,125.139999,125.690002,123.940002,124.199997,989500,119.852535
2014-12-02,124.5,126.349998,124.440002,125.720001,621800,121.319333
2014-12-03,125.110001,127.57,125.110001,127.0,754400,122.554527
2014-12-04,127.040001,127.809998,126.32,127.379997,650600,122.921223
2014-12-05,127.599998,128.960007,127.559998,128.029999,739700,123.548472
2014-12-08,127.980003,128.610001,127.220001,127.860001,582900,123.384425
2014-12-09,126.290001,128.100006,125.910004,127.800003,1049900,123.326527
2014-12-10,126.75,127.589996,123.0,123.269997,1155100,118.955088
2014-12-11,124.129997,125.220001,123.730003,123.980003,753700,119.640242
2014-12-12,123.07,124.010002,121.809998,121.849998,730100,117.584795
2014-12-15,122.199997,122.720001,120.739998,121.190002,546600,116.947901
2014-12-16,120.879997,121.940002,119.580002,119.709999,1114900,115.519704
2014-12-17,120.400002,121.910004,119.910004,121.860001,1011600,117.594447
2014-12-18,123.349998,124.389999,123.190002,124.339996,951200,119.987634
2014-12-19,124.790001,125.790001,124.540001,125.110001,955400,120.730685
2014-12-22,125.139999,125.910004,124.510002,125.800003,749400,121.396535
2014-12-23,126.239998,127.93,125.830002,127.300003,499500,122.844029
2014-12-24,127.300003,127.860001,126.540001,126.620003,196800,122.187831
2014-12-26,127.129997,127.709999,126.699997,126.739998,222200,122.303626
2014-12-29,126.290001,128.190002,126.269997,127.519997,273500,123.056322
2014-12-30,127.110001,127.940002,126.559998,127.330002,264400,122.872978
2014-12-31,127.790001,127.790001,125.57,125.620003,399700,121.222835
2015-01-02,126.419998,126.790001,123.889999,125.389999,438400,121.000883
2015-01-05,124.389999,124.489998,121.059998,121.349998,663800,117.102297
2015-01-06,121.529999,121.650002,117.919998,118.629997,887500,114.477506
2015-01-07,119.839996,120.120003,117.580002,118.879997,748100,114.718755
2015-01-08,120.089996,121.620003,119.589996,121.290001,753100,117.044399
2015-01-09,121.190002,121.190002,118.849998,118.849998,582500,114.689806
2015-01-12,118.849998,118.849998,116.889999,118.07,1157700,113.93711
2015-01-13,118.82,119.830002,118.25,118.849998,1703100,114.689806
2015-01-14,117.029999,117.900002,112.949997,115.309998,1355900,111.273718
2015-01-15,114.870003,116.43,113.68,114.379997,1020400,110.376272
2015-01-16,114.0,115.839996,113.709999,115.029999,1232600,111.003521
2015-01-20,115.25,116.910004,112.639999,112.860001,1013500,108.909481
2015-01-21,112.5,113.75,111.779999,112.279999,1092500,108.349781
2015-01-22,112.779999,117.529999,112.690002,117.129997,966700,113.030011
2015-01-23,116.589996,117.220001,115.190002,115.220001,438500,111.186872
2015-01-26,115.0,116.910004,114.25,116.900002,600500,112.808066
2015-01-27,115.540001,116.900002,115.129997,116.150002,828500,112.084319
2015-01-28,116.5,116.93,113.720001,113.720001,1107800,109.739378
2015-01-29,113.620003,115.489998,113.269997,115.400002,680600,111.360572
2015-01-30,113.629997,115.010002,113.059998,113.160004,1035200,109.198982
2015-02-02,114.010002,115.739998,113.209999,115.550003,973900,111.505323
2015-02-03,116.0,118.349998,116.0,118.290001,706100,114.149411
2015-02-04,117.860001,119.550003,117.730003,118.589996,866500,114.438905
2015-02-05,118.970001,119.620003,118.82,119.459999,770000,115.278455
2015-02-06,121.309998,123.900002,120.260002,121.650002,835200,117.391799
2015-02-09,120.669998,121.419998,119.910004,120.599998,467700,116.37855
2015-02-10,121.410004,121.440002,120.120003,121.150002,412100,116.909301
2015-02-11,120.690002,121.029999,119.779999,120.529999,419700,116.311
2015-02-12,120.949997,123.410004,120.830002,123.379997,792800,119.061238
2015-02-13,123.580002,124.389999,122.849998,123.900002,747200,119.56304
2015-02-17,123.889999,124.800003,122.989998,124.029999,631500,119.688487
2015-02-18,123.699997,123.900002,121.440002,121.699997,775100,117.440044
2015-02-19,121.629997,121.989998,120.339996,121.209999,709300,116.967198
2015-02-20,120.730003,121.610001,119.459999,121.339996,1243000,117.092645
2015-02-23,121.050003,121.370003,120.410004,121.199997,468100,116.957546
2015-02-24,121.089996,122.300003,120.989998,121.580002,872700,117.324249
2015-02-25,121.699997,121.720001,120.910004,121.559998,659500,117.304945
2015-02-26,120.860001,121.459999,120.559998,121.349998,951500,117.780538
2015-02-27,121.279999,121.690002,120.550003,121.0,600400,117.440834
2015-03-02,121.0,123.010002,120.830002,122.769997,751400,119.158767
2015-03-03,122.300003,122.959999,121.800003,122.730003,641100,119.11995
2015-03-04,121.949997,122.529999,121.529999,122.449997,593300,118.84818
2015-03-05,122.639999,123.269997,121.550003,123.220001,724800,119.595535
2015-03-06,123.300003,125.959999,123.190002,124.43,1126900,120.769942
2015-03-09,124.040001,124.82,123.5,124.470001,623500,120.808767
2015-03-10,123.510002,123.510002,121.290001,121.290001,656600,117.722305
2015-03-11,121.57,122.040001,121.160004,121.660004,826100,118.081424
2015-03-12,122.309998,125.760002,122.309998,125.639999,948000,121.94435
2015-03-13,125.610001,125.68,124.199997,125.220001,533100,121.536706
2015-03-16,125.910004,126.019997,125.010002,126.0,758800,122.293761
2015-03-17,125.279999,126.699997,124.959999,126.699997,900400,122.973168
2015-03-18,126.559998,127.790001,125.989998,127.07,1077500,123.332287
2015-03-19,126.440002,126.970001,125.239998,126.459999,662500,122.74023
2015-03-20,127.150002,128.289993,126.790001,128.0,901500,124.234932
2015-03-23,128.0,129.580002,127.239998,127.330002,1713000,123.584642
2015-03-24,127.269997,127.370003,125.540001,126.029999,1552600,122.322878
2015-03-25,126.0,126.019997,123.32,123.32,946600,119.692592
2015-03-26,123.330002,124.550003,122.43,124.110001,689600,120.459355
2015-03-27,124.07,125.099998,123.279999,124.970001,970300,121.294059
2015-03-30,125.529999,127.529999,125.32,126.879997,657400,123.147874
2015-03-31,126.230003,127.25,125.800003,127.0,901500,123.264347
2015-04-01,126.910004,126.949997,125.25,126.260002,592000,122.546115
2015-04-02,126.150002,127.519997,125.370003,127.209999,604800,123.468169
2015-04-06,124.010002,124.639999,121.25,123.760002,3864900,120.119652
2015-04-07,123.529999,125.839996,123.529999,124.540001,2271100,120.876707
2015-04-08,124.919998,124.980003,123.449997,124.25,1206500,120.595237
2015-04-09,124.199997,124.889999,123.790001,124.699997,1698600,121.031997
2015-04-10,124.599998,124.989998,123.919998,124.389999,1065700,120.731118
2015-04-13,123.010002,124.860001,123.0,124.209999,913700,120.556412
2015-04-14,123.349998,124.290001,122.459999,123.260002,1070400,119.634359
2015-04-15,123.830002,125.139999,123.290001,123.980003,1565400,120.333182
2015-04-16,123.800003,123.959999,122.959999,123.209999,806900,119.585827
2015-04-17,122.519997,123.239998,120.57,120.809998,1403800,117.256421
2015-04-20,120.669998,121.410004,118.949997,119.209999,1714900,115.703485
2015-04-21,119.389999,120.129997,118.470001,119.489998,1108600,115.975248
2015-04-22,119.379997,120.620003,118.699997,120.5,867600,116.955541
2015-04-23,120.169998,120.629997,119.610001,120.190002,570000,116.654662
2015-04-24,119.93,120.440002,118.959999,119.610001,591500,116.091721
2015-04-27,119.690002,120.529999,117.860001,118.370003,1074100,114.888197
2015-04-28,118.379997,120.650002,118.089996,120.43,925800,116.887601
2015-04-29,119.949997,121.190002,119.760002,120.169998,1024500,116.635246
2015-04-30,120.010002,120.879997,119.18,119.669998,846600,116.149954
2015-05-01,120.449997,120.739998,118.800003,119.290001,497300,115.781134
2015-05-04,119.709999,121.800003,119.440002,121.720001,1176300,118.139657
2015-05-05,120.949997,121.760002,120.209999,120.300003,1243300,116.761427
2015-05-06,120.82,121.300003,119.919998,120.82,672100,117.266128
2015-05-07,120.93,121.050003,119.599998,120.18,704700,116.644954
2015-05-08,121.040001,121.800003,120.349998,121.5,606500,117.926127
2015-05-11,121.220001,121.830002,120.959999,121.25,486800,117.68348
2015-05-12,120.580002,121.699997,119.940002,121.300003,795600,117.732013
2015-05-13,121.110001,122.18,120.470001,122.019997,919800,118.430828
2015-05-14,122.940002,122.980003,121.889999,122.800003,737500,119.187891
2015-05-15,122.940002,122.970001,120.620003,121.199997,1241200,117.634948
2015-05-18,121.199997,122.699997,120.989998,122.510002,528000,118.90642
2015-05-19,122.949997,124.050003,122.580002,124.050003,1150700,120.401123
2015-05-20,123.760002,124.349998,122.910004,123.580002,507900,119.944946
2015-05-21,123.129997,123.93,122.93,123.610001,493600,119.974063
2015-05-22,123.379997,123.93,122.980003,123.160004,636300,119.537302
2015-05-26,122.760002,123.160004,121.510002,122.089996,574100,118.498769
2015-05-27,122.559998,122.910004,121.870003,122.269997,753500,118.673474
2015-05-28,121.540001,121.980003,121.0,121.790001,667400,118.888232
2015-05-29,121.910004,121.980003,120.720001,120.879997,808300,117.99991
2015-06-01,121.489998,121.940002,119.699997,119.849998,616500,116.994452
2015-06-02,119.709999,121.150002,119.559998,121.019997,568900,118.136574
2015-06-03,121.209999,123.18,120.559998,122.639999,641500,119.717978
2015-06-04,121.919998,122.959999,121.620003,122.0,978100,119.093228
2015-06-05,123.209999,124.080002,122.660004,123.860001,618200,120.908912
2015-06-08,123.540001,124.75,123.160004,123.970001,710700,121.016292
2015-06-09,123.849998,125.480003,123.620003,124.839996,545900,121.865558
2015-06-10,125.230003,127.129997,125.120003,126.43,544900,123.417679
2015-06-11,126.480003,127.0,125.860001,126.209999,498300,123.202919
2015-06-12,125.949997,126.220001,125.419998,126.129997,320300,123.124824
2015-06-15,125.290001,126.449997,124.739998,125.75,482600,122.75388
2015-06-16,125.639999,126.580002,125.32,126.330002,346600,123.320063
2015-06-17,126.839996,126.879997,125.129997,125.300003,748900,122.314605
2015-06-18,125.769997,126.959999,124.940002,126.57,814000,123.554342
2015-06-19,126.209999,126.639999,125.540001,125.629997,1069700,122.636737
2015-06-22,126.75,127.230003,126.589996,127.019997,565700,123.993618
2015-06-23,127.599998,128.619995,127.269997,128.160004,642300,125.106463
2015-06-24,127.839996,128.699997,127.489998,127.510002,516300,124.471948
2015-06-25,128.119995,128.449997,127.010002,127.300003,562300,124.266953
2015-06-26,127.989998,128.479996,127.639999,127.959999,349300,124.911224
2015-06-29,126.57,127.040001,124.620003,124.660004,512500,121.689854
2015-06-30,126.110001,126.889999,124.580002,124.93,750100,121.953418
2015-07-01,126.57,127.410004,125.839996,127.290001,794000,124.257189
2015-07-02,126.949997,127.540001,125.269997,125.910004,426900,122.910072
2015-07-06,124.339996,125.690002,123.970001,125.639999,410200,122.6465
2015-07-07,125.330002,125.480003,123.07,125.029999,593800,122.051034
2015-07-08,123.889999,124.559998,122.650002,123.010002,455900,120.079165
2015-07-09,124.699997,125.110001,123.43,124.190002,490200,121.231051
2015-07-10,126.010002,126.480003,125.300003,126.209999,604000,123.202919
2015-07-13,127.309998,127.75,126.949997,127.309998,466400,124.276709
2015-07-14,126.760002,127.690002,126.559998,127.18,869800,124.149809
2015-07-15,127.43,128.449997,126.839996,127.980003,789700,124.930751
2015-07-16,127.110001,131.110001,126.120003,130.809998,1140000,127.693318
2015-07-17,130.309998,131.449997,129.990005,131.220001,906700,128.093553
2015-07-20,131.5,132.440002,130.990005,132.0,763800,128.854968
2015-07-21,132.119995,133.190002,131.080002,131.860001,861100,128.718304
2015-07-22,131.770004,133.779999,131.770004,133.199997,553700,130.026373
2015-07-23,133.630005,134.0,132.059998,132.270004,489700,129.118539
2015-07-24,131.940002,132.369995,131.289993,131.610001,459600,128.47426
2015-07-27,130.610001,131.050003,130.0,130.729996,548100,127.615222
2015-07-28,131.580002,131.880005,130.259995,131.809998,588400,128.669492
2015-07-29,131.990005,132.800003,130.600006,132.160004,788000,129.011159
2015-07-30,132.0,132.729996,131.589996,132.220001,426800,129.069727
2015-07-31,132.210007,132.309998,130.979996,131.149994,511900,128.025214
2015-08-03,131.100006,131.369995,129.529999,130.649994,624700,127.537127
2015-08-04,130.949997,132.009995,130.360001,131.050003,418600,127.927605
2015-08-05,131.699997,133.149994,131.479996,132.240005,444700,129.089255
2015-08-06,132.460007,132.460007,131.169998,131.619995,490200,128.484017
2015-08-07,131.550003,132.0,129.75,130.770004,414000,127.654278
2015-08-10,131.199997,132.830002,130.979996,132.740005,465700,129.577342
2015-08-11,131.869995,131.929993,130.470001,130.979996,530300,127.859266
2015-08-12,129.979996,129.979996,127.370003,128.949997,553000,125.877634
2015-08-13,129.279999,129.800003,128.660004,129.520004,492000,126.43406
2015-08-14,129.550003,130.889999,129.490005,130.470001,536500,127.361423
2015-08-17,129.589996,131.610001,129.110001,130.910004,500900,127.790942
2015-08-18,131.100006,131.770004,130.229996,131.169998,413100,128.044741
2015-08-19,130.850006,131.350006,129.649994,129.910004,906100,126.814768
2015-08-20,128.009995,129.309998,125.440002,125.440002,880400,122.451269
2015-08-21,124.830002,124.980003,122.269997,122.290001,873700,119.376319
2015-08-24,117.839996,119.849998,114.239998,116.110001,1082300,113.343563
2015-08-25,121.489998,121.489998,112.860001,112.959999,911200,110.268614
2015-08-26,115.660004,117.800003,113.910004,117.690002,1224000,114.88592
2015-08-27,119.32,121.150002,118.489998,120.669998,814900,117.794914
2015-08-28,119.519997,119.93,118.129997,119.019997,594000,116.862142
2015-08-31,118.199997,118.82,117.620003,118.239998,838800,116.096285
2015-09-01,115.470001,116.220001,111.860001,112.650002,779700,110.607636
2015-09-02,114.459999,115.269997,112.790001,115.269997,903500,113.18013
2015-09-03,115.529999,118.690002,115.489998,118.260002,1483200,116.115927
2015-09-04,117.120003,117.68,116.300003,117.059998,1603700,114.937678
2015-09-08,119.620003,120.419998,118.760002,120.139999,650700,117.961839
2015-09-09,121.970001,122.690002,120.199997,120.410004,979500,118.226948
2015-09-10,120.029999,121.389999,119.800003,120.400002,591700,118.217127
2015-09-11,119.889999,121.080002,118.889999,121.029999,629800,118.835703
2015-09-14,120.970001,122.300003,120.260002,121.769997,634700,119.562284
2015-09-15,121.889999,123.18,121.459999,122.800003,814800,120.573616
2015-09-16,122.529999,122.779999,120.809998,122.080002,922000,119.866669
2015-09-17,122.139999,123.889999,119.589996,120.379997,978200,118.197486
2015-09-18,118.739998,118.800003,116.870003,118.330002,1860900,116.184657
2015-09-21,119.160004,120.440002,118.769997,120.059998,988400,117.883288
2015-09-22,118.230003,119.080002,117.07,117.989998,544900,115.850818
2015-09-23,117.669998,118.739998,117.089996,117.989998,381500,115.850818
2015-09-24,116.620003,119.879997,115.57,119.050003,1514400,116.891605
2015-09-25,120.879997,121.970001,120.519997,121.209999,779800,119.01244
2015-09-28,120.400002,121.150002,119.760002,119.919998,943500,117.745827
2015-09-29,120.129997,120.639999,118.879997,120.099998,725500,117.922563
2015-09-30,121.040001,123.300003,119.330002,121.949997,4744200,119.739021
2015-10-01,121.620003,122.199997,116.269997,117.150002,3195100,115.026051
2015-10-02,114.440002,116.660004,111.5,116.660004,2426100,114.544936
2015-10-05,117.32,118.589996,117.059998,118.279999,862400,116.135561
2015-10-06,118.010002,118.860001,116.459999,117.43,1097000,115.300973
2015-10-07,118.269997,119.639999,117.860001,119.620003,925300,117.45127
2015-10-08,118.870003,120.599998,118.480003,120.199997,985100,118.020749
2015-10-09,120.0,120.940002,118.970001,119.580002,926200,117.411994
2015-10-12,119.57,120.360001,119.029999,120.169998,513200,117.991294
2015-10-13,119.470001,120.300003,118.970001,119.25,740900,117.087976
2015-10-14,119.029999,119.080002,115.989998,116.110001,881500,114.004905
2015-10-15,117.029999,119.379997,116.550003,119.309998,1528700,117.146885
2015-10-16,119.82,119.989998,117.0,117.0,1229200,114.878769
2015-10-19,117.25,118.110001,112.610001,113.419998,2864800,111.363673
2015-10-20,113.540001,115.75,113.25,115.5,2676000,113.405964
2015-10-21,115.5,116.959999,114.900002,115.169998,1898000,113.081945
2015-10-22,115.980003,119.400002,115.980003,118.800003,2265600,116.646137
2015-10-23,120.110001,122.599998,119.470001,122.599998,1880200,120.377238
2015-10-26,122.220001,123.220001,120.940002,123.220001,1775400,120.986
2015-10-27,122.290001,123.540001,121.510002,123.160004,1703300,120.92709
2015-10-28,122.389999,125.559998,122.269997,125.559998,2318900,123.988276
2015-10-29,125.360001,126.160004,122.779999,123.019997,1975100,121.48007
2015-10-30,123.099998,123.690002,119.849998,119.849998,3524600,118.349753
2015-11-02,120.93,121.57,120.059998,120.269997,1883200,118.764494
2015-11-03,120.370003,120.900002,119.660004,120.139999,956900,118.636124
2015-11-04,120.32,120.699997,119.139999,119.559998,820000,118.063382
2015-11-05,119.57,121.309998,119.5,120.599998,969400,119.090365
2015-11-06,122.5,124.410004,122.010002,123.660004,1484100,122.112066
2015-11-09,122.980003,123.790001,121.610001,123.629997,2899500,122.082435
2015-11-10,123.0,124.120003,122.07,123.5,2384800,121.954065
2015-11-11,124.099998,125.349998,123.57,124.559998,1412900,123.000794
2015-11-12,123.790001,124.599998,123.389999,124.050003,1829400,122.497183
2015-11-13,123.720001,124.379997,121.610001,122.459999,1673500,120.927083
2015-11-16,122.379997,123.629997,121.790001,123.480003,995600,121.934319
2015-11-17,124.059998,125.809998,123.080002,124.269997,1152700,122.714423
2015-11-18,124.790001,125.300003,122.43,125.300003,1226400,123.731536
2015-11-19,125.419998,126.129997,124.43,125.43,694300,123.859906
2015-11-20,126.260002,126.489998,124.480003,125.080002,733900,123.514289
2015-11-23,125.260002,125.849998,124.57,125.080002,564100,123.514289
2015-11-24,123.980003,124.809998,123.010002,124.589996,1055200,123.030417
2015-11-25,124.650002,125.410004,123.870003,124.940002,689900,123.376042
2015-11-27,125.199997,125.510002,124.169998,125.449997,236200,123.879653
2015-11-30,125.43,125.959999,124.660004,125.330002,1089400,123.76116
2015-12-01,126.129997,126.730003,124.889999,126.150002,552900,124.570895
2015-12-02,126.32,126.68,124.809998,125.07,678100,123.504412
2015-12-03,125.519997,125.879997,122.440002,122.790001,946300,121.252954
2015-12-04,123.660004,126.43,123.129997,126.059998,1147200,124.482018
2015-12-07,125.610001,126.0,124.419998,125.589996,830600,124.0179
2015-12-08,124.370003,124.989998,123.279999,123.559998,841500,122.013312
2015-12-09,123.010002,123.790001,120.190002,120.980003,989500,119.465613
2015-12-10,121.279999,123.93,120.690002,122.650002,873400,121.114707
2015-12-11,120.610001,121.269997,119.5,120.410004,836400,118.902748
2015-12-14,121.029999,121.580002,118.639999,120.870003,1158100,119.356989
2015-12-15,122.279999,124.870003,121.650002,124.260002,891500,122.704554
2015-12-16,124.989998,126.739998,123.389999,126.419998,1036000,124.837512
2015-12-17,126.989998,127.389999,124.660004,124.739998,1062700,123.178541
2015-12-18,124.169998,124.220001,119.980003,120.029999,3568400,118.5275
2015-12-21,121.209999,122.160004,119.370003,120.639999,726500,119.129865
2015-12-22,121.059998,122.029999,119.949997,121.769997,591500,120.245717
2015-12-23,122.309998,123.370003,121.699997,123.25,406200,121.707195
2015-12-24,122.889999,124.0,122.57,123.330002,510700,121.786195
2015-12-28,122.620003,122.720001,121.080002,122.660004,419500,121.124584
2015-12-29,123.190002,124.230003,122.900002,124.0,409700,122.447806
2015-12-30,123.849998,123.989998,122.599998,122.639999,310000,121.10483
2015-12-31,121.800003,122.900002,121.18,121.18,797100,119.663107
2016-01-04,119.239998,119.239998,116.230003,117.480003,1143600,116.009425
2016-01-05,117.870003,118.989998,117.080002,118.129997,650100,116.651282
2016-01-06,116.349998,117.230003,115.279999,115.739998,859700,114.2912
2016-01-07,113.980003,114.57,111.900002,112.480003,982400,111.072013
2016-01-08,113.540001,113.599998,109.959999,110.169998,865700,108.790924
2016-01-11,110.089996,111.260002,108.32,109.129997,1260300,107.763942
2016-01-12,110.379997,110.739998,109.019997,110.489998,1317800,109.106918
2016-01-13,110.980003,111.160004,106.489998,106.720001,1595200,105.384113
2016-01-14,107.050003,107.989998,105.419998,107.209999,1148800,105.867977
2016-01-15,105.82,105.879997,102.720001,104.489998,1712000,103.182024
2016-01-19,105.690002,108.230003,104.419998,106.349998,1698100,105.018742
2016-01-20,104.120003,106.080002,101.910004,104.730003,2039500,103.419026
2016-01-21,104.720001,104.949997,101.830002,102.239998,1675500,100.960189
2016-01-22,103.739998,105.32,102.190002,104.580002,1776100,103.270902
2016-01-25,104.169998,104.459999,101.510002,101.790001,1607100,100.515825
2016-01-26,102.260002,105.900002,101.980003,105.68,2693100,104.357131
2016-01-27,105.309998,109.339996,104.650002,107.550003,2061400,106.203725
2016-01-28,107.93,109.599998,106.910004,108.199997,1678300,106.845583
2016-01-29,109.040001,110.230003,108.589996,110.18,1821500,108.800801
2016-02-01,109.779999,110.169998,107.160004,108.160004,1308800,106.80609
2016-02-02,106.57,106.57,104.779999,105.559998,1251700,104.23863
2016-02-03,105.93,106.260002,103.169998,106.169998,1245600,104.840995
2016-02-04,105.900002,109.559998,105.879997,108.190002,1011500,106.835713
2016-02-05,108.199997,109.82,106.949997,107.800003,1260600,106.450596
2016-02-08,105.629997,106.360001,104.610001,105.900002,1097000,104.574378
2016-02-09,104.440002,108.279999,104.339996,107.519997,1411600,106.174095
2016-02-10,108.220001,108.870003,105.379997,105.470001,1023400,104.14976
2016-02-11,102.419998,103.790001,100.080002,100.779999,1724000,99.518466
2016-02-12,102.589996,106.410004,102.589996,105.93,1365500,104.604001
2016-02-16,107.720001,110.25,106.230003,108.879997,1105100,107.517071
2016-02-17,109.860001,111.089996,107.860001,108.529999,1294600,107.171454
2016-02-18,108.980003,108.989998,105.279999,106.160004,1513000,104.831126
2016-02-19,105.730003,107.360001,104.839996,107.050003,714800,105.709984
2016-02-22,108.440002,109.639999,108.330002,109.440002,579400,108.070066
2016-02-23,108.980003,109.879997,105.57,105.970001,682400,104.643502
2016-02-24,104.389999,105.160004,101.949997,104.849998,1040400,103.537519
2016-02-25,105.160004,106.110001,103.440002,105.290001,1962500,103.972013
2016-02-26,105.5,107.349998,103.830002,106.25,1323500,105.622204
2016-02-29,106.339996,106.339996,102.529999,102.550003,1603600,101.944069
2016-03-01,103.379997,105.790001,103.169998,105.199997,2064700,104.578405
2016-03-02,105.379997,108.970001,104.730003,108.879997,1976400,108.236661
2016-03-03,108.610001,109.870003,107.660004,109.849998,973000,109.200931
2016-03-04,110.260002,111.459999,108.660004,110.230003,1010400,109.578691
2016-03-07,109.260002,110.080002,108.629997,109.709999,699600,109.061759
2016-03-08,108.540001,108.919998,107.120003,107.82,1254100,107.182927
2016-03-09,108.760002,108.980003,107.459999,108.0,956100,107.361864
2016-03-10,109.07,109.230003,106.050003,107.790001,952500,107.153106
2016-03-11,108.900002,111.449997,108.18,111.32,1492300,110.662247
2016-03-14,111.239998,112.230003,110.349998,111.57,835800,110.91077
2016-03-15,110.290001,111.610001,110.040001,111.379997,662300,110.72189
2016-03-16,110.900002,112.139999,109.260002,110.660004,756300,110.00615
2016-03-17,110.279999,111.389999,108.790001,111.080002,746000,110.423667
2016-03-18,111.620003,113.389999,111.620003,112.610001,2461200,111.944625
2016-03-21,112.18,113.339996,111.699997,112.519997,438600,111.855153
2016-03-22,111.360001,113.010002,111.050003,112.440002,488400,111.775632
2016-03-23,112.5,113.019997,111.480003,111.970001,615000,111.308408
2016-03-24,111.059998,111.260002,109.75,111.25,619700,110.592661
2016-03-28,111.720001,112.730003,110.68,111.330002,480500,110.67219
2016-03-29,110.529999,111.220001,109.160004,111.150002,712600,110.493253
2016-03-30,111.349998,113.300003,110.370003,111.970001,617600,111.308408
2016-03-31,111.589996,112.360001,110.839996,111.0,718900,110.344138
2016-04-01,111.059998,112.82,109.559998,112.419998,966700,111.755746
2016-04-04,112.150002,112.970001,111.589996,112.18,523800,111.517166
2016-04-05,110.879997,111.150002,109.790001,109.980003,599000,109.330168
2016-04-06,109.839996,111.139999,109.169998,110.870003,498400,110.214909
2016-04-07,109.779999,110.120003,107.010002,107.809998,775600,107.172984
2016-04-08,108.849998,110.120003,108.25,108.860001,681400,108.216783
2016-04-11,109.480003,111.129997,109.309998,109.769997,672600,109.121402
2016-04-12,109.449997,111.779999,109.349998,111.449997,450200,110.791476
2016-04-13,112.800003,115.800003,112.599998,115.529999,854300,114.84737
2016-04-14,115.18,117.830002,115.099998,116.220001,835000,115.533296
2016-04-15,116.57,116.669998,114.010002,114.809998,893800,114.131623
2016-04-18,114.349998,116.220001,112.809998,115.809998,959500,115.125715
2016-04-19,115.470001,118.029999,115.040001,117.849998,915000,117.153662
2016-04-20,118.330002,121.110001,117.720001,120.260002,1090400,119.549426
2016-04-21,119.370003,120.160004,118.199997,118.300003,856500,117.601008
2016-04-22,117.870003,119.779999,116.370003,119.040001,698200,118.336633
2016-04-25,118.330002,119.050003,117.309998,118.889999,744900,118.187518
2016-04-26,119.32,119.940002,118.599998,119.629997,530100,118.923143
2016-04-27,119.589996,120.879997,118.610001,120.43,827700,119.718419
2016-04-28,119.139999,120.610001,118.669998,119.139999,961100,118.436041
2016-04-29,118.650002,119.080002,117.510002,118.32,1027000,117.620886
2016-05-02,118.919998,119.410004,117.800003,118.949997,1176400,118.247161
2016-05-03,117.550003,117.550003,115.440002,116.690002,802300,116.00052
2016-05-04,115.309998,115.93,113.18,114.120003,1084300,113.445706
2016-05-05,114.330002,115.139999,113.559998,114.220001,656900,113.545113
2016-05-06,113.669998,114.910004,113.519997,114.690002,597500,114.012337
2016-05-09,114.550003,114.849998,113.269997,113.889999,674100,113.217061
2016-05-10,114.779999,115.949997,114.279999,115.790001,665500,115.105836
2016-05-11,115.239998,116.5,114.900002,115.470001,646100,114.787727
2016-05-12,116.139999,116.879997,114.370003,115.110001,431300,114.429854
2016-05-13,114.82,115.760002,112.639999,113.230003,580800,112.560965
2016-05-16,113.010002,114.610001,112.57,114.050003,560400,113.376119
2016-05-17,113.580002,114.800003,112.410004,113.169998,478900,112.501314
2016-05-18,113.190002,116.760002,112.940002,116.739998,1161000,116.05022
2016-05-19,115.879997,117.089996,114.239998,115.82,684200,115.135658
2016-05-20,116.57,117.440002,115.849998,116.389999,394400,115.70229
2016-05-23,116.419998,116.550003,114.730003,115.830002,377600,115.145601
2016-05-24,116.510002,118.449997,116.300003,117.800003,563100,117.103962
2016-05-25,118.720001,120.0,118.599998,119.0,1609800,118.296869
2016-05-26,118.879997,119.360001,117.839996,118.470001,463000,117.770001
2016-05-27,118.18,119.370003,117.889999,119.370003,764300,119.370003
2016-05-31,119.870003,120.099998,118.660004,119.5,981900,119.5
2016-06-01,119.5,119.510002,117.260002,119.269997,577000,119.269997
2016-06-02,118.739998,120.120003,118.379997,120.080002,800900,120.080002
2016-06-03,118.480003,118.480003,115.779999,118.290001,757000,118.290001
2016-06-06,118.709999,120.650002,117.980003,119.980003,685100,119.980003
2016-06-07,120.129997,120.25,118.43,118.489998,801200,118.489998
2016-06-08,118.269997,119.160004,117.980003,119.029999,679300,119.029999
2016-06-09,118.739998,118.739998,117.040001,118.370003,652500,118.370003
2016-06-10,116.730003,117.800003,116.510002,117.550003,839700,117.550003
2016-06-13,117.139999,118.970001,116.860001,117.690002,1133400,117.690002
