Date,Open_SRCL,High_SRCL,Low_SRCL,Close_SRCL,Volume_SRCL,AdjClose_SRCL
2013-06-14,106.809998,107.040001,106.410004,106.410004,232800,106.410004
2013-06-17,107.220001,109.989998,106.870003,109.330002,1030900,109.330002
2013-06-18,109.68,111.089996,109.540001,110.879997,560100,110.879997
2013-06-19,110.900002,110.949997,108.5,108.589996,262700,108.589996
2013-06-20,107.510002,108.129997,106.360001,106.68,299500,106.68
2013-06-21,107.290001,108.169998,106.660004,107.510002,714500,107.510002
2013-06-24,106.75,108.010002,106.5,107.480003,305400,107.480003
2013-06-25,108.559998,109.120003,107.830002,108.559998,413400,108.559998
2013-06-26,109.220001,110.050003,108.690002,109.889999,229100,109.889999
2013-06-27,110.330002,111.580002,110.330002,110.989998,297400,110.989998
2013-06-28,110.0,111.540001,109.550003,110.43,504600,110.43
2013-07-01,110.720001,112.169998,110.220001,111.449997,263000,111.449997
2013-07-02,110.93,112.059998,110.610001,110.870003,259800,110.870003
2013-07-03,110.309998,111.769997,109.940002,111.07,133600,111.07
2013-07-05,112.269997,112.5,110.349998,112.43,183600,112.43
2013-07-08,113.129997,114.059998,112.82,113.980003,344300,113.980003
2013-07-09,114.18,115.510002,113.989998,114.099998,413400,114.099998
2013-07-10,114.050003,115.389999,113.830002,115.309998,281300,115.309998
2013-07-11,115.910004,116.720001,115.010002,116.589996,316900,116.589996
2013-07-12,116.709999,117.32,115.959999,117.309998,357300,117.309998
2013-07-15,117.269997,117.860001,116.050003,116.440002,265100,116.440002
2013-07-16,117.010002,117.019997,115.040001,115.910004,297700,115.910004
2013-07-17,116.639999,116.980003,115.720001,115.959999,214900,115.959999
2013-07-18,116.040001,117.910004,116.019997,117.410004,300000,117.410004
2013-07-19,117.739998,118.120003,116.919998,117.93,411000,117.93
2013-07-22,119.400002,119.589996,118.160004,118.709999,260400,118.709999
2013-07-23,118.93,119.269997,117.519997,118.720001,220900,118.720001
2013-07-24,118.559998,118.919998,116.82,117.370003,434100,117.370003
2013-07-25,117.25,118.110001,116.0,116.910004,395800,116.910004
2013-07-26,116.809998,116.809998,115.980003,116.769997,300700,116.769997
2013-07-29,116.650002,116.650002,115.43,115.489998,389500,115.489998
2013-07-30,116.25,116.25,115.5,116.099998,335800,116.099998
2013-07-31,116.25,116.519997,115.800003,115.940002,330300,115.940002
2013-08-01,116.629997,116.949997,115.949997,116.709999,518900,116.709999
2013-08-02,116.339996,117.239998,116.230003,117.190002,297500,117.190002
2013-08-05,116.989998,117.720001,116.290001,117.379997,220600,117.379997
2013-08-06,116.959999,117.660004,116.470001,116.959999,235500,116.959999
2013-08-07,116.910004,116.910004,115.93,116.470001,167800,116.470001
2013-08-08,117.300003,117.980003,116.440002,117.690002,187300,117.690002
2013-08-09,117.339996,117.730003,116.290001,117.0,192800,117.0
2013-08-12,116.830002,117.900002,116.550003,117.309998,158000,117.309998
2013-08-13,117.57,117.57,116.269997,117.110001,202600,117.110001
2013-08-14,116.910004,116.910004,116.209999,116.82,154900,116.82
2013-08-15,116.110001,116.669998,114.220001,114.510002,399800,114.510002
2013-08-16,114.550003,114.959999,114.25,114.540001,280200,114.540001
2013-08-19,114.269997,115.209999,114.0,114.779999,213200,114.779999
2013-08-20,114.93,115.690002,114.25,115.5,188800,115.5
2013-08-21,114.809998,115.169998,114.089996,114.239998,201700,114.239998
2013-08-22,114.129997,115.669998,114.129997,115.220001,170900,115.220001
2013-08-23,115.0,116.099998,114.529999,115.919998,214700,115.919998
2013-08-26,115.709999,116.440002,115.370003,115.470001,238300,115.470001
2013-08-27,114.650002,115.32,113.480003,113.489998,264800,113.489998
2013-08-28,111.459999,113.480003,111.32,112.940002,278500,112.940002
2013-08-29,112.970001,113.660004,112.510002,112.75,192000,112.75
2013-08-30,112.970001,113.339996,112.040001,112.559998,286700,112.559998
2013-09-03,113.260002,113.849998,111.209999,111.559998,269800,111.559998
2013-09-04,111.779999,113.290001,111.5,112.970001,236700,112.970001
2013-09-05,112.5,112.980003,111.730003,112.379997,265900,112.379997
2013-09-06,113.120003,113.389999,111.5,112.480003,178200,112.480003
2013-09-09,112.879997,114.139999,112.709999,113.980003,153000,113.980003
2013-09-10,115.019997,115.349998,114.330002,114.779999,198300,114.779999
2013-09-11,114.949997,115.489998,114.07,115.209999,240900,115.209999
2013-09-12,114.849998,115.730003,114.57,114.709999,187100,114.709999
2013-09-13,115.330002,115.489998,114.330002,114.589996,213600,114.589996
2013-09-16,116.059998,116.550003,115.129997,115.849998,193500,115.849998
2013-09-17,116.139999,116.400002,115.349998,115.75,206100,115.75
2013-09-18,115.339996,117.519997,114.919998,117.050003,360000,117.050003
2013-09-19,117.5,117.580002,116.510002,117.110001,272000,117.110001
2013-09-20,116.5,117.18,115.559998,116.400002,558800,116.400002
2013-09-23,115.919998,116.629997,115.120003,115.57,284800,115.57
2013-09-24,115.349998,115.980003,113.959999,113.989998,946600,113.989998
2013-09-25,113.910004,115.019997,113.779999,114.599998,393000,114.599998
2013-09-26,114.959999,115.669998,114.620003,115.650002,172200,115.650002
2013-09-27,114.900002,116.160004,114.790001,115.669998,238600,115.669998
2013-09-30,115.129997,115.93,114.260002,115.400002,283100,115.400002
2013-10-01,115.709999,117.360001,115.150002,116.989998,332100,116.989998
2013-10-02,115.980003,116.110001,114.389999,115.629997,246700,115.629997
2013-10-03,115.150002,115.150002,113.400002,114.220001,302400,114.220001
2013-10-04,114.260002,116.190002,113.949997,115.830002,298500,115.830002
2013-10-07,114.720001,115.68,114.279999,115.379997,217100,115.379997
2013-10-08,115.019997,115.639999,114.220001,114.32,252400,114.32
2013-10-09,115.010002,115.010002,113.349998,113.739998,284700,113.739998
2013-10-10,114.309998,116.029999,113.870003,115.970001,160100,115.970001
2013-10-11,114.959999,117.040001,114.93,116.879997,190400,116.879997
2013-10-14,116.379997,117.269997,115.879997,117.099998,175100,117.099998
2013-10-15,116.629997,117.589996,116.330002,116.75,212700,116.75
2013-10-16,117.82,118.910004,117.129997,118.889999,237500,118.889999
2013-10-17,118.190002,119.690002,117.989998,119.589996,237200,119.589996
2013-10-18,119.769997,119.910004,118.650002,118.690002,318000,118.690002
2013-10-21,118.660004,119.620003,118.330002,119.190002,169500,119.190002
2013-10-22,119.790001,121.610001,119.669998,120.970001,253400,120.970001
2013-10-23,120.169998,121.139999,119.720001,120.870003,202200,120.870003
2013-10-24,113.440002,119.540001,112.889999,114.540001,1109200,114.540001
2013-10-25,117.029999,117.029999,115.470001,116.849998,621500,116.849998
2013-10-28,117.309998,117.330002,115.779999,115.910004,460500,115.910004
2013-10-29,115.779999,116.82,115.610001,116.18,248700,116.18
2013-10-30,116.080002,116.650002,115.370003,115.459999,196800,115.459999
2013-10-31,115.68,116.769997,115.480003,116.199997,229000,116.199997
2013-11-01,116.599998,117.25,116.050003,116.68,263800,116.68
2013-11-04,116.440002,116.919998,115.75,116.239998,252500,116.239998
2013-11-05,115.870003,116.699997,115.5,116.18,195300,116.18
2013-11-06,116.330002,116.489998,115.480003,115.800003,192300,115.800003
2013-11-07,116.389999,116.739998,115.199997,115.339996,291200,115.339996
2013-11-08,115.290001,117.389999,115.290001,116.57,214200,116.57
2013-11-11,116.07,116.440002,115.440002,115.510002,224800,115.510002
2013-11-12,115.269997,116.5,115.099998,116.389999,267400,116.389999
2013-11-13,115.940002,117.400002,115.440002,117.389999,288700,117.389999
2013-11-14,117.339996,118.199997,117.059998,117.870003,215200,117.870003
2013-11-15,118.099998,119.150002,117.470001,119.120003,348400,119.120003
2013-11-18,118.940002,119.43,118.379997,118.940002,204900,118.940002
2013-11-19,118.410004,118.660004,117.610001,118.330002,129500,118.330002
2013-11-20,118.190002,118.839996,117.559998,118.279999,150700,118.279999
2013-11-21,118.190002,118.870003,117.510002,118.660004,201900,118.660004
2013-11-22,118.980003,119.889999,118.190002,119.82,205900,119.82
2013-11-25,120.489998,120.989998,118.099998,118.440002,277900,118.440002
2013-11-26,118.410004,119.169998,118.18,118.82,268500,118.82
2013-11-27,118.940002,119.379997,118.029999,118.379997,203100,118.379997
2013-11-29,118.25,118.68,117.360001,117.480003,158500,117.480003
2013-12-02,117.75,118.720001,117.029999,118.260002,246400,118.260002
2013-12-03,117.459999,118.18,115.599998,115.949997,413100,115.949997
2013-12-04,115.559998,116.480003,114.629997,115.599998,277700,115.599998
2013-12-05,115.660004,116.699997,115.330002,116.18,367600,116.18
2013-12-06,117.470001,117.489998,116.589996,117.349998,331400,117.349998
2013-12-09,117.540001,117.769997,115.779999,116.099998,513400,116.099998
2013-12-10,115.25,115.839996,115.0,115.330002,693100,115.330002
2013-12-11,115.160004,115.599998,114.489998,114.580002,351300,114.580002
2013-12-12,114.330002,114.970001,114.260002,114.290001,537200,114.290001
2013-12-13,115.0,115.330002,113.900002,114.580002,529200,114.580002
2013-12-16,114.879997,115.779999,114.879997,115.360001,290700,115.360001
2013-12-17,115.160004,116.489998,114.290001,114.599998,382600,114.599998
2013-12-18,114.449997,114.849998,113.0,114.830002,571100,114.830002
2013-12-19,114.510002,115.110001,113.870003,114.529999,421500,114.529999
2013-12-20,114.75,115.089996,113.690002,113.690002,863300,113.690002
2013-12-23,114.300003,114.660004,113.839996,114.529999,480300,114.529999
2013-12-24,114.93,116.019997,114.830002,115.540001,194000,115.540001
2013-12-26,116.0,116.160004,114.900002,115.309998,250200,115.309998
2013-12-27,115.440002,115.839996,115.110001,115.57,176600,115.57
2013-12-30,115.5,116.040001,115.239998,115.779999,236200,115.779999
2013-12-31,116.860001,117.57,115.790001,116.169998,253800,116.169998
2014-01-02,115.279999,116.230003,114.809998,114.879997,381600,114.879997
2014-01-03,115.059998,115.660004,113.980003,115.050003,516700,115.050003
2014-01-06,115.120003,115.529999,114.279999,114.75,394700,114.75
2014-01-07,115.080002,116.410004,114.949997,116.059998,363600,116.059998
2014-01-08,116.040001,116.889999,114.970001,115.910004,437000,115.910004
2014-01-09,116.199997,116.730003,114.980003,116.010002,364700,116.010002
2014-01-10,116.010002,116.489998,114.57,115.419998,255100,115.419998
2014-01-13,115.889999,116.400002,114.830002,115.019997,401900,115.019997
2014-01-14,115.07,116.690002,115.07,116.550003,541100,116.550003
2014-01-15,116.709999,117.949997,115.849998,117.720001,423600,117.720001
2014-01-16,117.830002,118.550003,117.529999,118.400002,406400,118.400002
2014-01-17,117.82,120.720001,117.120003,120.089996,806400,120.089996
2014-01-21,120.290001,120.739998,118.07,119.620003,552200,119.620003
2014-01-22,119.550003,119.800003,118.690002,119.589996,360700,119.589996
2014-01-23,119.029999,119.290001,117.379997,118.120003,448900,118.120003
2014-01-24,117.529999,117.709999,115.879997,116.360001,489500,116.360001
2014-01-27,116.589996,117.410004,115.730003,115.82,430600,115.82
2014-01-28,115.989998,116.510002,111.029999,115.18,1587700,115.18
2014-01-29,114.139999,117.449997,113.900002,115.5,840300,115.5
2014-01-30,116.110001,118.370003,115.620003,117.470001,460900,117.470001
2014-01-31,115.629997,117.769997,115.629997,117.059998,340000,117.059998
2014-02-03,116.970001,117.739998,115.5,115.900002,557800,115.900002
2014-02-04,116.07,116.769997,115.5,116.449997,457100,116.449997
2014-02-05,115.57,117.199997,115.010002,116.480003,522000,116.480003
2014-02-06,113.279999,115.540001,111.75,114.760002,1143500,114.760002
2014-02-07,115.0,116.82,115.0,116.330002,474000,116.330002
2014-02-10,115.919998,116.160004,115.139999,116.050003,560100,116.050003
2014-02-11,115.620003,117.0,115.309998,115.690002,594900,115.690002
2014-02-12,116.019997,116.389999,115.57,115.709999,459100,115.709999
2014-02-13,115.470001,116.5,115.080002,115.75,712100,115.75
2014-02-14,115.129997,117.129997,115.040001,116.870003,350500,116.870003
2014-02-18,116.870003,117.0,116.019997,116.360001,331400,116.360001
2014-02-19,115.769997,116.239998,115.18,115.5,313900,115.5
2014-02-20,115.68,116.419998,115.18,115.989998,320800,115.989998
2014-02-21,116.269997,116.82,114.639999,114.650002,414600,114.650002
2014-02-24,114.870003,116.120003,114.720001,115.220001,447200,115.220001
2014-02-25,115.260002,115.739998,114.339996,114.489998,328000,114.489998
2014-02-26,114.550003,115.050003,113.230003,113.459999,456800,113.459999
2014-02-27,113.75,113.830002,112.480003,112.980003,509700,112.980003
2014-02-28,113.199997,114.480003,112.440002,114.0,578700,114.0
2014-03-03,113.309998,114.230003,113.0,114.110001,527500,114.110001
2014-03-04,115.050003,115.459999,114.419998,115.389999,468100,115.389999
2014-03-05,115.639999,115.889999,114.470001,115.769997,454900,115.769997
2014-03-06,115.879997,116.949997,115.510002,116.779999,381800,116.779999
2014-03-07,117.019997,117.93,116.800003,117.699997,345100,117.699997
2014-03-10,117.550003,117.75,116.459999,116.699997,321500,116.699997
2014-03-11,116.720001,116.839996,115.919998,116.290001,249400,116.290001
2014-03-12,115.959999,116.220001,115.540001,115.769997,327000,115.769997
2014-03-13,116.25,116.260002,115.129997,115.610001,476300,115.610001
2014-03-14,115.709999,116.120003,114.970001,115.089996,296100,115.089996
2014-03-17,115.830002,116.169998,114.989998,115.160004,341400,115.160004
2014-03-18,115.230003,115.760002,114.529999,115.379997,300700,115.379997
2014-03-19,115.349998,115.849998,114.790001,115.330002,479900,115.330002
2014-03-20,115.07,115.959999,114.300003,114.379997,323900,114.379997
2014-03-21,115.010002,115.519997,113.900002,114.370003,683900,114.370003
2014-03-24,114.25,114.400002,112.330002,112.419998,720500,112.419998
2014-03-25,113.010002,113.019997,112.080002,112.919998,508000,112.919998
2014-03-26,113.260002,113.760002,111.959999,111.959999,319600,111.959999
2014-03-27,112.290001,112.510002,111.730003,112.150002,244500,112.150002
2014-03-28,112.190002,112.669998,111.790001,111.989998,385400,111.989998
2014-03-31,112.550003,113.690002,112.029999,113.620003,472100,113.620003
2014-04-01,113.949997,113.949997,112.889999,113.739998,291900,113.739998
2014-04-02,113.790001,114.010002,113.059998,113.75,338700,113.75
2014-04-03,114.169998,114.290001,113.580002,114.239998,354200,114.239998
2014-04-04,114.650002,114.739998,112.489998,112.580002,391100,112.580002
2014-04-07,112.620003,113.25,111.919998,112.290001,340300,112.290001
2014-04-08,112.559998,114.290001,112.260002,113.879997,534900,113.879997
2014-04-09,113.879997,114.080002,112.949997,113.309998,545400,113.309998
2014-04-10,113.0,113.75,111.470001,111.620003,545900,111.620003
2014-04-11,111.050003,111.919998,109.269997,109.330002,732000,109.330002
2014-04-14,109.809998,110.32,109.389999,110.139999,488000,110.139999
2014-04-15,110.379997,110.860001,108.620003,109.919998,414300,109.919998
2014-04-16,110.830002,110.910004,109.68,110.82,257900,110.82
2014-04-17,110.989998,111.610001,110.660004,111.150002,425100,111.150002
2014-04-21,111.769997,112.870003,111.220001,111.639999,251000,111.639999
2014-04-22,111.25,112.080002,110.93,111.629997,513600,111.629997
2014-04-23,111.849998,113.879997,111.559998,112.889999,573100,112.889999
2014-04-24,113.120003,114.459999,112.839996,113.110001,412900,113.110001
2014-04-25,115.910004,115.989998,113.199997,113.959999,655900,113.959999
2014-04-28,114.699997,115.5,114.010002,115.25,363900,115.25
2014-04-29,115.559998,116.589996,115.050003,115.860001,397400,115.860001
2014-04-30,115.510002,116.57,115.410004,116.440002,348800,116.440002
2014-05-01,116.25,116.540001,115.220001,115.989998,277400,115.989998
2014-05-02,116.489998,116.510002,115.25,115.529999,280100,115.529999
2014-05-05,114.809998,115.809998,114.330002,115.480003,431700,115.480003
2014-05-06,115.379997,115.68,114.769997,114.93,294600,114.93
2014-05-07,114.790001,116.690002,112.910004,114.75,580500,114.75
2014-05-08,114.379997,114.980003,113.839996,114.239998,226500,114.239998
2014-05-09,114.559998,114.559998,113.410004,113.900002,360200,113.900002
2014-05-12,114.400002,114.900002,114.0,114.269997,310400,114.269997
2014-05-13,114.279999,114.529999,113.879997,114.089996,544100,114.089996
2014-05-14,113.849998,114.43,113.230003,113.349998,413900,113.349998
2014-05-15,113.150002,113.639999,112.07,112.449997,472700,112.449997
2014-05-16,112.370003,113.0,111.029999,112.870003,457100,112.870003
2014-05-19,112.480003,113.059998,112.110001,112.970001,248400,112.970001
2014-05-20,112.629997,112.739998,111.529999,111.800003,415500,111.800003
2014-05-21,112.110001,112.370003,111.599998,112.260002,227800,112.260002
2014-05-22,112.050003,112.470001,111.510002,112.139999,299200,112.139999
2014-05-23,112.5,112.870003,112.080002,112.480003,203300,112.480003
2014-05-27,112.559998,113.18,112.190002,113.050003,307600,113.050003
2014-05-28,112.889999,114.029999,112.660004,112.699997,402900,112.699997
2014-05-29,112.910004,113.120003,112.150002,112.620003,264200,112.620003
2014-05-30,113.199997,114.550003,112.459999,114.370003,870600,114.370003
2014-06-02,114.239998,114.639999,113.730003,114.550003,325200,114.550003
2014-06-03,114.620003,114.839996,114.220001,114.5,323800,114.5
2014-06-04,114.269997,115.32,114.269997,115.260002,300500,115.260002
2014-06-05,115.110001,115.379997,114.519997,115.209999,218400,115.209999
2014-06-06,115.769997,115.989998,115.410004,115.760002,259700,115.760002
2014-06-09,115.660004,116.510002,115.660004,116.080002,238600,116.080002
2014-06-10,116.029999,116.18,115.440002,115.949997,252900,115.949997
2014-06-11,115.419998,115.949997,115.040001,115.25,248400,115.25
2014-06-12,115.339996,115.339996,114.5,114.970001,252700,114.970001
2014-06-13,116.889999,118.790001,116.25,118.470001,749800,118.470001
2014-06-16,118.029999,119.040001,117.230003,117.459999,398500,117.459999
2014-06-17,117.059998,117.940002,117.0,117.470001,269800,117.470001
2014-06-18,117.410004,118.050003,117.019997,117.75,354600,117.75
2014-06-19,118.07,118.07,117.18,117.699997,370900,117.699997
2014-06-20,118.059998,119.0,117.660004,118.900002,658300,118.900002
2014-06-23,118.900002,119.730003,118.160004,118.620003,293300,118.620003
2014-06-24,118.489998,119.0,118.07,118.43,224500,118.43
2014-06-25,118.400002,119.029999,117.839996,118.660004,278700,118.660004
2014-06-26,118.739998,118.739998,117.519997,118.339996,195000,118.339996
2014-06-27,118.120003,118.989998,117.860001,118.440002,418600,118.440002
2014-06-30,118.419998,118.669998,118.029999,118.419998,309500,118.419998
2014-07-01,118.790001,119.540001,117.870003,119.150002,377200,119.150002
2014-07-02,119.0,119.419998,118.699997,119.07,331600,119.07
2014-07-03,119.449997,119.57,118.660004,119.230003,140400,119.230003
2014-07-07,119.370003,119.559998,118.110001,119.480003,390800,119.480003
2014-07-08,119.480003,119.480003,118.779999,118.949997,412300,118.949997
2014-07-09,119.480003,120.190002,119.209999,119.43,337600,119.43
2014-07-10,118.690002,119.169998,118.32,118.699997,291100,118.699997
2014-07-11,118.989998,119.059998,118.0,119.010002,297400,119.010002
2014-07-14,119.620003,119.849998,118.870003,119.120003,196200,119.120003
2014-07-15,119.459999,119.800003,118.720001,119.309998,288900,119.309998
2014-07-16,119.379997,119.730003,118.910004,119.440002,212400,119.440002
2014-07-17,118.739998,119.470001,117.790001,118.120003,315400,118.120003
2014-07-18,118.32,119.099998,117.510002,118.82,238700,118.82
2014-07-21,118.489998,118.790001,117.559998,118.290001,212600,118.290001
2014-07-22,118.720001,118.879997,117.760002,117.910004,323100,117.910004
2014-07-23,117.669998,118.510002,117.510002,117.730003,182800,117.730003
2014-07-24,118.010002,118.080002,117.089996,117.769997,310700,117.769997
2014-07-25,118.870003,119.279999,117.769997,118.25,452800,118.25
2014-07-28,117.790001,118.410004,117.0,118.18,391500,118.18
2014-07-29,118.360001,119.68,118.029999,118.800003,506800,118.800003
2014-07-30,124.330002,125.43,118.629997,119.650002,315700,119.650002
2014-07-31,119.5,119.5,117.610001,117.650002,405600,117.650002
2014-08-01,117.550003,118.040001,116.32,116.809998,323900,116.809998
2014-08-04,116.949997,117.519997,116.279999,117.260002,248600,117.260002
2014-08-05,116.830002,117.550003,116.32,117.360001,384200,117.360001
2014-08-06,117.0,117.470001,116.580002,116.660004,288900,116.660004
2014-08-07,117.160004,117.650002,116.769997,117.370003,328100,117.370003
2014-08-08,117.610001,118.800003,117.290001,118.699997,287300,118.699997
2014-08-11,118.449997,118.57,117.660004,117.690002,189700,117.690002
2014-08-12,117.559998,118.300003,116.910004,118.139999,198300,118.139999
2014-08-13,116.709999,118.889999,116.709999,117.940002,182500,117.940002
2014-08-14,118.010002,118.989998,117.550003,118.870003,153900,118.870003
2014-08-15,119.580002,119.620003,118.029999,118.620003,298700,118.620003
2014-08-18,119.080002,119.449997,118.610001,119.0,262800,119.0
2014-08-19,118.800003,119.540001,118.599998,119.410004,162200,119.410004
2014-08-20,119.300003,119.849998,118.809998,119.769997,232300,119.769997
2014-08-21,119.5,120.0,119.209999,119.980003,239300,119.980003
2014-08-22,120.0,120.410004,119.360001,119.440002,215100,119.440002
2014-08-25,119.699997,119.839996,118.75,119.019997,193600,119.019997
2014-08-26,119.349998,119.769997,118.699997,119.059998,303300,119.059998
2014-08-27,118.970001,119.660004,118.419998,118.790001,153700,118.790001
2014-08-28,118.650002,119.029999,118.040001,118.800003,153300,118.800003
2014-08-29,119.57,119.610001,118.470001,118.849998,188300,118.849998
2014-09-02,118.730003,119.43,118.290001,119.410004,302600,119.410004
2014-09-03,117.75,118.760002,117.510002,117.82,369600,117.82
2014-09-04,117.839996,118.389999,117.510002,117.82,302600,117.82
2014-09-05,117.870003,118.370003,117.639999,118.309998,205000,118.309998
2014-09-08,118.18,118.589996,117.879997,118.459999,180500,118.459999
2014-09-09,118.169998,118.339996,117.360001,117.5,278600,117.5
2014-09-10,117.57,117.940002,117.199997,117.900002,197900,117.900002
2014-09-11,117.620003,117.809998,117.239998,117.489998,164300,117.489998
2014-09-12,117.540001,117.540001,116.660004,117.110001,216000,117.110001
2014-09-15,117.43,117.57,117.110001,117.290001,196100,117.290001
2014-09-16,117.230003,117.370003,116.290001,117.239998,223700,117.239998
2014-09-17,117.720001,117.720001,116.400002,116.889999,343000,116.889999
2014-09-18,117.019997,117.129997,116.599998,116.940002,238500,116.940002
2014-09-19,117.269997,117.769997,116.760002,117.209999,702500,117.209999
2014-09-22,116.889999,117.360001,116.349998,116.5,251700,116.5
2014-09-23,116.019997,116.440002,115.519997,115.550003,281700,115.550003
2014-09-24,115.860001,116.190002,115.5,115.739998,487900,115.739998
2014-09-25,115.660004,115.879997,115.080002,115.309998,509000,115.309998
2014-09-26,115.18,115.650002,115.010002,115.440002,338600,115.440002
2014-09-29,115.300003,116.379997,115.199997,116.190002,359100,116.190002
2014-09-30,116.199997,116.879997,115.790001,116.559998,410600,116.559998
2014-10-01,116.870003,116.989998,116.019997,116.370003,546600,116.370003
2014-10-02,116.489998,117.160004,116.199997,116.68,383300,116.68
2014-10-03,116.970001,117.699997,116.720001,117.25,257100,117.25
2014-10-06,117.68,118.019997,117.290001,117.940002,277000,117.940002
2014-10-07,117.489998,117.709999,116.589996,116.910004,514500,116.910004
2014-10-08,116.82,118.790001,116.519997,118.699997,402800,118.699997
2014-10-09,118.75,119.5,117.419998,117.889999,486000,117.889999
2014-10-10,117.889999,118.699997,116.860001,116.889999,436700,116.889999
2014-10-13,117.019997,117.5,116.650002,116.989998,373700,116.989998
2014-10-14,117.730003,118.419998,117.269997,117.580002,458000,117.580002
2014-10-15,117.199997,117.550003,115.290001,116.150002,803100,116.150002
2014-10-16,114.989998,117.779999,114.260002,117.120003,608100,117.120003
2014-10-17,117.519997,118.870003,116.190002,118.330002,438600,118.330002
2014-10-20,117.830002,119.010002,117.790001,118.959999,380800,118.959999
2014-10-21,119.199997,122.550003,118.959999,122.389999,490900,122.389999
2014-10-22,122.32,123.559998,121.769997,122.589996,667500,122.589996
2014-10-23,123.620003,124.269997,123.059998,123.800003,580600,123.800003
2014-10-24,124.120003,124.360001,121.959999,123.050003,546700,123.050003
2014-10-27,122.32,123.330002,122.300003,123.139999,560700,123.139999
2014-10-28,123.190002,124.129997,122.639999,124.050003,418600,124.050003
2014-10-29,124.480003,125.120003,121.559998,122.779999,491200,122.779999
2014-10-30,122.389999,123.800003,122.389999,123.730003,347700,123.730003
2014-10-31,124.370003,126.089996,124.370003,126.0,683000,126.0
2014-11-03,126.370003,127.980003,125.580002,126.529999,453300,126.529999
2014-11-04,126.529999,126.529999,125.489998,125.879997,403900,125.879997
2014-11-05,126.080002,126.580002,125.43,126.529999,275600,126.529999
2014-11-06,126.75,127.720001,126.480003,127.589996,266400,127.589996
2014-11-07,127.150002,127.690002,126.449997,127.540001,311700,127.540001
2014-11-10,127.620003,128.100006,127.269997,127.739998,390400,127.739998
2014-11-11,127.610001,128.289993,127.290001,127.629997,209000,127.629997
2014-11-12,127.389999,127.779999,127.059998,127.690002,160000,127.690002
2014-11-13,127.970001,128.490005,127.019997,127.940002,327000,127.940002
2014-11-14,127.559998,128.259995,127.050003,127.480003,356900,127.480003
2014-11-17,127.099998,127.650002,126.849998,127.470001,244000,127.470001
2014-11-18,127.589996,128.240005,127.160004,127.190002,307500,127.190002
2014-11-19,127.559998,127.559998,126.209999,127.050003,287300,127.050003
2014-11-20,127.290001,127.32,126.400002,126.760002,316000,126.760002
2014-11-21,128.240005,128.240005,126.110001,126.980003,578400,126.980003
2014-11-24,127.589996,127.599998,126.629997,127.43,258000,127.43
2014-11-25,126.580002,128.729996,126.169998,128.729996,846800,128.729996
2014-11-26,128.25,128.479996,127.82,128.100006,272200,128.100006
2014-11-28,133.479996,133.479996,128.369995,128.919998,223900,128.919998
2014-12-01,129.100006,130.089996,128.339996,129.610001,457800,129.610001
2014-12-02,129.660004,130.360001,128.770004,130.029999,500300,130.029999
2014-12-03,129.660004,130.720001,128.029999,130.580002,320600,130.580002
2014-12-04,130.220001,130.880005,129.660004,130.259995,321800,130.259995
2014-12-05,130.089996,130.869995,129.720001,130.860001,361600,130.860001
2014-12-08,130.710007,131.630005,130.270004,130.910004,294400,130.910004
2014-12-09,129.889999,131.0,129.710007,130.979996,274400,130.979996
2014-12-10,130.919998,131.130005,129.770004,130.110001,569000,130.110001
2014-12-11,130.470001,131.919998,130.339996,130.529999,406400,130.529999
2014-12-12,129.070007,131.580002,128.0,128.0,507300,128.0
2014-12-15,128.270004,128.740005,127.110001,128.070007,402900,128.070007
2014-12-16,127.800003,129.339996,126.790001,127.769997,515500,127.769997
2014-12-17,127.699997,128.5,126.25,128.479996,560200,128.479996
2014-12-18,130.110001,132.5,129.729996,132.5,610400,132.5
2014-12-19,132.080002,133.630005,131.639999,132.070007,760500,132.070007
2014-12-22,132.070007,132.960007,131.839996,132.949997,340400,132.949997
2014-12-23,133.589996,134.139999,132.869995,133.429993,230600,133.429993
2014-12-24,133.440002,133.860001,132.839996,133.270004,108800,133.270004
2014-12-26,133.490005,134.0,132.460007,133.089996,125000,133.089996
2014-12-29,132.720001,133.75,132.639999,133.279999,171800,133.279999
2014-12-30,133.279999,133.470001,131.960007,132.589996,216700,132.589996
2014-12-31,133.240005,133.770004,131.070007,131.080002,239300,131.080002
2015-01-02,131.509995,132.270004,130.75,131.639999,230800,131.639999
2015-01-05,131.020004,132.149994,129.919998,130.100006,420900,130.100006
2015-01-06,130.360001,131.940002,129.979996,130.5,519900,130.5
2015-01-07,130.740005,131.869995,130.639999,131.300003,441000,131.300003
2015-01-08,131.869995,133.679993,131.830002,133.270004,443900,133.270004
2015-01-09,133.160004,133.990005,131.720001,131.919998,240200,131.919998
2015-01-12,131.699997,132.690002,131.25,132.320007,354800,132.320007
2015-01-13,133.570007,136.800003,132.330002,135.210007,824200,135.210007
2015-01-14,134.520004,135.119995,133.979996,134.75,539500,134.75
2015-01-15,134.820007,136.160004,133.449997,133.509995,446400,133.509995
2015-01-16,133.160004,134.380005,132.679993,134.149994,379300,134.149994
2015-01-20,134.240005,134.979996,133.029999,134.199997,296600,134.199997
2015-01-21,134.029999,134.899994,133.429993,134.289993,308500,134.289993
2015-01-22,134.589996,135.369995,133.5,135.360001,424900,135.360001
2015-01-23,134.759995,135.449997,134.0,135.100006,211700,135.100006
2015-01-26,135.470001,135.470001,133.809998,135.279999,342900,135.279999
2015-01-27,134.190002,135.380005,133.869995,134.440002,331800,134.440002
2015-01-28,134.600006,135.869995,133.339996,133.449997,389600,133.449997
2015-01-29,133.0,133.630005,132.100006,133.330002,297600,133.330002
2015-01-30,132.289993,133.169998,131.009995,131.289993,501800,131.289993
2015-02-02,133.710007,133.710007,130.380005,131.979996,474700,131.979996
2015-02-03,132.649994,133.610001,132.050003,133.490005,539300,133.490005
2015-02-04,133.309998,134.479996,132.869995,133.339996,478700,133.339996
2015-02-05,133.139999,135.169998,129.759995,134.970001,483100,134.970001
2015-02-06,134.880005,134.880005,129.580002,130.190002,806200,130.190002
2015-02-09,129.669998,131.970001,129.669998,130.830002,541100,130.830002
2015-02-10,130.899994,131.880005,130.630005,131.470001,461500,131.470001
2015-02-11,131.539993,131.919998,130.479996,131.589996,389400,131.589996
2015-02-12,131.970001,132.320007,131.470001,131.809998,448000,131.809998
2015-02-13,132.389999,132.389999,130.720001,131.070007,494400,131.070007
2015-02-17,131.039993,133.320007,130.720001,131.910004,566100,131.910004
2015-02-18,131.669998,135.339996,131.020004,134.649994,521100,134.649994
2015-02-19,134.789993,135.229996,133.020004,134.089996,503900,134.089996
2015-02-20,133.869995,134.619995,132.850006,134.610001,594700,134.610001
2015-02-23,134.740005,136.0,134.229996,134.860001,345600,134.860001
2015-02-24,134.25,135.089996,134.039993,134.570007,293600,134.570007
2015-02-25,134.770004,135.690002,134.339996,135.399994,274100,135.399994
2015-02-26,135.309998,135.330002,134.339996,135.0,283200,135.0
2015-02-27,134.850006,135.649994,134.050003,134.970001,369000,134.970001
2015-03-02,135.369995,137.190002,135.029999,137.149994,525100,137.149994
2015-03-03,132.009995,136.529999,132.009995,136.289993,379700,136.289993
2015-03-04,134.979996,135.820007,134.75,135.110001,530600,135.110001
2015-03-05,135.369995,136.449997,134.75,136.289993,323600,136.289993
2015-03-06,136.630005,136.630005,134.75,136.190002,633600,136.190002
2015-03-09,136.880005,137.559998,136.380005,137.539993,432100,137.539993
2015-03-10,135.270004,137.039993,135.270004,136.059998,532200,136.059998
2015-03-11,135.979996,136.300003,135.020004,135.669998,392200,135.669998
2015-03-12,136.509995,137.029999,135.850006,136.880005,254500,136.880005
2015-03-13,137.259995,137.259995,135.610001,136.410004,358000,136.410004
2015-03-16,136.830002,138.830002,136.830002,138.679993,350500,138.679993
2015-03-17,138.050003,139.149994,137.770004,138.809998,298600,138.809998
2015-03-18,138.5,140.949997,138.009995,140.509995,332400,140.509995
2015-03-19,140.509995,140.899994,139.639999,140.0,372500,140.0
2015-03-20,140.449997,141.0,139.529999,139.789993,612200,139.789993
2015-03-23,139.929993,141.320007,139.179993,140.529999,422600,140.529999
2015-03-24,140.240005,140.850006,139.259995,140.339996,310700,140.339996
2015-03-25,140.710007,140.710007,138.520004,138.600006,621700,138.600006
2015-03-26,138.029999,138.789993,137.330002,138.289993,366700,138.289993
2015-03-27,138.089996,139.520004,137.520004,138.960007,312900,138.960007
2015-03-30,139.339996,141.25,139.0,140.860001,283000,140.860001
2015-03-31,140.720001,141.440002,140.289993,140.429993,383500,140.429993
2015-04-01,139.729996,139.979996,138.360001,138.800003,426300,138.800003
2015-04-02,139.039993,140.419998,138.559998,140.139999,336900,140.139999
2015-04-06,139.470001,141.350006,139.0,141.289993,387100,141.289993
2015-04-07,141.199997,141.199997,139.899994,139.919998,284000,139.919998
2015-04-08,139.919998,141.699997,139.809998,140.660004,299100,140.660004
2015-04-09,140.759995,141.580002,140.210007,141.539993,414700,141.539993
2015-04-10,141.639999,142.679993,141.0,141.929993,359100,141.929993
2015-04-13,141.630005,142.690002,141.119995,141.559998,293800,141.559998
2015-04-14,140.919998,141.649994,139.899994,140.809998,243400,140.809998
2015-04-15,141.199997,141.720001,140.850006,141.190002,189200,141.190002
2015-04-16,141.070007,141.070007,139.880005,140.830002,244200,140.830002
2015-04-17,139.710007,140.240005,137.5,138.059998,521400,138.059998
2015-04-20,138.330002,139.929993,138.330002,138.919998,231800,138.919998
2015-04-21,139.619995,139.860001,138.869995,139.380005,257600,139.380005
2015-04-22,140.279999,140.940002,138.710007,139.660004,302200,139.660004
2015-04-23,138.850006,141.009995,138.850006,140.5,382600,140.5
2015-04-24,133.330002,138.110001,131.0,136.940002,1313300,136.940002
2015-04-27,137.5,138.990005,134.940002,135.059998,642500,135.059998
2015-04-28,134.309998,135.960007,134.309998,135.289993,587100,135.289993
2015-04-29,134.5,135.339996,133.309998,134.070007,641100,134.070007
2015-04-30,133.279999,134.850006,133.020004,133.429993,586800,133.429993
2015-05-01,133.869995,134.550003,133.380005,134.179993,628100,134.179993
2015-05-04,134.929993,136.169998,134.580002,135.240005,396500,135.240005
2015-05-05,134.910004,135.330002,132.639999,132.759995,606900,132.759995
2015-05-06,133.080002,133.350006,132.149994,132.800003,392800,132.800003
2015-05-07,132.740005,133.339996,132.350006,133.100006,372300,133.100006
2015-05-08,134.0,135.279999,132.789993,134.009995,288100,134.009995
2015-05-11,133.809998,134.800003,133.479996,133.570007,360000,133.570007
2015-05-12,132.800003,134.539993,132.529999,134.339996,333100,134.339996
2015-05-13,134.5,135.350006,133.929993,134.419998,496500,134.419998
2015-05-14,135.470001,136.820007,135.039993,136.710007,357800,136.710007
2015-05-15,137.020004,137.770004,136.179993,136.800003,472100,136.800003
2015-05-18,136.360001,138.75,136.360001,138.199997,692500,138.199997
2015-05-19,138.410004,138.910004,137.889999,138.460007,263200,138.460007
2015-05-20,138.669998,138.75,137.389999,137.800003,314800,137.800003
2015-05-21,137.5,138.610001,137.5,138.25,325100,138.25
2015-05-22,138.610001,139.220001,137.910004,138.240005,277900,138.240005
2015-05-26,137.589996,138.0,136.679993,137.360001,333300,137.360001
2015-05-27,137.889999,138.529999,137.419998,138.449997,214200,138.449997
2015-05-28,138.179993,138.380005,137.710007,138.169998,314800,138.169998
2015-05-29,138.25,138.649994,136.990005,137.300003,494300,137.300003
2015-06-01,137.369995,138.080002,136.410004,137.580002,288000,137.580002
2015-06-02,137.149994,137.5,136.389999,136.880005,284100,136.880005
2015-06-03,137.419998,137.869995,137.0,137.529999,295200,137.529999
2015-06-04,137.529999,137.740005,136.630005,136.720001,313100,136.720001
2015-06-05,135.410004,136.869995,135.199997,136.399994,332300,136.399994
2015-06-08,136.130005,136.809998,135.919998,136.399994,285900,136.399994
2015-06-09,135.979996,136.399994,135.119995,135.339996,480600,135.339996
2015-06-10,135.380005,136.990005,135.179993,136.610001,392800,136.610001
2015-06-11,136.630005,137.589996,136.399994,137.089996,371100,137.089996
2015-06-12,136.690002,136.910004,135.460007,135.820007,275400,135.820007
2015-06-15,135.199997,135.199997,133.869995,134.75,408700,134.75
2015-06-16,134.300003,135.589996,134.070007,135.460007,346400,135.460007
2015-06-17,135.119995,136.009995,134.919998,135.610001,368600,135.610001
2015-06-18,136.289993,138.320007,136.070007,137.479996,304900,137.479996
2015-06-19,137.559998,137.809998,136.410004,137.089996,466800,137.089996
2015-06-22,137.509995,138.119995,136.970001,137.520004,193100,137.520004
2015-06-23,137.970001,138.029999,136.839996,137.389999,307200,137.389999
2015-06-24,137.25,137.559998,135.690002,135.710007,365500,135.710007
2015-06-25,135.710007,136.100006,134.979996,135.009995,547600,135.009995
2015-06-26,135.770004,136.039993,135.0,135.729996,315000,135.729996
2015-06-29,134.919998,135.300003,133.110001,133.270004,450600,133.270004
2015-06-30,134.600006,134.860001,133.190002,133.910004,506500,133.910004
2015-07-01,134.889999,135.0,134.110001,134.850006,315200,134.850006
2015-07-02,135.050003,135.100006,134.300003,134.639999,281500,134.639999
2015-07-06,133.529999,137.529999,133.110001,136.929993,698800,136.929993
2015-07-07,137.139999,137.360001,135.130005,136.350006,370000,136.350006
2015-07-08,135.940002,136.210007,133.619995,133.789993,612400,133.789993
2015-07-09,135.070007,135.25,133.460007,133.850006,407700,133.850006
2015-07-10,135.070007,135.410004,134.059998,134.770004,236000,134.770004
2015-07-13,135.580002,136.119995,134.910004,135.520004,229000,135.520004
2015-07-14,135.610001,135.690002,134.880005,135.160004,445900,135.160004
2015-07-15,135.479996,135.850006,134.449997,134.559998,577200,134.559998
2015-07-16,139.559998,140.710007,137.949997,138.919998,1294200,138.919998
2015-07-17,138.919998,139.710007,136.350006,136.419998,877600,136.419998
2015-07-20,136.759995,137.0,134.990005,135.179993,834400,135.179993
2015-07-21,135.130005,135.639999,133.369995,133.419998,463200,133.419998
2015-07-22,134.520004,135.240005,133.100006,133.240005,730400,133.240005
2015-07-23,133.119995,134.070007,132.5,132.630005,783500,132.630005
2015-07-24,132.119995,134.160004,130.899994,132.919998,1641200,132.919998
2015-07-27,132.350006,132.850006,131.860001,132.330002,810800,132.330002
2015-07-28,132.839996,134.869995,132.429993,134.610001,1342600,134.610001
2015-07-29,135.479996,140.539993,135.070007,140.259995,1673900,140.259995
2015-07-30,139.440002,140.679993,138.559998,140.410004,895700,140.410004
2015-07-31,140.479996,141.449997,139.75,140.970001,937900,140.970001
2015-08-03,141.220001,141.289993,139.850006,140.929993,504600,140.929993
2015-08-04,140.470001,142.759995,140.070007,141.630005,557000,141.630005
2015-08-05,142.720001,143.539993,142.009995,143.300003,515400,143.300003
2015-08-06,143.300003,143.300003,141.020004,141.860001,349700,141.860001
2015-08-07,141.619995,143.039993,141.389999,142.949997,405000,142.949997
2015-08-10,143.699997,144.339996,143.070007,144.300003,436300,144.300003
2015-08-11,143.460007,144.380005,142.630005,144.279999,378600,144.279999
2015-08-12,143.119995,145.339996,142.880005,144.779999,439700,144.779999
2015-08-13,144.520004,145.880005,144.070007,144.970001,368400,144.970001
2015-08-14,144.699997,145.589996,144.289993,145.529999,307100,145.529999
2015-08-17,145.5,146.669998,144.149994,146.619995,337500,146.619995
2015-08-18,146.800003,148.369995,146.770004,148.25,531900,148.25
2015-08-19,147.539993,148.869995,147.380005,148.259995,867100,148.259995
2015-08-20,147.509995,147.770004,146.619995,146.619995,796700,146.619995
2015-08-21,145.660004,146.509995,143.419998,143.429993,987000,143.429993
2015-08-24,139.350006,141.850006,136.889999,138.029999,1146100,138.029999
2015-08-25,140.100006,140.470001,135.630005,135.679993,908200,135.679993
2015-08-26,139.050003,140.190002,136.0,139.25,787100,139.25
2015-08-27,140.149994,141.910004,139.270004,141.839996,618100,141.839996
2015-08-28,141.699997,142.410004,140.559998,142.0,476600,142.0
2015-08-31,141.350006,141.850006,140.820007,141.139999,491200,141.139999
2015-09-01,139.279999,140.949997,138.570007,139.070007,904700,139.070007
2015-09-02,140.589996,141.25,139.020004,141.220001,575300,141.220001
2015-09-03,141.419998,143.279999,141.330002,142.100006,473200,142.100006
2015-09-04,140.979996,142.029999,140.259995,141.559998,434300,141.559998
2015-09-08,144.600006,145.699997,143.699997,145.610001,584500,145.610001
2015-09-09,145.630005,146.160004,136.080002,136.25,3099900,136.25
2015-09-10,135.410004,139.850006,135.210007,138.509995,3311500,138.509995
2015-09-11,138.949997,140.199997,138.220001,140.020004,689500,140.020004
2015-09-14,140.190002,140.190002,136.740005,137.059998,707000,137.059998
2015-09-15,137.520004,138.580002,137.0,138.339996,695100,138.339996
2015-09-16,137.720001,138.380005,136.520004,137.149994,1151400,137.149994
2015-09-17,137.710007,140.0,136.880005,138.179993,1019900,138.179993
2015-09-18,136.5,138.559998,136.309998,137.050003,724000,137.050003
2015-09-21,137.559998,139.139999,137.110001,139.070007,580900,139.070007
2015-09-22,137.509995,138.600006,136.919998,138.289993,644500,138.289993
2015-09-23,137.830002,138.979996,137.570007,138.5,455800,138.5
2015-09-24,138.050003,139.210007,137.649994,138.889999,510100,138.889999
2015-09-25,139.429993,141.559998,139.070007,140.050003,694000,140.050003
2015-09-28,139.690002,139.990005,137.820007,138.259995,711300,138.259995
2015-09-29,138.190002,138.619995,137.169998,138.210007,704000,138.210007
2015-09-30,138.630005,139.479996,137.050003,139.309998,901500,139.309998
2015-10-01,140.080002,141.389999,138.770004,140.479996,930900,140.479996
2015-10-02,139.050003,141.929993,138.5,141.869995,793300,141.869995
2015-10-05,142.399994,144.25,141.970001,144.130005,521100,144.130005
2015-10-06,144.809998,144.899994,142.720001,143.279999,684600,143.279999
2015-10-07,144.110001,144.779999,143.339996,144.699997,764500,144.699997
2015-10-08,144.669998,146.979996,144.059998,146.830002,748000,146.830002
2015-10-09,147.149994,148.869995,146.679993,148.630005,407200,148.630005
2015-10-12,147.899994,150.070007,146.960007,149.619995,399600,149.619995
2015-10-13,149.539993,149.949997,148.009995,149.279999,490900,149.279999
2015-10-14,149.610001,149.889999,147.339996,147.509995,288800,147.509995
2015-10-15,148.160004,148.880005,146.929993,148.520004,552800,148.520004
2015-10-16,148.740005,151.020004,148.539993,149.479996,827400,149.479996
2015-10-19,148.669998,150.990005,148.5,150.839996,813000,150.839996
2015-10-20,150.910004,151.570007,149.460007,149.929993,425100,149.929993
2015-10-21,150.649994,150.960007,148.75,148.910004,716400,148.910004
2015-10-22,149.229996,149.949997,148.679993,149.039993,890500,149.039993
2015-10-23,124.559998,125.0,110.559998,120.309998,8070200,120.309998
2015-10-26,120.110001,125.18,118.650002,123.089996,3402300,123.089996
2015-10-27,122.050003,123.43,121.080002,121.919998,1575900,121.919998
2015-10-28,122.239998,122.519997,120.0,121.5,1182600,121.5
2015-10-29,121.440002,123.57,120.540001,122.449997,981800,122.449997
2015-10-30,122.379997,123.980003,121.230003,121.370003,993300,121.370003
2015-11-02,121.120003,124.639999,121.110001,124.32,1240300,124.32
2015-11-03,124.169998,125.919998,123.309998,125.0,920100,125.0
2015-11-04,125.379997,125.379997,123.279999,123.919998,917100,123.919998
2015-11-05,123.919998,125.480003,123.919998,124.089996,918100,124.089996
2015-11-06,123.57,125.949997,123.25,125.879997,824900,125.879997
2015-11-09,125.459999,126.650002,123.089996,123.940002,571600,123.940002
2015-11-10,124.040001,125.099998,123.260002,124.529999,642000,124.529999
2015-11-11,124.669998,125.43,123.889999,123.970001,527100,123.970001
2015-11-12,123.150002,123.900002,122.779999,122.989998,643000,122.989998
2015-11-13,122.860001,124.099998,121.610001,122.769997,605500,122.769997
2015-11-16,122.849998,123.010002,122.0,122.809998,585300,122.809998
2015-11-17,122.849998,123.120003,122.0,122.309998,727200,122.309998
2015-11-18,122.370003,122.989998,121.739998,122.209999,1042400,122.209999
2015-11-19,122.5,122.82,120.519997,120.82,1095100,120.82
2015-11-20,121.089996,122.239998,119.889999,121.910004,2236300,121.910004
2015-11-23,121.889999,124.139999,121.529999,123.300003,874100,123.300003
2015-11-24,123.239998,123.739998,121.860001,123.599998,837800,123.599998
2015-11-25,123.639999,124.220001,121.910004,122.410004,532500,122.410004
2015-11-27,121.529999,122.07,119.910004,120.690002,701200,120.690002
2015-11-30,120.620003,121.029999,120.0,120.720001,2518700,120.720001
2015-12-01,120.989998,122.279999,119.989998,120.629997,1121400,120.629997
2015-12-02,120.129997,120.57,118.57,118.769997,1158700,118.769997
2015-12-03,118.07,118.650002,113.260002,113.639999,1675800,113.639999
2015-12-04,113.599998,117.190002,112.949997,116.639999,1586500,116.639999
2015-12-07,115.639999,116.43,115.25,115.989998,1027700,115.989998
2015-12-08,114.739998,116.18,114.07,115.959999,897900,115.959999
2015-12-09,114.980003,116.760002,114.870003,116.550003,939400,116.550003
2015-12-10,116.470001,118.0,115.75,117.580002,1259200,117.580002
2015-12-11,115.809998,116.540001,115.32,116.199997,1482300,116.199997
2015-12-14,117.339996,118.150002,115.779999,117.089996,1135900,117.089996
2015-12-15,118.410004,119.559998,117.300003,118.529999,1115600,118.529999
2015-12-16,119.75,120.0,116.919998,118.610001,706200,118.610001
2015-12-17,119.160004,119.849998,118.489998,118.660004,790000,118.660004
2015-12-18,118.010002,118.080002,115.769997,116.75,1189300,116.75
2015-12-21,117.839996,118.339996,117.059998,118.290001,581800,118.290001
2015-12-22,118.419998,120.099998,118.129997,119.660004,601900,119.660004
2015-12-23,120.209999,121.339996,119.730003,121.18,407500,121.18
2015-12-24,121.620003,121.620003,120.379997,120.989998,159600,120.989998
2015-12-28,120.300003,121.940002,120.010002,121.639999,456400,121.639999
2015-12-29,122.019997,123.620003,121.730003,123.150002,393500,123.150002
2015-12-30,122.730003,123.849998,121.760002,121.779999,286800,121.779999
2015-12-31,121.779999,122.489998,120.580002,120.599998,332300,120.599998
2016-01-04,119.209999,119.440002,116.900002,117.870003,846400,117.870003
2016-01-05,118.43,120.970001,117.900002,120.529999,632400,120.529999
2016-01-06,118.940002,120.580002,118.129997,120.010002,737700,120.010002
2016-01-07,118.220001,120.190002,118.010002,119.510002,859600,119.510002
2016-01-08,120.0,120.300003,118.050003,118.239998,646600,118.239998
2016-01-11,118.660004,119.849998,118.199997,119.419998,717800,119.419998
2016-01-12,119.519997,121.440002,118.349998,121.019997,634600,121.019997
2016-01-13,121.010002,121.32,116.040001,116.309998,776600,116.309998
2016-01-14,117.0,117.0,114.550003,116.410004,823800,116.410004
2016-01-15,113.550003,115.25,113.489998,115.160004,955500,115.160004
2016-01-19,116.480003,118.290001,115.470001,115.82,517200,115.82
2016-01-20,114.160004,115.730003,111.25,115.120003,814500,115.120003
2016-01-21,115.779999,116.440002,114.040001,114.989998,508000,114.989998
2016-01-22,115.949997,118.309998,115.489998,117.949997,396200,117.949997
2016-01-25,117.809998,117.900002,116.669998,116.910004,561300,116.910004
2016-01-26,116.93,118.410004,116.93,118.169998,290700,118.169998
2016-01-27,118.169998,119.830002,117.160004,117.870003,570400,117.870003
2016-01-28,118.010002,118.860001,116.519997,116.93,727900,116.93
2016-01-29,117.190002,120.449997,117.0,120.349998,787800,120.349998
2016-02-01,119.290001,121.110001,118.690002,120.650002,582900,120.650002
2016-02-02,119.510002,120.57,117.809998,118.32,708600,118.32
2016-02-03,118.139999,118.57,115.010002,117.199997,1366900,117.199997
2016-02-04,117.419998,118.480003,115.790001,115.940002,1860300,115.940002
2016-02-05,111.690002,114.699997,108.75,111.120003,2591400,111.120003
2016-02-08,109.639999,110.089996,105.160004,105.989998,1288300,105.989998
2016-02-09,105.110001,107.360001,104.910004,106.029999,790700,106.029999
2016-02-10,106.800003,108.389999,106.580002,107.910004,945900,107.910004
2016-02-11,106.160004,107.980003,105.379997,106.050003,877800,106.050003
2016-02-12,107.839996,108.349998,105.639999,106.919998,1136000,106.919998
2016-02-16,109.440002,109.889999,108.169998,109.470001,750600,109.470001
2016-02-17,109.919998,111.529999,109.260002,111.410004,866900,111.410004
2016-02-18,110.830002,113.0,110.5,111.540001,840200,111.540001
2016-02-19,111.300003,111.650002,109.300003,109.660004,898500,109.660004
2016-02-22,110.650002,111.660004,110.239998,111.239998,742100,111.239998
2016-02-23,110.809998,113.839996,110.739998,112.300003,874600,112.300003
2016-02-24,111.220001,113.339996,110.010002,113.139999,923200,113.139999
2016-02-25,113.610001,115.190002,112.190002,114.519997,738900,114.519997
2016-02-26,114.769997,116.419998,113.790001,115.540001,1038400,115.540001
2016-02-29,115.360001,116.620003,113.93,113.93,579500,113.93
2016-03-01,114.589996,117.989998,114.339996,117.949997,960600,117.949997
2016-03-02,117.120003,117.120003,113.43,114.650002,1566200,114.650002
2016-03-03,114.610001,115.650002,114.300003,115.550003,716600,115.550003
2016-03-04,116.050003,116.279999,114.400002,114.870003,568000,114.870003
2016-03-07,114.18,114.989998,113.419998,114.709999,852200,114.709999
2016-03-08,114.040001,114.93,113.209999,113.720001,568600,113.720001
2016-03-09,113.959999,114.68,113.82,114.089996,755300,114.089996
2016-03-10,112.540001,114.470001,112.400002,113.519997,1431600,113.519997
2016-03-11,114.739998,116.010002,112.889999,116.010002,1464700,116.010002
2016-03-14,115.959999,116.459999,115.239998,115.949997,653200,115.949997
2016-03-15,114.919998,119.230003,114.809998,118.459999,1200000,118.459999
2016-03-16,117.440002,119.290001,117.379997,118.879997,754500,118.879997
2016-03-17,118.760002,121.239998,118.339996,120.690002,1233100,120.690002
2016-03-18,121.139999,122.660004,119.989998,122.099998,1817700,122.099998
2016-03-21,121.889999,123.410004,121.629997,123.0,733100,123.0
2016-03-22,123.339996,123.839996,122.849998,123.620003,716900,123.620003
2016-03-23,123.699997,123.989998,123.050003,123.809998,958300,123.809998
2016-03-24,123.57,124.410004,123.040001,124.110001,760800,124.110001
2016-03-28,124.110001,124.459999,123.699997,124.339996,612300,124.339996
2016-03-29,123.830002,125.470001,123.690002,125.330002,431800,125.330002
2016-03-30,126.0,126.529999,124.730003,125.68,988000,125.68
2016-03-31,125.540001,126.300003,125.160004,126.190002,1052400,126.190002
2016-04-01,125.900002,127.739998,125.589996,127.629997,882300,127.629997
2016-04-04,127.330002,128.210007,126.82,127.480003,818500,127.480003
2016-04-05,126.839996,126.940002,125.980003,126.800003,1100700,126.800003
2016-04-06,126.400002,127.290001,125.949997,127.25,743500,127.25
2016-04-07,126.360001,127.290001,125.75,127.239998,741100,127.239998
2016-04-08,127.690002,128.940002,127.470001,128.199997,742000,128.199997
2016-04-11,128.580002,128.75,126.089996,126.099998,737100,126.099998
2016-04-12,126.110001,126.690002,125.260002,125.529999,1050900,125.529999
2016-04-13,126.059998,126.559998,125.480003,126.339996,700000,126.339996
2016-04-14,126.18,126.970001,125.18,125.370003,581400,125.370003
2016-04-15,125.610001,125.839996,125.099998,125.419998,717400,125.419998
2016-04-18,125.620003,125.959999,124.989998,125.849998,1700700,125.849998
2016-04-19,125.910004,126.5,125.110001,125.370003,660500,125.370003
2016-04-20,125.5,126.169998,125.089996,125.440002,660000,125.440002
2016-04-21,125.269997,125.980003,123.610001,123.709999,426800,123.709999
2016-04-22,123.779999,125.040001,122.989998,123.980003,946200,123.980003
2016-04-25,123.849998,124.57,122.650002,122.800003,767200,122.800003
2016-04-26,123.300003,123.690002,121.720001,122.599998,1157700,122.599998
2016-04-27,122.410004,123.699997,122.089996,122.989998,1442800,122.989998
2016-04-28,121.580002,124.32,121.470001,121.739998,1251100,121.739998
2016-04-29,99.940002,101.0,91.050003,95.559998,8670000,95.559998
2016-05-02,96.160004,96.209999,94.279999,95.739998,3328200,95.739998
2016-05-03,95.040001,95.760002,94.040001,94.550003,2782200,94.550003
2016-05-04,94.290001,97.879997,94.129997,97.589996,3598000,97.589996
2016-05-05,97.709999,98.239998,94.800003,95.099998,1839000,95.099998
2016-05-06,94.620003,95.440002,94.489998,95.160004,1421700,95.160004
2016-05-09,95.419998,96.910004,94.959999,96.010002,890700,96.010002
2016-05-10,96.260002,96.879997,95.32,96.040001,1135900,96.040001
2016-05-11,95.849998,96.040001,94.379997,94.510002,1244500,94.510002
2016-05-12,95.169998,95.540001,93.120003,93.269997,1832000,93.269997
2016-05-13,93.019997,94.540001,93.0,93.699997,1880600,93.699997
2016-05-16,94.110001,95.830002,93.68,95.470001,2261200,95.470001
2016-05-17,95.709999,99.589996,95.510002,97.669998,2668200,97.669998
2016-05-18,97.120003,99.529999,96.800003,98.370003,2284300,98.370003
2016-05-19,97.989998,98.709999,96.629997,97.300003,1227500,97.300003
2016-05-20,98.199997,98.580002,96.059998,96.410004,1529200,96.410004
2016-05-23,96.239998,97.239998,95.889999,96.110001,1046100,96.110001
2016-05-24,96.739998,98.480003,96.309998,97.980003,1464000,97.980003
2016-05-25,98.480003,99.370003,97.080002,97.470001,1519200,97.470001
2016-05-26,95.879997,98.919998,95.879997,98.339996,981800,98.339996
2016-05-27,98.720001,99.040001,97.279999,97.57,910000,97.57
2016-05-31,97.410004,98.379997,96.830002,97.989998,3240300,97.989998
2016-06-01,98.07,98.660004,97.620003,98.559998,1010700,98.559998
2016-06-02,98.160004,98.989998,98.160004,98.730003,832500,98.730003
2016-06-03,98.610001,98.699997,97.870003,98.550003,1210900,98.550003
2016-06-06,99.029999,99.449997,98.459999,99.360001,760700,99.360001
2016-06-07,99.519997,102.040001,99.410004,102.0,2014100,102.0
2016-06-08,101.690002,102.419998,101.339996,102.139999,937700,102.139999
2016-06-09,101.650002,101.970001,100.529999,100.860001,833100,100.860001
2016-06-10,100.160004,100.610001,99.660004,100.080002,1164600,100.080002
2016-06-13,99.639999,100.709999,99.629997,100.370003,1061400,100.370003
