Date,Open_TDC,High_TDC,Low_TDC,Close_TDC,Volume_TDC,AdjClose_TDC
2013-06-14,56.759998,57.150002,55.880001,56.080002,1078100,56.080002
2013-06-17,55.799999,56.48,55.139999,55.459999,1370900,55.459999
2013-06-18,55.740002,55.799999,55.009998,55.34,1461900,55.34
2013-06-19,55.310001,56.060001,55.209999,55.299999,1534800,55.299999
2013-06-20,54.919998,54.98,52.889999,52.919998,2703100,52.919998
2013-06-21,53.139999,53.139999,50.529999,50.700001,3633300,50.700001
2013-06-24,50.23,50.25,48.110001,48.34,3963100,48.34
2013-06-25,48.77,49.299999,48.330002,48.5,2346300,48.5
2013-06-26,49.459999,52.139999,49.459999,50.400002,3177000,50.400002
2013-06-27,50.580002,51.57,50.09,51.110001,2332500,51.110001
2013-06-28,50.810001,50.990002,49.490002,50.23,2704900,50.23
2013-07-01,50.599998,51.360001,50.209999,50.639999,1413200,50.639999
2013-07-02,50.700001,50.740002,49.580002,50.02,1309300,50.02
2013-07-03,49.759998,51.52,49.759998,51.389999,757300,51.389999
2013-07-05,51.560001,51.830002,50.849998,51.689999,940700,51.689999
2013-07-08,52.0,52.0,51.25,51.349998,858100,51.349998
2013-07-09,51.490002,52.389999,51.48,51.759998,747600,51.759998
2013-07-10,51.630001,52.900002,51.560001,52.799999,1365400,52.799999
2013-07-11,53.84,56.349998,53.639999,56.169998,3403900,56.169998
2013-07-12,56.189999,56.790001,54.810001,55.91,1856500,55.91
2013-07-15,56.099998,57.169998,55.380001,57.0,1692800,57.0
2013-07-16,57.080002,57.669998,56.52,57.32,1879000,57.32
2013-07-17,57.57,57.75,57.09,57.490002,988800,57.490002
2013-07-18,57.759998,59.41,57.529999,59.25,1715900,59.25
2013-07-19,58.970001,59.66,57.950001,58.080002,1393700,58.080002
2013-07-22,58.169998,58.459999,57.720001,58.07,716300,58.07
2013-07-23,57.599998,57.91,56.860001,57.360001,968400,57.360001
2013-07-24,57.970001,58.959999,57.529999,57.709999,1326800,57.709999
2013-07-25,57.619999,59.889999,57.369999,59.59,1535300,59.59
2013-07-26,59.139999,59.18,57.349998,58.25,1554700,58.25
2013-07-29,58.290001,59.290001,58.209999,58.560001,1109100,58.560001
2013-07-30,59.0,59.040001,58.400002,58.73,1163800,58.73
2013-07-31,59.0,59.560001,58.41,59.119999,1728100,59.119999
2013-08-01,61.650002,65.959999,61.650002,63.169998,4719300,63.169998
2013-08-02,63.279999,63.889999,62.900002,63.369999,1361800,63.369999
2013-08-05,63.049999,64.870003,63.040001,64.699997,1627000,64.699997
2013-08-06,64.379997,64.860001,62.77,63.259998,1890400,63.259998
2013-08-07,63.290001,63.400002,62.110001,63.16,1285400,63.16
2013-08-08,63.57,64.230003,62.630001,63.84,1091900,63.84
2013-08-09,63.630001,64.610001,63.560001,63.759998,751100,63.759998
2013-08-12,63.669998,64.309998,63.549999,64.129997,615200,64.129997
2013-08-13,64.419998,64.900002,63.849998,64.769997,821100,64.769997
2013-08-14,64.739998,64.800003,63.869999,64.169998,1010200,64.169998
2013-08-15,63.490002,63.549999,61.720001,61.860001,1581400,61.860001
2013-08-16,61.610001,62.18,60.98,61.689999,1005100,61.689999
2013-08-19,61.52,62.080002,60.59,60.599998,1072900,60.599998
2013-08-20,60.720001,61.16,60.419998,61.0,934100,61.0
2013-08-21,60.75,61.34,59.380001,59.5,1850900,59.5
2013-08-22,59.619999,60.439999,59.380001,60.150002,1370900,60.150002
2013-08-23,60.470001,61.34,60.139999,60.939999,1451900,60.939999
2013-08-26,60.849998,61.380001,60.360001,60.52,773500,60.52
2013-08-27,59.810001,59.810001,58.380001,58.700001,1341100,58.700001
2013-08-28,58.709999,59.700001,58.450001,58.919998,931200,58.919998
2013-08-29,58.619999,60.290001,58.48,59.869999,916000,59.869999
2013-08-30,59.950001,59.950001,58.34,58.560001,1038100,58.560001
2013-09-03,59.299999,59.630001,58.299999,58.700001,572300,58.700001
2013-09-04,58.790001,59.200001,58.150002,58.799999,879000,58.799999
2013-09-05,58.82,59.16,57.490002,57.509998,1253500,57.509998
2013-09-06,57.630001,57.669998,55.450001,56.919998,3070500,56.919998
2013-09-09,57.259998,57.459999,56.900002,57.029999,1269300,57.029999
2013-09-10,57.459999,58.279999,57.349998,58.029999,1513100,58.029999
2013-09-11,58.0,59.049999,57.93,58.84,1586600,58.84
2013-09-12,58.830002,59.990002,58.630001,59.57,2023400,59.57
2013-09-13,59.689999,59.799999,58.75,59.310001,1152300,59.310001
2013-09-16,59.959999,60.139999,59.470001,59.709999,957600,59.709999
2013-09-17,59.93,60.0,59.02,59.490002,1301500,59.490002
2013-09-18,59.599998,60.73,59.509998,60.48,1740000,60.48
2013-09-19,60.619999,60.639999,58.959999,59.080002,1617000,59.080002
2013-09-20,59.799999,61.009998,59.73,60.73,2086900,60.73
2013-09-23,60.439999,60.919998,59.150002,59.880001,1559100,59.880001
2013-09-24,59.73,59.790001,57.75,58.439999,1426200,58.439999
2013-09-25,58.43,58.720001,57.84,58.049999,891900,58.049999
2013-09-26,58.139999,58.360001,56.77,56.900002,1582800,56.900002
2013-09-27,56.59,56.919998,56.25,56.509998,1099600,56.509998
2013-09-30,55.919998,56.259998,55.25,55.439999,1223100,55.439999
2013-10-01,55.439999,55.849998,55.009998,55.25,1522200,55.25
2013-10-02,54.990002,55.5,54.75,55.369999,1494000,55.369999
2013-10-03,55.029999,55.389999,53.349998,54.389999,2740200,54.389999
2013-10-04,54.459999,55.009998,54.07,54.119999,1563000,54.119999
2013-10-07,53.689999,54.41,53.240002,53.459999,1364000,53.459999
2013-10-08,53.360001,53.5,52.200001,52.580002,1803400,52.580002
2013-10-09,52.880001,53.25,52.080002,52.75,1600600,52.75
2013-10-10,52.939999,53.07,51.73,52.689999,3257600,52.689999
2013-10-11,52.59,52.970001,51.860001,52.950001,1664700,52.950001
2013-10-14,52.25,52.639999,51.830002,52.580002,2291300,52.580002
2013-10-15,44.73,45.130001,42.75,42.91,21710000,42.91
2013-10-16,43.259998,43.400002,41.110001,41.48,8324100,41.48
2013-10-17,41.23,42.790001,41.23,42.52,6440200,42.52
2013-10-18,42.740002,43.279999,42.5,42.639999,3275700,42.639999
2013-10-21,42.860001,43.540001,42.110001,43.439999,3174800,43.439999
2013-10-22,43.860001,44.099998,43.349998,43.959999,3102600,43.959999
2013-10-23,43.869999,43.919998,43.25,43.419998,2219000,43.419998
2013-10-24,43.279999,45.610001,42.709999,45.450001,3926500,45.450001
2013-10-25,45.419998,45.540001,44.169998,44.470001,2834900,44.470001
2013-10-28,44.59,46.130001,44.459999,45.889999,2589200,45.889999
2013-10-29,45.32,46.310001,44.860001,46.25,3705500,46.25
2013-10-30,46.389999,47.049999,44.75,45.470001,5970600,45.470001
2013-10-31,44.639999,46.700001,43.75,44.07,4597000,44.07
2013-11-01,44.34,44.48,43.57,44.0,2922900,44.0
2013-11-04,44.139999,44.25,42.799999,43.009998,3657800,43.009998
2013-11-05,42.82,43.41,42.349998,42.630001,3831800,42.630001
2013-11-06,42.950001,43.049999,42.720001,42.98,1771800,42.98
2013-11-07,43.119999,44.130001,43.0,43.41,3283000,43.41
2013-11-08,43.540001,43.73,43.189999,43.5,2031500,43.5
2013-11-11,43.5,44.049999,43.360001,43.790001,1790200,43.790001
2013-11-12,43.66,44.07,43.529999,43.93,1288200,43.93
2013-11-13,43.790001,45.080002,43.790001,44.950001,2300700,44.950001
2013-11-14,44.48,45.07,44.400002,44.799999,2374800,44.799999
2013-11-15,45.0,45.610001,44.82,45.59,1821800,45.59
2013-11-18,45.880001,45.880001,45.150002,45.450001,1968000,45.450001
2013-11-19,45.27,45.5,45.080002,45.220001,2711800,45.220001
2013-11-20,45.259998,45.540001,45.110001,45.400002,2099600,45.400002
2013-11-21,45.439999,46.0,45.299999,45.700001,1633000,45.700001
2013-11-22,45.799999,45.799999,45.169998,45.290001,1536200,45.290001
2013-11-25,45.43,45.540001,45.02,45.220001,1732900,45.220001
2013-11-26,45.299999,45.650002,45.02,45.380001,1502500,45.380001
2013-11-27,45.380001,45.860001,45.369999,45.68,910600,45.68
2013-11-29,45.799999,45.900002,45.490002,45.639999,381400,45.639999
2013-12-02,45.490002,45.939999,45.419998,45.810001,1681800,45.810001
2013-12-03,45.470001,45.77,45.25,45.349998,1640400,45.349998
2013-12-04,43.330002,43.919998,42.0,42.529999,10029000,42.529999
2013-12-05,42.490002,42.5,41.529999,41.599998,3488700,41.599998
2013-12-06,41.84,42.34,41.830002,41.880001,3246600,41.880001
2013-12-09,41.959999,42.389999,41.779999,41.970001,2392200,41.970001
2013-12-10,41.84,41.900002,41.139999,41.150002,3034300,41.150002
2013-12-11,41.119999,41.169998,39.830002,40.060001,5726800,40.060001
2013-12-12,39.459999,39.759998,39.16,39.52,4137600,39.52
2013-12-13,39.650002,41.18,39.52,40.990002,3132900,40.990002
2013-12-16,40.860001,41.720001,40.810001,41.619999,2289400,41.619999
2013-12-17,41.779999,42.349998,41.459999,41.73,2268600,41.73
2013-12-18,41.990002,41.990002,41.189999,41.889999,2852100,41.889999
2013-12-19,41.900002,42.490002,41.889999,42.18,1953000,42.18
2013-12-20,42.259998,44.860001,42.259998,44.779999,4818600,44.779999
2013-12-23,44.91,45.119999,43.91,44.299999,1914700,44.299999
2013-12-24,44.279999,44.73,44.139999,44.349998,392100,44.349998
2013-12-26,44.259998,44.919998,44.169998,44.689999,1008500,44.689999
2013-12-27,44.82,45.639999,44.689999,44.759998,1260100,44.759998
2013-12-30,44.509998,44.91,44.07,44.700001,1547300,44.700001
2013-12-31,44.82,45.900002,44.82,45.490002,1533200,45.490002
2014-01-02,45.330002,45.59,44.650002,44.73,2159000,44.73
2014-01-03,44.959999,45.59,44.599998,45.360001,1317200,45.360001
2014-01-06,45.599998,45.790001,45.139999,45.540001,1554200,45.540001
2014-01-07,45.549999,46.07,45.259998,45.98,2110500,45.98
2014-01-08,45.830002,46.25,45.450001,45.869999,2184900,45.869999
2014-01-09,46.040001,46.59,45.169998,45.389999,1620900,45.389999
2014-01-10,45.84,45.869999,43.939999,44.310001,2684300,44.310001
2014-01-13,44.459999,45.330002,43.990002,44.029999,2443100,44.029999
2014-01-14,44.349998,45.82,44.209999,45.790001,2195700,45.790001
2014-01-15,45.959999,49.150002,45.869999,47.630001,4753900,47.630001
2014-01-16,47.330002,47.68,46.950001,47.299999,1407400,47.299999
2014-01-17,47.310001,47.91,46.759998,47.240002,1483300,47.240002
2014-01-21,47.299999,47.98,46.560001,46.860001,1283300,46.860001
2014-01-22,46.889999,47.049999,45.59,45.75,2128700,45.75
2014-01-23,45.580002,45.580002,44.740002,45.0,2078300,45.0
2014-01-24,44.75,44.939999,43.75,43.779999,1598200,43.779999
2014-01-27,43.779999,43.91,43.060001,43.400002,1312500,43.400002
2014-01-28,43.580002,43.970001,43.459999,43.900002,1401500,43.900002
2014-01-29,42.360001,43.009998,41.66,42.07,2839800,42.07
2014-01-30,42.560001,42.650002,41.889999,42.130001,2827000,42.130001
2014-01-31,41.34,42.02,40.849998,41.119999,3399000,41.119999
2014-02-03,41.310001,41.810001,39.77,40.0,2964800,40.0
2014-02-04,40.07,41.0,39.919998,40.560001,3059300,40.560001
2014-02-05,40.220001,41.209999,40.009998,41.060001,3433800,41.060001
2014-02-06,44.380001,46.400002,40.16,41.0,10256600,41.0
2014-02-07,40.369999,41.23,39.5,40.950001,5248100,40.950001
2014-02-10,40.950001,41.610001,40.509998,41.07,2800000,41.07
2014-02-11,41.720001,43.630001,41.619999,43.299999,4026700,43.299999
2014-02-12,43.290001,43.700001,42.740002,42.790001,2666000,42.790001
2014-02-13,42.560001,43.169998,42.389999,42.799999,1655900,42.799999
2014-02-14,42.779999,43.580002,42.279999,43.310001,2456000,43.310001
2014-02-18,43.43,44.18,43.360001,43.419998,1756500,43.419998
2014-02-19,43.279999,44.900002,43.27,44.310001,2505000,44.310001
2014-02-20,44.23,45.07,43.669998,44.959999,2637600,44.959999
2014-02-21,45.119999,46.720001,45.060001,45.580002,4558600,45.580002
2014-02-24,45.599998,46.349998,45.25,45.66,2003900,45.66
2014-02-25,45.580002,45.77,45.240002,45.580002,1456000,45.580002
2014-02-26,46.189999,47.07,46.099998,46.259998,3257600,46.259998
2014-02-27,45.759998,46.299999,45.0,46.279999,2646800,46.279999
2014-02-28,46.25,46.450001,45.490002,45.919998,1695200,45.919998
2014-03-03,45.5,45.849998,44.869999,45.220001,1859800,45.220001
2014-03-04,45.759998,46.66,45.450001,46.299999,1849500,46.299999
2014-03-05,46.330002,46.810001,45.529999,46.580002,2444300,46.580002
2014-03-06,47.09,48.18,46.759998,46.98,2958400,46.98
2014-03-07,47.119999,47.48,46.34,46.84,1921300,46.84
2014-03-10,46.669998,46.77,46.279999,46.5,1598000,46.5
2014-03-11,46.59,46.889999,45.529999,45.900002,2479000,45.900002
2014-03-12,45.669998,46.16,44.75,45.439999,2139100,45.439999
2014-03-13,45.580002,46.25,44.790001,44.950001,2284100,44.950001
2014-03-14,44.919998,45.23,44.470001,44.689999,1296500,44.689999
2014-03-17,45.02,46.02,45.0,45.790001,1360100,45.790001
2014-03-18,45.740002,46.34,45.470001,46.290001,1158800,46.290001
2014-03-19,46.279999,46.529999,45.75,46.09,1181600,46.09
2014-03-20,46.0,48.880001,45.91,48.200001,3377100,48.200001
2014-03-21,48.610001,49.0,47.41,47.790001,2850700,47.790001
2014-03-24,47.970001,48.529999,47.490002,47.619999,1830100,47.619999
2014-03-25,47.68,48.75,47.529999,48.07,1502600,48.07
2014-03-26,48.389999,49.490002,47.380001,47.400002,3111800,47.400002
2014-03-27,47.32,48.169998,46.799999,47.799999,1574000,47.799999
2014-03-28,47.970001,48.959999,47.849998,48.099998,1512700,48.099998
2014-03-31,48.43,49.389999,48.060001,49.189999,1255300,49.189999
2014-04-01,49.360001,49.490002,47.779999,48.27,2303500,48.27
2014-04-02,48.259998,49.57,47.98,49.18,1611100,49.18
2014-04-03,49.16,49.200001,48.439999,48.98,1525000,48.98
2014-04-04,49.389999,49.389999,47.5,47.790001,1349200,47.790001
2014-04-07,47.540001,47.849998,45.450001,45.720001,2869200,45.720001
2014-04-08,45.73,45.73,44.369999,45.330002,3982800,45.330002
2014-04-09,45.419998,46.669998,45.41,46.580002,1676600,46.580002
2014-04-10,46.470001,46.75,46.0,46.07,1821600,46.07
2014-04-11,45.619999,45.75,44.200001,44.709999,2053100,44.709999
2014-04-14,45.139999,45.490002,44.73,45.279999,1031700,45.279999
2014-04-15,45.290001,46.84,44.720001,46.779999,2453400,46.779999
2014-04-16,47.139999,47.470001,46.419998,47.080002,1341200,47.080002
2014-04-17,46.709999,47.259998,46.290001,46.990002,1066100,46.990002
2014-04-21,46.91,47.790001,46.759998,47.599998,1127300,47.599998
2014-04-22,47.610001,48.07,47.130001,47.549999,927700,47.549999
2014-04-23,47.560001,47.560001,46.279999,46.310001,1213100,46.310001
2014-04-24,46.689999,47.130001,45.950001,46.0,1087300,46.0
2014-04-25,45.93,45.950001,44.810001,44.84,1501300,44.84
2014-04-28,45.18,45.349998,44.080002,44.77,2341100,44.77
2014-04-29,45.07,45.59,44.84,45.16,1315000,45.16
2014-04-30,45.16,45.52,44.709999,45.459999,1340100,45.459999
2014-05-01,45.459999,46.240002,45.150002,45.849998,965700,45.849998
2014-05-02,45.869999,45.990002,45.07,45.099998,1071900,45.099998
2014-05-05,44.970001,45.029999,44.169998,44.59,1347400,44.59
2014-05-06,44.580002,44.700001,44.029999,44.32,1656200,44.32
2014-05-07,44.41,44.630001,43.240002,43.970001,2829600,43.970001
2014-05-08,42.419998,42.970001,37.66,39.540001,18282800,39.540001
2014-05-09,39.310001,40.110001,39.299999,39.630001,7887400,39.630001
2014-05-12,39.849998,40.509998,39.82,40.34,4371500,40.34
2014-05-13,40.41,41.139999,40.119999,40.779999,2680200,40.779999
2014-05-14,40.720001,40.959999,40.360001,40.869999,1969400,40.869999
2014-05-15,40.900002,40.900002,40.27,40.529999,2051800,40.529999
2014-05-16,40.580002,40.959999,40.259998,40.619999,1488500,40.619999
2014-05-19,40.560001,41.75,40.52,41.169998,1496400,41.169998
2014-05-20,41.0,41.110001,40.650002,40.799999,1875700,40.799999
2014-05-21,40.84,40.950001,40.369999,40.84,1879300,40.84
2014-05-22,40.849998,41.040001,40.759998,41.02,1718700,41.02
2014-05-23,40.900002,41.419998,40.900002,41.18,1695600,41.18
2014-05-27,41.380001,41.630001,41.0,41.299999,2114900,41.299999
2014-05-28,41.34,41.84,41.119999,41.599998,1523000,41.599998
2014-05-29,42.0,42.419998,41.790001,42.189999,1131500,42.189999
2014-05-30,41.959999,42.099998,41.48,41.990002,1999900,41.990002
2014-06-02,41.990002,42.16,41.740002,41.98,1447400,41.98
2014-06-03,41.869999,42.049999,41.549999,41.77,1752400,41.77
2014-06-04,41.549999,42.759998,41.490002,41.93,1665400,41.93
2014-06-05,41.970001,42.669998,41.509998,42.560001,1710300,42.560001
2014-06-06,42.779999,43.41,42.689999,43.080002,1158200,43.080002
2014-06-09,43.0,43.490002,42.869999,43.23,1091200,43.23
2014-06-10,42.970001,43.380001,42.919998,43.200001,1041300,43.200001
2014-06-11,43.0,43.16,42.790001,42.869999,940700,42.869999
2014-06-12,42.959999,43.099998,42.48,42.75,1763000,42.75
2014-06-13,42.91,43.490002,42.759998,43.419998,919700,43.419998
2014-06-16,43.450001,44.09,43.25,44.07,1184100,44.07
2014-06-17,43.939999,44.25,43.650002,44.060001,1102400,44.060001
2014-06-18,44.080002,44.380001,43.669998,44.279999,933500,44.279999
2014-06-19,44.330002,44.799999,43.59,43.98,1788000,43.98
2014-06-20,44.130001,44.220001,43.380001,43.57,1752600,43.57
2014-06-23,42.779999,43.119999,42.279999,42.830002,1895900,42.830002
2014-06-24,42.73,42.98,42.169998,42.189999,2393900,42.189999
2014-06-25,42.220001,42.240002,41.75,41.970001,4242300,41.970001
2014-06-26,42.0,42.049999,40.84,41.119999,4219600,41.119999
2014-06-27,41.009998,41.150002,40.470001,40.509998,3721900,40.509998
2014-06-30,40.43,40.869999,39.990002,40.200001,3510900,40.200001
2014-07-01,40.32,40.599998,40.279999,40.330002,2975800,40.330002
2014-07-02,40.349998,40.66,39.970001,39.990002,2725100,39.990002
2014-07-03,40.18,40.599998,40.119999,40.549999,2611900,40.549999
2014-07-07,40.610001,40.869999,40.549999,40.82,2101800,40.82
2014-07-08,40.77,40.860001,40.009998,40.23,2802300,40.23
2014-07-09,40.369999,40.52,40.27,40.48,3104400,40.48
2014-07-10,40.029999,40.880001,39.919998,40.810001,2037800,40.810001
2014-07-11,40.709999,41.43,40.650002,41.240002,1694100,41.240002
2014-07-14,41.529999,42.299999,41.5,42.049999,1676900,42.049999
2014-07-15,42.02,42.509998,41.330002,41.490002,2254100,41.490002
2014-07-16,41.610001,42.0,41.52,41.779999,1168200,41.779999
2014-07-17,41.57,42.259998,41.57,41.740002,2404000,41.740002
2014-07-18,41.91,42.509998,41.810001,42.369999,1729800,42.369999
2014-07-21,42.220001,42.299999,41.889999,42.220001,1328700,42.220001
2014-07-22,42.380001,43.279999,42.380001,43.060001,1265400,43.060001
2014-07-23,43.080002,43.240002,42.580002,42.700001,1897800,42.700001
2014-07-24,42.869999,43.580002,42.77,43.380001,1626700,43.380001
2014-07-25,43.130001,43.139999,42.369999,42.630001,1754700,42.630001
2014-07-28,42.59,42.669998,41.919998,42.369999,1930900,42.369999
2014-07-29,42.419998,43.459999,42.419998,42.849998,1665100,42.849998
2014-07-30,42.959999,43.099998,42.619999,42.779999,1475600,42.779999
2014-07-31,42.41,42.75,41.959999,42.16,2654500,42.16
2014-08-01,41.970001,42.689999,41.720001,42.209999,2735600,42.209999
2014-08-04,42.189999,43.639999,42.029999,43.540001,1792700,43.540001
2014-08-05,43.380001,43.82,43.16,43.360001,1889800,43.360001
2014-08-06,42.919998,43.610001,42.889999,43.049999,2964900,43.049999
2014-08-07,44.43,44.900002,41.220001,41.619999,5230400,41.619999
2014-08-08,41.709999,42.939999,41.599998,42.48,2880400,42.48
2014-08-11,42.560001,43.0,41.919998,42.689999,2010500,42.689999
2014-08-12,42.619999,42.68,42.119999,42.27,1177400,42.27
2014-08-13,42.41,42.57,42.130001,42.450001,890000,42.450001
2014-08-14,42.610001,43.02,42.27,42.869999,771000,42.869999
2014-08-15,43.080002,43.099998,42.439999,42.869999,1314200,42.869999
2014-08-18,43.169998,43.48,43.02,43.330002,760300,43.330002
2014-08-19,43.439999,43.799999,43.139999,43.23,1138200,43.23
2014-08-20,43.209999,43.380001,42.799999,43.32,1056000,43.32
2014-08-21,43.259998,43.75,43.119999,43.43,988300,43.43
2014-08-22,43.400002,43.630001,43.209999,43.509998,1085100,43.509998
2014-08-25,43.849998,44.279999,43.400002,43.900002,1472500,43.900002
2014-08-26,44.0,44.630001,43.900002,44.5,1103700,44.5
2014-08-27,44.610001,45.0,44.220001,44.84,1327100,44.84
2014-08-28,44.59,45.57,44.400002,45.32,1847100,45.32
2014-08-29,45.43,45.990002,45.25,45.669998,978600,45.669998
2014-09-02,45.790001,46.560001,45.459999,45.84,1951400,45.84
2014-09-03,45.98,46.639999,45.73,45.799999,1321100,45.799999
2014-09-04,45.400002,45.560001,44.439999,44.599998,2478800,44.599998
2014-09-05,44.490002,44.970001,44.049999,44.529999,1831700,44.529999
2014-09-08,44.540001,45.220001,44.43,44.869999,1151700,44.869999
2014-09-09,44.709999,46.060001,44.68,45.459999,1910000,45.459999
2014-09-10,45.549999,45.700001,44.580002,44.639999,2107300,44.639999
2014-09-11,44.5,44.91,44.0,44.880001,1317900,44.880001
2014-09-12,44.799999,45.130001,44.450001,44.860001,1189600,44.860001
2014-09-15,44.779999,45.369999,44.59,45.040001,1726400,45.040001
2014-09-16,44.900002,45.220001,44.68,45.029999,1176300,45.029999
2014-09-17,45.009998,45.169998,44.189999,44.23,1506200,44.23
2014-09-18,44.43,44.860001,44.43,44.709999,963800,44.709999
2014-09-19,44.810001,45.0,43.380001,43.57,2226000,43.57
2014-09-22,43.5,43.5,42.700001,43.220001,1274000,43.220001
2014-09-23,43.119999,43.400002,42.459999,42.650002,1607500,42.650002
2014-09-24,42.580002,43.220001,42.41,43.220001,979800,43.220001
2014-09-25,43.060001,43.060001,41.73,41.759998,1536000,41.759998
2014-09-26,41.75,42.349998,41.75,42.25,965300,42.25
2014-09-29,41.0,42.189999,40.799999,41.900002,1759600,41.900002
2014-09-30,41.720001,42.139999,41.52,41.919998,1454200,41.919998
2014-10-01,41.959999,42.049999,41.43,41.59,1798600,41.59
2014-10-02,41.619999,42.0,40.970001,41.84,1383800,41.84
2014-10-03,42.049999,42.32,41.869999,41.959999,1106100,41.959999
2014-10-06,42.27,42.57,41.73,42.23,946100,42.23
2014-10-07,42.009998,42.080002,41.259998,41.290001,1894200,41.290001
2014-10-08,41.25,41.990002,40.959999,41.950001,1173000,41.950001
2014-10-09,41.610001,41.619999,40.549999,41.150002,1672200,41.150002
2014-10-10,41.09,41.580002,40.009998,40.009998,2108900,40.009998
2014-10-13,40.110001,41.040001,39.540001,39.900002,2491800,39.900002
2014-10-14,40.0,41.880001,39.869999,41.32,2224600,41.32
2014-10-15,40.689999,41.580002,40.09,41.18,3235600,41.18
2014-10-16,40.529999,41.580002,40.529999,41.0,1995300,41.0
2014-10-17,41.360001,42.360001,41.18,42.290001,1729800,42.290001
2014-10-20,41.689999,42.0,40.630001,40.700001,2166300,40.700001
2014-10-21,40.799999,41.560001,40.599998,41.299999,1918000,41.299999
2014-10-22,41.470001,41.580002,39.970001,40.040001,2211100,40.040001
2014-10-23,40.290001,40.41,39.599998,39.869999,3965500,39.869999
2014-10-24,39.950001,40.91,39.880001,40.689999,1481100,40.689999
2014-10-27,40.57,40.959999,40.509998,40.630001,1163300,40.630001
2014-10-28,40.709999,41.48,40.709999,41.380001,1329800,41.380001
2014-10-29,41.330002,41.790001,40.25,40.720001,1392000,40.720001
2014-10-30,40.669998,41.580002,40.549999,41.400002,1220900,41.400002
2014-10-31,41.849998,42.549999,41.759998,42.32,1279900,42.32
2014-11-03,42.299999,42.450001,41.740002,41.82,1096700,41.82
2014-11-04,41.639999,41.93,41.450001,41.720001,849400,41.720001
2014-11-05,42.16,42.169998,40.900002,41.060001,2341200,41.060001
2014-11-06,42.709999,44.27,42.040001,42.68,5443600,42.68
2014-11-07,42.619999,43.029999,42.009998,42.709999,2446900,42.709999
2014-11-10,42.689999,43.759998,42.599998,43.529999,2159300,43.529999
2014-11-11,43.169998,44.110001,43.169998,43.709999,1525600,43.709999
2014-11-12,43.59,44.66,43.330002,44.580002,1492500,44.580002
2014-11-13,44.459999,44.700001,44.080002,44.599998,1594100,44.599998
2014-11-14,44.52,44.689999,44.169998,44.25,1806900,44.25
2014-11-17,44.200001,45.25,44.139999,44.810001,2046000,44.810001
2014-11-18,44.810001,45.139999,44.700001,44.73,1605800,44.73
2014-11-19,44.68,44.939999,44.23,44.77,1549800,44.77
2014-11-20,44.599998,44.889999,44.25,44.459999,1248300,44.459999
2014-11-21,44.73,45.389999,44.400002,44.57,1568200,44.57
2014-11-24,44.639999,45.400002,44.23,45.150002,1285900,45.150002
2014-11-25,45.32,45.540001,44.91,44.919998,2044000,44.919998
2014-11-26,44.93,45.200001,44.779999,44.860001,941100,44.860001
2014-11-28,44.990002,45.639999,44.950001,45.139999,701900,45.139999
2014-12-01,44.889999,45.049999,44.389999,44.43,1487200,44.43
2014-12-02,44.509998,44.889999,44.080002,44.580002,1024700,44.580002
2014-12-03,44.599998,45.259998,44.509998,45.110001,894400,45.110001
2014-12-04,45.0,45.07,44.34,44.43,1352000,44.43
2014-12-05,44.41,44.990002,44.34,44.540001,2418200,44.540001
2014-12-08,44.27,44.619999,43.189999,43.400002,1490300,43.400002
2014-12-09,42.950001,43.529999,42.790001,43.48,1761100,43.48
2014-12-10,43.48,43.91,42.459999,42.52,1621500,42.52
2014-12-11,42.830002,43.400002,42.439999,42.599998,1118300,42.599998
2014-12-12,42.139999,42.450001,41.529999,41.529999,1591700,41.529999
2014-12-15,41.669998,41.98,40.970001,41.639999,1770500,41.639999
2014-12-16,41.610001,41.779999,40.849998,40.869999,2417000,40.869999
2014-12-17,40.779999,41.419998,40.310001,41.279999,2630500,41.279999
2014-12-18,42.049999,43.02,41.919998,42.990002,2694300,42.990002
2014-12-19,43.169998,44.540001,43.09,44.290001,2923000,44.290001
2014-12-22,44.290001,44.549999,44.0,44.220001,1561100,44.220001
2014-12-23,44.599998,45.59,44.599998,44.810001,2412800,44.810001
2014-12-24,44.900002,45.619999,44.880001,45.220001,1031100,45.220001
2014-12-26,45.240002,45.599998,44.939999,44.970001,1036700,44.970001
2014-12-29,44.810001,45.310001,44.630001,44.939999,977000,44.939999
2014-12-30,44.810001,45.25,44.369999,44.610001,1045500,44.610001
2014-12-31,44.639999,44.84,43.66,43.68,1000200,43.68
2015-01-02,43.970001,44.240002,43.23,44.0,1340500,44.0
2015-01-05,43.689999,43.799999,42.52,43.07,1983100,43.07
2015-01-06,43.330002,43.599998,42.279999,42.630001,1662900,42.630001
2015-01-07,43.130001,43.25,42.610001,42.779999,1665000,42.779999
2015-01-08,43.240002,43.900002,43.049999,43.330002,1817700,43.330002
2015-01-09,43.509998,43.66,42.799999,43.43,937100,43.43
2015-01-12,43.389999,43.490002,42.57,42.630001,1098500,42.630001
2015-01-13,42.869999,43.889999,42.459999,42.830002,1391400,42.830002
2015-01-14,42.400002,42.889999,41.990002,42.650002,1738700,42.650002
2015-01-15,42.880001,43.169998,41.93,41.950001,1040600,41.950001
2015-01-16,41.91,42.959999,41.830002,42.93,1728000,42.93
2015-01-20,43.25,43.580002,42.830002,43.32,1321900,43.32
2015-01-21,42.990002,43.830002,42.709999,43.290001,1192400,43.290001
2015-01-22,43.549999,44.349998,43.259998,44.25,1305000,44.25
2015-01-23,44.0,44.389999,43.27,43.349998,1601000,43.349998
2015-01-26,43.470001,44.389999,43.099998,44.360001,1906200,44.360001
2015-01-27,43.630001,46.720001,43.490002,45.220001,4125800,45.220001
2015-01-28,45.73,45.830002,44.439999,44.580002,1703300,44.580002
2015-01-29,44.75,45.119999,44.029999,45.0,1556700,45.0
2015-01-30,44.529999,45.09,44.209999,44.560001,1941400,44.560001
2015-02-02,44.59,45.619999,44.080002,45.529999,1646800,45.529999
2015-02-03,45.900002,46.889999,45.73,46.689999,2109100,46.689999
2015-02-04,46.419998,47.029999,46.060001,46.98,3131500,46.98
2015-02-05,42.400002,43.43,41.18,42.189999,10329700,42.189999
2015-02-06,41.490002,42.619999,41.380001,41.630001,4076300,41.630001
2015-02-09,41.48,42.630001,41.41,42.5,3102800,42.5
2015-02-10,42.700001,43.73,42.27,43.630001,2243600,43.630001
2015-02-11,43.650002,43.98,43.360001,43.830002,1794000,43.830002
2015-02-12,44.709999,46.209999,44.57,46.02,3726800,46.02
2015-02-13,45.919998,46.299999,44.939999,45.73,1897000,45.73
2015-02-17,45.25,45.419998,44.57,45.080002,1650500,45.080002
2015-02-18,45.040001,45.419998,44.759998,45.16,1215300,45.16
2015-02-19,44.91,45.400002,44.709999,45.169998,1056500,45.169998
2015-02-20,45.040001,45.32,44.5,45.290001,1120900,45.290001
2015-02-23,45.32,45.32,44.07,44.630001,2150400,44.630001
2015-02-24,44.759998,44.880001,44.060001,44.73,1371900,44.73
2015-02-25,44.59,44.709999,43.799999,43.950001,1676200,43.950001
2015-02-26,44.07,44.389999,43.349998,43.959999,2069700,43.959999
2015-02-27,44.0,44.889999,43.880001,44.52,1374300,44.52
2015-03-02,44.549999,45.029999,43.939999,44.959999,1694300,44.959999
2015-03-03,44.650002,44.810001,43.98,44.049999,894800,44.049999
2015-03-04,43.77,45.0,43.419998,44.639999,2182700,44.639999
2015-03-05,44.619999,44.650002,43.919998,44.029999,1611500,44.029999
2015-03-06,43.799999,44.220001,42.82,42.889999,1769200,42.889999
2015-03-09,42.889999,43.009998,42.549999,42.849998,1443800,42.849998
2015-03-10,42.849998,43.080002,42.080002,42.18,1383600,42.18
2015-03-11,42.110001,42.439999,41.709999,42.240002,1584000,42.240002
2015-03-12,42.240002,42.439999,41.66,42.34,1429700,42.34
2015-03-13,42.169998,42.259998,41.669998,42.139999,1214400,42.139999
2015-03-16,41.959999,42.509998,41.900002,42.189999,1397000,42.189999
2015-03-17,42.099998,42.830002,42.099998,42.740002,1401200,42.740002
2015-03-18,42.529999,43.060001,42.23,42.73,2064400,42.73
2015-03-19,42.68,43.32,42.630001,42.73,1470100,42.73
2015-03-20,42.900002,44.049999,42.810001,43.950001,3203500,43.950001
2015-03-23,43.889999,44.549999,43.790001,44.23,1208500,44.23
2015-03-24,44.119999,44.27,43.669998,43.700001,1302400,43.700001
2015-03-25,43.599998,43.73,42.639999,42.669998,1259600,42.669998
2015-03-26,42.27,42.779999,42.16,42.619999,1212800,42.619999
2015-03-27,42.5,42.720001,42.209999,42.709999,1003900,42.709999
2015-03-30,42.869999,43.619999,42.799999,43.57,1123900,43.57
2015-03-31,43.41,44.450001,43.150002,44.139999,1817900,44.139999
2015-04-01,44.16,44.220001,43.439999,44.009998,1160700,44.009998
2015-04-02,43.939999,44.360001,43.599998,43.970001,682100,43.970001
2015-04-06,43.59,44.919998,43.52,44.720001,1009300,44.720001
2015-04-07,44.93,45.709999,44.599998,45.400002,1743200,45.400002
2015-04-08,45.450001,45.689999,45.189999,45.619999,1067300,45.619999
2015-04-09,45.549999,45.970001,45.139999,45.889999,1011400,45.889999
2015-04-10,45.790001,46.0,44.689999,44.860001,2158500,44.860001
2015-04-13,44.84,45.029999,44.049999,44.139999,2067600,44.139999
2015-04-14,44.009998,44.209999,43.349998,43.59,2028300,43.59
2015-04-15,43.619999,43.900002,43.279999,43.720001,1285600,43.720001
2015-04-16,43.549999,43.970001,43.369999,43.740002,764800,43.740002
2015-04-17,43.389999,43.41,42.52,43.099998,1235800,43.099998
2015-04-20,43.349998,43.459999,42.990002,43.150002,1003800,43.150002
2015-04-21,43.41,44.009998,43.279999,43.450001,880700,43.450001
2015-04-22,43.66,43.84,43.080002,43.720001,982300,43.720001
2015-04-23,43.790001,44.91,43.650002,44.450001,1081500,44.450001
2015-04-24,44.560001,44.650002,43.75,43.98,753100,43.98
2015-04-27,44.02,44.23,43.75,43.860001,803000,43.860001
2015-04-28,43.799999,44.349998,43.650002,44.220001,477700,44.220001
2015-04-29,44.029999,44.549999,43.959999,44.220001,731200,44.220001
2015-04-30,44.09,44.57,43.650002,43.990002,1097500,43.990002
2015-05-01,44.150002,45.060001,43.91,45.009998,1360500,45.009998
2015-05-04,44.919998,45.5,44.82,45.279999,1361100,45.279999
2015-05-05,45.16,45.650002,44.490002,44.540001,2127300,44.540001
2015-05-06,44.75,44.939999,44.330002,44.939999,1839200,44.939999
2015-05-07,42.200001,42.419998,40.040001,41.799999,7770000,41.799999
2015-05-08,41.5,41.740002,40.639999,40.860001,2835700,40.860001
2015-05-11,40.75,40.970001,39.919998,40.110001,3775400,40.110001
2015-05-12,39.98,40.200001,39.52,40.009998,2015100,40.009998
2015-05-13,40.02,40.91,40.009998,40.639999,2925900,40.639999
2015-05-14,40.82,40.970001,40.310001,40.82,1409700,40.82
2015-05-15,40.830002,40.93,40.02,40.220001,1413900,40.220001
2015-05-18,40.119999,40.549999,40.029999,40.459999,1396500,40.459999
2015-05-19,40.560001,40.759998,40.119999,40.290001,1089500,40.290001
2015-05-20,40.459999,40.639999,39.98,40.23,1891600,40.23
2015-05-21,40.119999,40.279999,39.919998,39.93,742200,39.93
2015-05-22,39.919998,40.07,39.360001,39.57,1483300,39.57
2015-05-26,39.48,39.529999,38.580002,38.700001,2101600,38.700001
2015-05-27,38.790001,39.060001,38.459999,38.830002,1616400,38.830002
2015-05-28,38.84,38.900002,38.400002,38.73,1287700,38.73
2015-05-29,38.66,39.169998,38.540001,38.939999,1942800,38.939999
2015-06-01,38.950001,39.0,38.470001,38.619999,1305500,38.619999
2015-06-02,38.529999,39.360001,38.5,39.25,1208700,39.25
2015-06-03,39.450001,40.209999,39.189999,40.0,1675500,40.0
2015-06-04,39.630001,39.709999,39.0,39.119999,995600,39.119999
2015-06-05,39.02,39.27,38.84,39.169998,890700,39.169998
2015-06-08,39.080002,39.23,38.720001,38.869999,1001200,38.869999
2015-06-09,38.900002,38.990002,38.700001,38.77,877900,38.77
2015-06-10,38.950001,39.52,38.860001,39.040001,1308500,39.040001
2015-06-11,39.049999,39.349998,38.450001,38.560001,1909100,38.560001
2015-06-12,38.490002,38.830002,38.34,38.57,1681900,38.57
2015-06-15,37.610001,37.759998,36.529999,37.5,3755100,37.5
2015-06-16,37.529999,38.310001,37.52,38.25,1412300,38.25
2015-06-17,38.299999,38.720001,38.16,38.650002,1899200,38.650002
2015-06-18,38.709999,39.16,38.610001,39.02,956400,39.02
2015-06-19,38.959999,39.029999,38.330002,38.360001,2180600,38.360001
2015-06-22,38.59,38.950001,38.509998,38.560001,1002800,38.560001
2015-06-23,38.529999,38.540001,37.98,38.07,3600900,38.07
2015-06-24,38.07,38.240002,37.580002,37.599998,1613400,37.599998
2015-06-25,37.669998,37.849998,37.439999,37.52,1605700,37.52
2015-06-26,37.5,37.610001,37.200001,37.299999,2342400,37.299999
2015-06-29,37.099998,37.310001,36.900002,36.950001,1794600,36.950001
2015-06-30,37.279999,37.279999,36.869999,37.0,1754900,37.0
2015-07-01,37.259998,37.27,35.919998,36.200001,2476100,36.200001
2015-07-02,36.279999,36.490002,35.939999,36.02,1147100,36.02
2015-07-06,35.630001,35.990002,35.400002,35.619999,1250000,35.619999
2015-07-07,35.66,35.959999,35.110001,35.91,858100,35.91
2015-07-08,35.630001,35.950001,35.360001,35.41,1349300,35.41
2015-07-09,36.150002,36.150002,35.119999,35.560001,1093600,35.560001
2015-07-10,35.93,36.110001,35.82,35.93,710300,35.93
2015-07-13,36.240002,36.419998,36.119999,36.299999,512400,36.299999
2015-07-14,36.259998,36.439999,36.060001,36.310001,833000,36.310001
2015-07-15,36.279999,36.43,35.939999,35.990002,782600,35.990002
2015-07-16,36.009998,36.220001,35.41,35.759998,1949100,35.759998
2015-07-17,35.68,35.68,35.189999,35.619999,1717600,35.619999
2015-07-20,35.810001,37.029999,35.810001,36.849998,1674600,36.849998
2015-07-21,36.669998,36.84,36.389999,36.630001,1238600,36.630001
2015-07-22,36.52,36.939999,36.400002,36.610001,997200,36.610001
2015-07-23,36.740002,37.07,36.619999,36.709999,924200,36.709999
2015-07-24,36.68,36.880001,35.66,35.869999,983400,35.869999
2015-07-27,35.610001,35.830002,35.369999,35.740002,963300,35.740002
2015-07-28,35.84,36.279999,35.48,36.150002,580400,36.150002
2015-07-29,36.040001,36.509998,35.689999,36.380001,1391600,36.380001
2015-07-30,36.299999,36.73,36.040001,36.599998,651200,36.599998
2015-07-31,36.73,37.529999,36.689999,37.110001,1998000,37.110001
2015-08-03,37.09,37.09,36.279999,36.529999,1429400,36.529999
2015-08-04,36.5,36.849998,35.919998,35.990002,1609100,35.990002
2015-08-05,36.279999,37.049999,36.119999,36.27,2148800,36.27
2015-08-06,32.299999,33.029999,30.24,30.43,8309700,30.43
2015-08-07,30.08,30.379999,29.15,30.0,5972100,30.0
2015-08-10,30.059999,30.959999,30.01,30.9,3074500,30.9
2015-08-11,30.540001,30.84,30.209999,30.25,3629000,30.25
2015-08-12,29.99,30.540001,29.719999,30.52,4122200,30.52
2015-08-13,30.559999,30.799999,30.25,30.540001,1986800,30.540001
2015-08-14,30.49,30.610001,30.24,30.530001,853400,30.530001
2015-08-17,30.309999,30.690001,30.18,30.629999,1159800,30.629999
2015-08-18,30.719999,30.93,30.280001,30.41,1332400,30.41
2015-08-19,30.18,30.290001,29.57,29.879999,1582200,29.879999
2015-08-20,29.57,29.950001,29.4,29.629999,2308300,29.629999
2015-08-21,29.65,30.889999,29.25,30.18,3592100,30.18
2015-08-24,28.66,31.6,28.34,28.99,3178800,28.99
2015-08-25,29.84,29.84,27.700001,27.700001,3578900,27.700001
2015-08-26,28.190001,29.120001,27.969999,29.049999,1867800,29.049999
2015-08-27,29.379999,29.809999,29.07,29.75,1921500,29.75
2015-08-28,29.040001,29.549999,28.99,29.49,2004700,29.49
2015-08-31,29.33,29.690001,29.15,29.23,1483100,29.23
2015-09-01,28.610001,29.26,28.389999,28.540001,2266300,28.540001
2015-09-02,28.82,28.93,28.23,28.73,4281800,28.73
2015-09-03,28.74,29.09,28.27,28.459999,3161000,28.459999
2015-09-04,28.059999,28.83,28.02,28.42,1498900,28.42
2015-09-08,28.9,29.469999,28.6,29.440001,1808600,29.440001
2015-09-09,29.76,30.24,29.26,29.32,2546000,29.32
2015-09-10,29.26,29.75,29.23,29.41,2284700,29.41
2015-09-11,29.379999,29.76,29.24,29.59,1774100,29.59
2015-09-14,29.5,29.66,29.02,29.389999,1770100,29.389999
2015-09-15,29.559999,29.93,29.379999,29.799999,1391900,29.799999
2015-09-16,29.77,30.120001,29.68,30.040001,1042600,30.040001
2015-09-17,30.0,30.07,29.52,29.559999,1274400,29.559999
2015-09-18,29.120001,29.290001,28.879999,29.110001,2736800,29.110001
2015-09-21,29.299999,29.33,28.51,28.809999,3033600,28.809999
2015-09-22,28.440001,28.540001,28.08,28.23,2275000,28.23
2015-09-23,28.16,28.459999,27.969999,28.35,1795600,28.35
2015-09-24,28.0,28.48,27.959999,28.43,1711400,28.43
2015-09-25,28.74,28.99,28.200001,28.84,1815900,28.84
2015-09-28,28.68,28.84,28.18,28.200001,1506600,28.200001
2015-09-29,28.280001,29.33,28.24,29.200001,2235500,29.200001
2015-09-30,29.5,29.549999,28.32,28.959999,2222800,28.959999
2015-10-01,28.98,28.98,28.0,28.120001,1744700,28.120001
2015-10-02,27.719999,29.02,27.58,29.02,1779700,29.02
2015-10-05,29.15,29.5,29.09,29.200001,2276500,29.200001
2015-10-06,29.18,29.559999,28.969999,29.49,1614300,29.49
2015-10-07,29.709999,30.27,29.67,29.93,2860200,29.93
2015-10-08,29.780001,29.969999,29.309999,29.76,1219500,29.76
2015-10-09,29.83,29.870001,29.08,29.469999,2039100,29.469999
2015-10-12,29.440001,29.49,28.530001,28.58,1687500,28.58
2015-10-13,28.450001,28.879999,28.280001,28.370001,1997200,28.370001
2015-10-14,28.450001,28.620001,28.280001,28.42,1611300,28.42
2015-10-15,28.58,28.73,28.309999,28.620001,1610600,28.620001
2015-10-16,28.67,28.780001,28.15,28.58,1761900,28.58
2015-10-19,28.48,29.129999,28.4,28.860001,3110700,28.860001
2015-10-20,28.76,29.209999,28.629999,28.959999,2178700,28.959999
2015-10-21,29.040001,29.18,27.870001,28.0,4136800,28.0
2015-10-22,28.190001,28.6,28.02,28.15,2573900,28.15
2015-10-23,28.389999,28.48,27.98,28.280001,2680700,28.280001
2015-10-26,28.309999,28.620001,28.030001,28.139999,1344100,28.139999
2015-10-27,27.969999,28.24,27.74,27.790001,1407200,27.790001
2015-10-28,27.77,28.82,27.57,28.690001,2055600,28.690001
2015-10-29,28.52,28.66,28.02,28.08,1168000,28.08
2015-10-30,28.139999,28.379999,27.92,28.110001,2109200,28.110001
2015-11-02,28.139999,29.129999,27.959999,29.1,2734100,29.1
2015-11-03,29.059999,29.450001,28.91,29.42,1818900,29.42
2015-11-04,29.440001,29.870001,29.129999,29.790001,3344000,29.790001
2015-11-05,27.4,27.700001,24.0,25.58,11309100,25.58
2015-11-06,25.110001,29.27,25.110001,28.83,7805100,28.83
2015-11-09,28.02,28.379999,27.52,27.67,3594600,27.67
2015-11-10,27.559999,27.799999,27.42,27.66,1929800,27.66
2015-11-11,27.68,27.690001,26.969999,27.0,1664800,27.0
2015-11-12,26.76,27.16,26.309999,26.58,1970000,26.58
2015-11-13,26.51,26.51,25.74,26.120001,2965600,26.120001
2015-11-16,26.08,26.639999,25.84,26.370001,1896700,26.370001
2015-11-17,26.35,26.959999,26.24,26.530001,1717500,26.530001
2015-11-18,26.709999,28.35,26.690001,28.190001,3317700,28.190001
2015-11-19,28.209999,28.93,28.030001,28.42,2281400,28.42
2015-11-20,28.540001,28.780001,28.219999,28.450001,2772500,28.450001
2015-11-23,28.469999,29.719999,28.469999,29.65,2926700,29.65
2015-11-24,29.360001,29.98,28.790001,29.879999,2709400,29.879999
2015-11-25,29.76,30.200001,29.629999,29.889999,1394100,29.889999
2015-11-27,29.809999,29.950001,29.51,29.799999,903200,29.799999
2015-11-30,29.74,29.950001,29.17,29.91,2092900,29.91
2015-12-01,29.950001,30.67,29.77,30.629999,2451700,30.629999
2015-12-02,30.5,30.6,29.77,30.030001,1956600,30.030001
2015-12-03,30.190001,30.610001,29.32,29.440001,1265600,29.440001
2015-12-04,29.440001,29.91,29.32,29.690001,1113600,29.690001
2015-12-07,29.48,29.58,28.57,28.77,1758500,28.77
2015-12-08,28.43,28.790001,28.040001,28.139999,2439700,28.139999
2015-12-09,28.08,28.709999,27.91,28.15,1590400,28.15
2015-12-10,28.15,29.120001,28.01,28.639999,1523100,28.639999
2015-12-11,27.889999,27.889999,26.85,27.07,3546100,27.07
2015-12-14,27.049999,27.25,26.700001,26.879999,1893300,26.879999
2015-12-15,27.139999,27.34,26.799999,26.93,2055600,26.93
2015-12-16,27.209999,27.65,26.99,27.559999,1958500,27.559999
2015-12-17,27.66,28.0,26.530001,26.82,1908000,26.82
2015-12-18,26.719999,26.83,26.110001,26.190001,2853400,26.190001
2015-12-21,26.48,26.610001,26.040001,26.309999,2132900,26.309999
2015-12-22,26.370001,27.049999,26.139999,26.940001,2466500,26.940001
2015-12-23,27.02,27.25,26.629999,27.200001,1665200,27.200001
2015-12-24,27.1,27.450001,26.99,27.219999,495200,27.219999
2015-12-28,27.030001,27.200001,26.67,26.809999,740500,26.809999
2015-12-29,27.18,27.370001,26.91,27.07,847400,27.07
2015-12-30,27.01,27.34,26.76,26.82,657100,26.82
2015-12-31,26.67,26.82,26.4,26.42,944400,26.42
2016-01-04,25.98,26.299999,25.620001,26.25,2008400,26.25
2016-01-05,26.25,26.35,25.309999,25.52,2756700,25.52
2016-01-06,24.799999,25.200001,24.370001,24.48,2332000,24.48
2016-01-07,24.049999,24.4,23.52,23.66,2680100,23.66
2016-01-08,24.01,24.049999,23.41,23.469999,2284500,23.469999
2016-01-11,23.57,23.73,22.549999,22.889999,2642700,22.889999
2016-01-12,23.190001,23.41,22.709999,23.049999,1845500,23.049999
2016-01-13,23.18,23.299999,22.530001,22.690001,2559000,22.690001
2016-01-14,22.83,23.48,22.35,23.15,2689600,23.15
2016-01-15,22.209999,23.07,22.129999,22.959999,2647900,22.959999
2016-01-19,23.290001,23.5,22.379999,22.690001,2291200,22.690001
2016-01-20,22.200001,23.59,21.98,23.280001,3632800,23.280001
2016-01-21,23.360001,24.02,23.1,23.4,2372600,23.4
2016-01-22,23.799999,24.17,23.110001,23.370001,2103000,23.370001
2016-01-25,23.309999,23.450001,22.700001,22.76,1449200,22.76
2016-01-26,22.809999,23.049999,22.65,22.940001,1452600,22.940001
2016-01-27,22.85,23.49,22.790001,22.959999,1100500,22.959999
2016-01-28,23.17,23.48,22.82,23.15,1379300,23.15
2016-01-29,23.25,24.370001,23.18,24.34,2465600,24.34
2016-02-01,24.030001,24.48,23.75,24.33,1738400,24.33
2016-02-02,24.030001,24.15,23.26,23.27,2806100,23.27
2016-02-03,23.43,23.879999,22.98,23.690001,3854400,23.690001
2016-02-04,24.15,26.76,24.02,25.58,4964600,25.58
2016-02-05,25.26,25.6,23.26,23.540001,4911100,23.540001
2016-02-08,23.139999,23.440001,22.15,23.120001,3194800,23.120001
2016-02-09,22.84,23.549999,22.35,22.6,2938900,22.6
2016-02-10,22.690001,23.59,22.549999,23.24,2210500,23.24
2016-02-11,22.889999,23.24,22.1,22.620001,2056400,22.620001
2016-02-12,22.98,23.440001,22.52,23.07,1759900,23.07
2016-02-16,23.450001,23.969999,22.98,23.639999,2120800,23.639999
2016-02-17,23.82,24.85,23.74,24.75,1946600,24.75
2016-02-18,24.77,25.139999,23.799999,25.059999,1916400,25.059999
2016-02-19,24.99,25.16,24.59,25.08,1995600,25.08
2016-02-22,25.34,25.610001,24.700001,25.059999,2250000,25.059999
2016-02-23,24.99,24.99,24.459999,24.530001,1367600,24.530001
2016-02-24,24.290001,24.76,23.74,24.690001,1167700,24.690001
2016-02-25,24.76,25.16,24.42,25.129999,1044600,25.129999
2016-02-26,25.280001,25.41,24.92,25.110001,1501800,25.110001
2016-02-29,25.129999,25.57,24.91,24.950001,1594500,24.950001
2016-03-01,25.24,25.540001,24.870001,25.469999,1301900,25.469999
2016-03-02,25.4,25.68,25.1,25.530001,1447300,25.530001
2016-03-03,25.59,26.49,25.42,26.43,1805600,26.43
2016-03-04,26.469999,27.07,26.360001,26.799999,1723100,26.799999
2016-03-07,26.65,27.67,26.549999,27.48,1822800,27.48
2016-03-08,27.23,27.27,26.389999,26.809999,2443300,26.809999
2016-03-09,26.959999,27.030001,26.4,26.57,2476600,26.57
2016-03-10,26.799999,26.98,25.549999,26.110001,2341600,26.110001
2016-03-11,26.450001,26.85,25.99,26.73,1244600,26.73
2016-03-14,26.719999,26.889999,26.08,26.18,1615700,26.18
2016-03-15,25.959999,26.0,25.610001,25.879999,1205900,25.879999
2016-03-16,25.889999,26.290001,25.75,26.16,1130200,26.16
2016-03-17,26.290001,26.66,25.84,26.450001,2032300,26.450001
2016-03-18,26.57,26.82,26.360001,26.76,2538300,26.76
2016-03-21,26.59,26.879999,26.43,26.74,1086600,26.74
2016-03-22,26.559999,26.959999,26.450001,26.73,965200,26.73
2016-03-23,26.879999,26.879999,25.870001,25.889999,1019600,25.889999
2016-03-24,25.66,25.870001,25.26,25.85,1159500,25.85
2016-03-28,25.98,26.35,25.799999,26.190001,1132800,26.190001
2016-03-29,26.049999,26.620001,25.75,26.49,1111000,26.49
2016-03-30,26.629999,26.75,25.9,26.110001,1454800,26.110001
2016-03-31,26.139999,26.25,25.91,26.24,1694700,26.24
2016-04-01,25.82,25.9,25.15,25.65,2185400,25.65
2016-04-04,25.65,25.700001,25.26,25.34,1077300,25.34
2016-04-05,25.110001,25.299999,25.02,25.16,1242700,25.16
2016-04-06,25.110001,25.75,25.030001,25.610001,1574500,25.610001
2016-04-07,25.43,25.51,24.98,25.18,1308500,25.18
2016-04-08,25.440001,25.719999,24.809999,24.940001,1231100,24.940001
2016-04-11,25.030001,25.24,24.719999,24.719999,1245500,24.719999
2016-04-12,24.790001,24.879999,24.4,24.49,1707000,24.49
2016-04-13,24.65,25.389999,24.6,25.280001,1551800,25.280001
2016-04-14,25.27,25.52,25.17,25.190001,1414000,25.190001
2016-04-15,25.209999,25.33,24.639999,24.690001,1538700,24.690001
2016-04-18,24.51,25.059999,24.360001,24.790001,1320600,24.790001
2016-04-19,24.83,25.200001,24.790001,25.120001,1938700,25.120001
2016-04-20,25.18,25.690001,25.18,25.5,1480100,25.5
2016-04-21,25.51,26.200001,25.51,25.799999,2275900,25.799999
2016-04-22,25.75,26.719999,25.75,26.610001,3059900,26.610001
2016-04-25,26.549999,26.700001,26.17,26.32,1732500,26.32
2016-04-26,26.389999,26.5,25.91,26.040001,1335100,26.040001
2016-04-27,26.030001,26.35,26.02,26.200001,1075700,26.200001
2016-04-28,26.1,26.25,25.83,25.9,1015400,25.9
2016-04-29,25.83,25.83,24.84,25.299999,2230600,25.299999
2016-05-02,25.290001,25.389999,24.73,25.33,1651200,25.33
2016-05-03,25.09,25.24,24.84,25.040001,2145200,25.040001
2016-05-04,24.9,24.9,24.209999,24.4,2350800,24.4
2016-05-05,26.0,26.709999,25.120001,26.27,4890100,26.27
2016-05-06,26.129999,29.73,26.08,28.139999,10206800,28.139999
2016-05-09,28.1,28.209999,27.190001,27.200001,3997600,27.200001
2016-05-10,27.299999,27.77,27.139999,27.75,2645300,27.75
2016-05-11,27.709999,27.879999,27.5,27.530001,2182700,27.530001
2016-05-12,27.809999,27.92,26.75,27.309999,2313800,27.309999
2016-05-13,26.870001,27.41,26.23,26.41,2877900,26.41
2016-05-16,26.530001,26.76,26.16,26.540001,3319000,26.540001
2016-05-17,26.52,26.73,25.98,26.15,3304100,26.15
2016-05-18,26.120001,26.4,25.809999,26.0,3027800,26.0
2016-05-19,25.85,26.139999,25.59,25.85,2135800,25.85
2016-05-20,25.99,26.49,25.870001,26.440001,2009900,26.440001
2016-05-23,26.389999,26.959999,26.389999,26.620001,2174300,26.620001
2016-05-24,26.700001,26.799999,26.23,26.549999,2338100,26.549999
2016-05-25,26.700001,27.700001,26.700001,27.57,2710600,27.57
2016-05-26,27.629999,27.889999,27.280001,27.709999,2440400,27.709999
2016-05-27,27.77,28.110001,27.690001,27.940001,2074300,27.940001
2016-05-31,27.969999,28.620001,27.969999,28.34,7274500,28.34
2016-06-01,28.23,28.67,28.059999,28.58,2625800,28.58
2016-06-02,28.41,29.0,28.32,28.959999,2123400,28.959999
2016-06-03,28.91,28.91,28.09,28.309999,1918500,28.309999
2016-06-06,28.23,28.700001,28.16,28.65,1369500,28.65
2016-06-07,28.719999,28.889999,28.440001,28.74,1315600,28.74
2016-06-08,28.809999,29.139999,28.700001,29.049999,1399800,29.049999
2016-06-09,28.889999,28.889999,28.59,28.639999,948400,28.639999
2016-06-10,28.219999,28.32,27.76,27.85,1465800,27.85
2016-06-13,27.700001,27.93,27.450001,27.5,913300,27.5
