Date,Open_TWC,High_TWC,Low_TWC,Close_TWC,Volume_TWC,AdjClose_TWC
2013-06-14,95.849998,104.129997,95.790001,103.93,9007100,98.654232
2013-06-17,102.5,103.209999,100.459999,101.290001,4841300,96.148246
2013-06-18,101.489998,104.0,101.300003,103.010002,2349600,97.780935
2013-06-19,102.989998,103.82,102.25,102.489998,1482500,97.287328
2013-06-20,101.989998,102.199997,99.809998,100.410004,1961700,95.312919
2013-06-21,101.449997,102.410004,100.5,101.830002,4686000,96.660835
2013-06-24,100.800003,101.389999,99.730003,99.75,2225400,94.686419
2013-06-25,100.480003,100.980003,98.459999,99.370003,3311300,94.325712
2013-06-26,100.25,104.209999,100.25,103.639999,2932600,98.378952
2013-06-27,103.970001,112.440002,103.970001,108.220001,8367400,102.72646
2013-06-28,107.839996,113.059998,107.379997,112.480003,4402100,106.770213
2013-07-01,112.760002,114.709999,110.589996,110.949997,5232900,105.317874
2013-07-02,110.949997,111.300003,109.129997,109.470001,4152600,103.913007
2013-07-03,108.760002,112.580002,107.800003,112.449997,2224000,106.74173
2013-07-05,111.199997,113.110001,110.949997,112.360001,1982200,106.656302
2013-07-08,113.230003,114.239998,111.699997,111.980003,3586000,106.295595
2013-07-09,112.709999,115.360001,112.610001,114.059998,4197800,108.270003
2013-07-10,114.040001,114.709999,112.669998,113.849998,2057100,108.070664
2013-07-11,115.910004,116.949997,114.220001,115.360001,2458000,109.504014
2013-07-12,115.480003,115.480003,113.769997,115.160004,2970100,109.314169
2013-07-15,115.419998,116.599998,114.82,114.889999,1351800,109.057871
2013-07-16,114.849998,115.029999,113.290001,113.379997,2309100,107.624521
2013-07-17,113.519997,114.0,112.120003,113.349998,3653800,107.596045
2013-07-18,113.449997,114.760002,113.360001,113.910004,2058500,108.127623
2013-07-19,119.110001,119.459999,116.040001,116.470001,4120000,110.557668
2013-07-22,116.339996,116.989998,114.699997,116.029999,2552800,110.140001
2013-07-23,116.18,118.290001,115.970001,117.290001,2865700,111.336042
2013-07-24,117.690002,117.970001,116.830002,117.290001,1288600,111.336042
2013-07-25,117.120003,117.669998,116.739998,117.220001,2349400,111.269596
2013-07-26,116.400002,117.120003,115.989998,116.849998,1682100,110.918376
2013-07-29,116.959999,117.089996,115.160004,115.230003,1217600,109.380616
2013-07-30,115.550003,115.93,113.349998,115.0,2255800,109.162288
2013-07-31,115.410004,115.910004,113.510002,114.07,2903100,108.279497
2013-08-01,116.379997,120.93,114.599998,117.68,2825900,111.706244
2013-08-02,117.959999,120.410004,108.260002,117.099998,7585900,111.155685
2013-08-05,116.529999,118.389999,116.269997,116.419998,2173200,110.510203
2013-08-06,115.860001,116.400002,113.779999,114.260002,2033600,108.459854
2013-08-07,113.699997,115.5,113.370003,114.75,1744500,108.924979
2013-08-08,113.650002,115.809998,113.650002,114.760002,1144100,108.934473
2013-08-09,114.620003,115.809998,114.620003,115.0,1338800,109.162288
2013-08-12,114.720001,114.839996,112.800003,113.25,1715900,107.501123
2013-08-13,113.540001,114.089996,112.669998,113.800003,1591300,108.023206
2013-08-14,113.43,113.980003,112.400002,112.769997,1319000,107.045486
2013-08-15,112.129997,112.599998,110.0,110.209999,4400100,104.615441
2013-08-16,109.739998,111.199997,109.370003,109.940002,1654900,104.35915
2013-08-19,110.040001,110.269997,108.730003,108.730003,1245800,103.210573
2013-08-20,108.760002,109.32,108.389999,108.860001,1105300,103.333972
2013-08-21,108.730003,109.459999,107.360001,108.150002,2510100,102.660014
2013-08-22,108.18,109.540001,108.0,108.959999,1073100,103.428894
2013-08-23,108.959999,108.959999,107.400002,108.730003,1331400,103.210573
2013-08-26,109.110001,110.260002,108.099998,108.199997,1114000,102.707472
2013-08-27,107.260002,108.610001,106.010002,107.690002,1668600,102.223366
2013-08-28,107.330002,108.550003,106.800003,108.029999,1188200,102.546103
2013-08-29,107.559998,108.629997,107.290001,107.629997,984100,102.166407
2013-08-30,107.919998,108.550003,106.919998,107.349998,1136500,101.900621
2013-09-03,108.239998,110.07,108.169998,109.25,1736600,103.704174
2013-09-04,108.860001,110.040001,108.860001,109.910004,1525200,104.330674
2013-09-05,109.870003,110.559998,108.720001,108.900002,1645600,103.371942
2013-09-06,109.389999,109.68,107.629997,109.07,1073300,103.533311
2013-09-09,109.43,109.959999,108.93,109.559998,1724200,103.998435
2013-09-10,110.25,110.849998,109.43,110.129997,1938600,104.5395
2013-09-11,110.110001,110.980003,109.550003,110.43,2251700,104.824274
2013-09-12,110.25,111.07,110.059998,110.559998,1284200,104.947672
2013-09-13,110.949997,111.57,110.489998,111.209999,1004700,105.564678
2013-09-16,112.809998,112.940002,111.809998,112.32,1109100,106.618332
2013-09-17,112.169998,113.879997,112.089996,113.510002,1326000,107.747926
2013-09-18,113.389999,116.0,112.93,114.900002,1984600,109.067366
2013-09-19,115.07,115.849998,113.779999,113.949997,2118800,108.165586
2013-09-20,113.959999,114.559998,113.040001,113.589996,1992400,107.82386
2013-09-23,113.080002,113.730003,112.410004,112.580002,829800,106.865136
2013-09-24,112.589996,113.07,111.519997,111.559998,1647900,105.896909
2013-09-25,111.510002,113.489998,109.720001,110.839996,3070700,105.213457
2013-09-26,110.989998,112.25,110.849998,112.139999,1789200,106.447469
2013-09-27,111.730003,112.830002,111.199997,112.169998,1392300,106.475945
2013-09-30,111.25,112.190002,111.07,111.599998,1585900,105.93488
2013-10-01,111.540001,113.449997,111.459999,112.779999,1445300,107.05498
2013-10-02,111.839996,113.580002,111.610001,112.720001,1596100,106.998028
2013-10-03,112.089996,112.410004,111.129997,111.459999,1900200,105.801987
2013-10-04,111.699997,112.919998,111.459999,112.790001,1937700,107.064474
2013-10-07,112.110001,112.239998,110.68,111.019997,1337200,105.38432
2013-10-08,111.550003,111.989998,108.959999,109.800003,2470400,104.226257
2013-10-09,109.800003,111.120003,108.879997,110.269997,2081900,104.672392
2013-10-10,111.410004,117.160004,111.410004,116.949997,4010700,111.013298
2013-10-11,116.529999,116.93,115.699997,115.790001,2047600,109.912186
2013-10-14,115.629997,116.150002,113.970001,114.68,2058600,108.858532
2013-10-15,114.669998,117.169998,113.370003,116.589996,2488300,110.671572
2013-10-16,117.269997,118.32,116.18,117.449997,1980700,111.487916
2013-10-17,117.0,118.860001,116.370003,118.629997,1463600,112.608017
2013-10-18,118.699997,118.75,117.860001,118.199997,1657400,112.199844
2013-10-21,118.25,118.839996,117.800003,118.349998,745400,112.342231
2013-10-22,118.580002,119.980003,118.540001,119.519997,1503500,113.452837
2013-10-23,118.919998,119.779999,118.510002,118.709999,1222800,112.683957
2013-10-24,119.169998,119.739998,117.580002,119.489998,1088600,113.424361
2013-10-25,119.599998,120.599998,118.199997,119.440002,1614600,113.376904
2013-10-28,118.940002,119.0,116.830002,118.720001,1695100,112.693452
2013-10-29,119.07,119.660004,117.760002,118.139999,1691700,112.142893
2013-10-30,118.489998,118.699997,115.620003,116.879997,2022900,110.946852
2013-10-31,117.169998,124.0,117.169998,120.150002,4524700,114.050861
2013-11-01,120.419998,128.169998,119.82,123.510002,5315700,117.240299
2013-11-04,125.0,125.0,120.910004,123.150002,3195200,116.898573
2013-11-05,122.510002,122.550003,119.910004,119.970001,2659100,113.879998
2013-11-06,120.440002,121.650002,119.940002,120.209999,1360600,114.107813
2013-11-07,120.25,120.980003,118.0,118.239998,1721400,112.237815
2013-11-08,118.75,121.120003,118.07,121.080002,1704100,114.933652
2013-11-11,120.889999,121.480003,118.879997,119.139999,1354000,113.09213
2013-11-12,119.269997,119.389999,116.980003,118.379997,1749000,112.370707
2013-11-13,117.629997,120.470001,117.419998,120.139999,1621500,114.041367
2013-11-14,120.230003,122.300003,120.089996,120.82,1755300,114.686849
2013-11-15,121.150002,121.589996,120.489998,120.879997,1567000,114.743801
2013-11-18,120.879997,121.800003,120.5,121.529999,1199200,115.360806
2013-11-19,121.389999,123.129997,120.809998,122.260002,2212700,116.053753
2013-11-20,122.300003,122.419998,119.830002,120.050003,2040100,113.955939
2013-11-21,119.769997,121.699997,119.769997,120.860001,1946400,114.724819
2013-11-22,125.510002,133.729996,125.449997,132.919998,12609000,126.172618
2013-11-25,132.229996,132.850006,130.759995,132.020004,3754300,125.318311
2013-11-26,131.25,139.169998,131.0,136.559998,6863900,130.269227
2013-11-27,137.309998,137.580002,135.649994,136.800003,3272400,130.498176
2013-11-29,137.279999,139.050003,136.970001,138.220001,2169900,131.852761
2013-12-02,137.979996,139.850006,136.149994,136.809998,2803600,130.50771
2013-12-03,136.520004,136.529999,133.539993,134.139999,3965500,127.960708
2013-12-04,133.770004,134.029999,131.550003,132.199997,4513800,126.110074
2013-12-05,131.759995,139.0,130.559998,132.529999,6906700,126.424874
2013-12-06,132.639999,133.199997,130.550003,131.0,4312600,124.965356
2013-12-09,130.529999,132.210007,129.690002,130.440002,2158200,124.431155
2013-12-10,130.949997,132.820007,130.619995,131.860001,2700800,125.78574
2013-12-11,132.259995,132.449997,130.830002,131.5,2730600,125.442323
2013-12-12,131.479996,132.880005,130.690002,131.059998,2486400,125.02259
2013-12-13,131.600006,135.990005,129.910004,131.410004,6739300,125.356472
2013-12-16,131.800003,132.660004,130.919998,132.089996,2419300,126.00514
2013-12-17,132.259995,134.139999,131.990005,133.029999,2511200,126.901841
2013-12-18,133.009995,134.5,132.210007,134.490005,1566300,128.294591
2013-12-19,134.600006,134.600006,132.720001,133.740005,1812100,127.57914
2013-12-20,133.220001,134.0,132.369995,132.460007,3256300,126.358106
2013-12-23,133.009995,133.649994,132.449997,132.5,1916800,126.396257
2013-12-24,132.509995,134.320007,132.509995,134.039993,444000,127.865309
2013-12-26,134.139999,134.139999,133.0,133.330002,981000,127.188024
2013-12-27,133.330002,134.589996,133.320007,134.460007,649900,128.265974
2013-12-30,134.330002,135.179993,133.919998,134.940002,661600,128.723858
2013-12-31,134.960007,135.610001,134.570007,135.5,1384900,129.258059
2014-01-02,135.070007,135.470001,133.710007,133.839996,1619400,127.674525
2014-01-03,134.429993,134.5,133.100006,133.399994,1279100,127.254792
2014-01-06,135.0,135.570007,133.440002,134.029999,2119500,127.855775
2014-01-07,134.139999,135.009995,133.929993,134.899994,1724200,128.685693
2014-01-08,134.580002,134.899994,132.179993,132.550003,2943500,126.443956
2014-01-09,133.0,133.960007,132.779999,133.169998,1703400,127.035391
2014-01-10,132.960007,134.009995,132.399994,133.360001,2074400,127.216641
2014-01-13,132.779999,133.429993,130.880005,132.399994,3078300,126.300858
2014-01-14,134.910004,137.199997,134.199997,136.0,8992100,129.735026
2014-01-15,135.899994,136.460007,135.0,135.130005,3410000,128.905108
2014-01-16,135.789993,135.850006,134.449997,135.289993,3298700,129.057726
2014-01-17,135.330002,135.940002,134.990005,135.710007,2703700,129.458391
2014-01-21,134.910004,135.619995,134.449997,134.509995,3756200,128.313659
2014-01-22,134.929993,135.529999,134.669998,134.880005,1590400,128.666624
2014-01-23,134.539993,135.320007,133.949997,134.550003,2704200,128.351824
2014-01-24,134.029999,135.160004,133.339996,133.699997,2781400,127.540975
2014-01-27,132.570007,135.479996,130.529999,133.449997,7818700,127.302491
2014-01-28,134.100006,134.630005,133.330002,133.710007,2105000,127.550523
2014-01-29,132.429993,133.720001,131.899994,132.100006,3452400,126.014689
2014-01-30,133.199997,134.660004,132.270004,134.199997,2017300,128.017942
2014-01-31,132.350006,134.610001,132.259995,133.270004,2060100,127.13079
2014-02-03,135.740005,135.899994,133.5,134.009995,4025900,127.836692
2014-02-04,135.149994,136.139999,134.059998,135.899994,1956900,129.639627
2014-02-05,134.559998,135.639999,134.410004,134.820007,1224900,128.609391
2014-02-06,135.5,135.820007,134.630005,135.649994,2232300,129.401143
2014-02-07,135.669998,136.440002,134.660004,135.350006,2085400,129.114975
2014-02-10,134.800003,135.889999,134.309998,135.699997,1333800,129.448843
2014-02-11,135.679993,136.25,134.720001,134.899994,2794700,128.685693
2014-02-12,134.830002,135.320007,134.149994,135.309998,2145100,129.076809
2014-02-13,145.210007,146.190002,143.300003,144.809998,26662900,138.139182
2014-02-14,144.720001,147.279999,144.600006,146.0,8299000,139.274366
2014-02-18,146.160004,146.449997,144.419998,144.979996,5667400,138.301349
2014-02-19,144.199997,144.699997,139.600006,141.0,9971200,134.504696
2014-02-20,141.199997,142.820007,140.5,141.660004,7708100,135.134296
2014-02-21,141.029999,141.820007,140.009995,140.539993,5488800,134.06588
2014-02-24,141.119995,142.160004,139.130005,139.160004,5235300,132.749461
2014-02-25,138.820007,139.419998,136.789993,138.289993,4897000,131.919528
2014-02-26,138.059998,138.490005,136.809998,137.759995,2171200,132.130539
2014-02-27,137.419998,139.630005,137.419998,138.600006,2313400,132.936224
2014-02-28,139.25,141.509995,139.139999,140.350006,3649500,134.614711
2014-03-03,139.0,139.649994,137.580002,139.229996,3267500,133.540469
2014-03-04,139.899994,140.75,139.710007,140.089996,2347500,134.365327
2014-03-05,140.100006,142.220001,139.190002,141.100006,3363900,135.334063
2014-03-06,141.449997,142.289993,141.119995,141.740005,2394300,135.947909
2014-03-07,142.339996,142.339996,139.949997,140.210007,1573600,134.480433
2014-03-10,139.869995,140.990005,139.419998,139.880005,1896900,134.163916
2014-03-11,140.229996,140.880005,138.979996,139.5,1112400,133.79944
2014-03-12,139.039993,139.470001,138.009995,138.559998,2013200,132.89785
2014-03-13,138.990005,139.169998,136.800003,137.490005,2865500,131.871582
2014-03-14,137.539993,138.570007,137.059998,138.020004,2332500,132.379923
2014-03-17,138.509995,139.070007,137.960007,138.259995,2066200,132.610106
2014-03-18,137.889999,138.059998,135.929993,136.589996,3757900,131.008351
2014-03-19,136.529999,136.679993,135.25,136.460007,2668300,130.883674
2014-03-20,136.179993,139.229996,136.130005,138.509995,2705300,132.84989
2014-03-21,139.160004,140.070007,136.639999,136.649994,2962600,131.065897
2014-03-24,137.570007,138.160004,135.139999,137.309998,2879000,131.69893
2014-03-25,137.610001,137.899994,134.880005,135.660004,2937900,130.116362
2014-03-26,135.820007,137.100006,134.860001,134.919998,3302900,129.406596
2014-03-27,134.649994,135.0,133.669998,134.050003,2189700,128.572153
2014-03-28,135.729996,136.520004,134.899994,135.869995,3211500,130.317772
2014-03-31,137.149994,137.899994,136.580002,137.179993,2382800,131.574238
2014-04-01,137.399994,138.009995,136.440002,137.550003,1971700,131.929128
2014-04-02,137.970001,140.550003,137.830002,140.550003,4082200,134.806536
2014-04-03,140.210007,141.630005,139.869995,141.479996,2536900,135.698525
2014-04-04,141.970001,142.600006,139.089996,139.169998,2914400,133.482923
2014-04-07,138.539993,139.050003,134.830002,136.240005,3403000,130.672663
2014-04-08,136.369995,136.949997,134.149994,135.919998,5599300,130.365732
2014-04-09,135.75,138.570007,135.279999,138.339996,2949000,132.686839
2014-04-10,138.080002,138.360001,134.789993,134.830002,3367700,129.320278
2014-04-11,134.279999,135.190002,132.899994,133.080002,3771300,127.64179
2014-04-14,133.600006,135.139999,133.330002,134.410004,2327900,128.917442
2014-04-15,134.380005,134.990005,132.580002,134.130005,2769300,128.648886
2014-04-16,135.710007,135.789993,134.490005,135.619995,3429900,130.077989
2014-04-17,135.029999,136.419998,134.720001,135.330002,2283300,129.799846
2014-04-21,135.860001,136.690002,135.429993,136.600006,1698100,131.017952
2014-04-22,138.589996,140.669998,138.339996,138.429993,4743300,132.773158
2014-04-23,138.600006,140.039993,138.479996,139.869995,2533800,134.154316
2014-04-24,140.210007,141.990005,137.880005,140.399994,2372800,134.662656
2014-04-25,140.479996,140.809998,139.309998,139.410004,1690700,133.713121
2014-04-28,141.039993,141.699997,138.699997,140.949997,3600500,135.190184
2014-04-29,141.419998,141.820007,139.630005,141.330002,4764900,135.55466
2014-04-30,140.779999,141.940002,140.110001,141.460007,2292400,135.679353
2014-05-01,141.970001,142.199997,141.289993,142.100006,2164000,136.293199
2014-05-02,142.600006,142.759995,141.25,142.130005,1631100,136.321972
2014-05-05,141.490005,142.839996,141.169998,142.779999,2068700,136.945404
2014-05-06,142.300003,142.460007,141.009995,141.210007,1688200,135.439569
2014-05-07,141.869995,142.009995,139.770004,141.309998,2071200,135.535473
2014-05-08,141.270004,141.270004,138.490005,139.240005,2825200,133.55007
2014-05-09,138.979996,139.039993,136.710007,138.880005,1461800,133.204781
2014-05-12,139.240005,139.539993,137.639999,138.139999,1898100,132.495015
2014-05-13,138.360001,138.600006,135.889999,135.970001,5099300,130.413692
2014-05-14,136.179993,136.520004,134.679993,135.229996,2518500,129.703926
2014-05-15,134.899994,137.080002,133.440002,137.039993,2059300,131.43996
2014-05-16,136.809998,136.860001,135.630005,136.679993,1556300,131.09467
2014-05-19,135.509995,138.779999,135.470001,138.429993,2405000,132.773158
2014-05-20,138.070007,138.639999,137.380005,137.850006,1425500,132.216872
2014-05-21,137.710007,139.759995,137.600006,139.699997,1226800,133.991264
2014-05-22,140.100006,140.800003,139.630005,140.529999,1075800,134.787349
2014-05-23,140.809998,141.729996,140.699997,141.279999,864400,135.506701
2014-05-27,141.820007,142.199997,140.839996,141.389999,2129400,135.612206
2014-05-28,140.389999,140.940002,139.429993,140.350006,944300,135.332581
2014-05-29,141.039993,141.320007,140.089996,141.110001,765700,136.065406
2014-05-30,141.080002,141.389999,140.380005,141.160004,867200,136.113622
2014-06-02,141.460007,142.679993,140.949997,142.119995,1115300,137.039294
2014-06-03,141.669998,141.880005,141.389999,141.589996,992600,136.528242
2014-06-04,141.039993,142.360001,140.539993,141.990005,1199200,136.913951
2014-06-05,141.5,143.139999,141.5,142.869995,1198100,137.762482
2014-06-06,143.5,143.679993,142.179993,143.660004,927500,138.524248
2014-06-09,143.169998,144.600006,142.880005,144.160004,1648200,139.006374
2014-06-10,143.429993,144.160004,142.570007,143.720001,1017500,138.582101
2014-06-11,143.270004,143.389999,142.300003,143.009995,1685600,137.897476
2014-06-12,142.729996,143.020004,141.970001,142.720001,1367500,137.61785
2014-06-13,142.479996,142.880005,141.610001,142.259995,957100,137.174288
2014-06-16,141.800003,142.300003,141.410004,141.880005,1119000,136.807883
2014-06-17,141.600006,141.800003,141.020004,141.399994,960800,136.345032
2014-06-18,141.360001,143.0,140.850006,142.850006,1136500,137.743208
2014-06-19,142.889999,143.740005,142.509995,143.720001,1281500,138.582101
2014-06-20,144.300003,144.490005,142.75,143.25,2120500,138.128902
2014-06-23,142.839996,143.25,142.240005,142.470001,1143900,137.376788
2014-06-24,142.029999,144.139999,142.0,143.300003,1871300,138.177117
2014-06-25,142.929993,145.740005,142.710007,145.210007,2136500,140.01884
2014-06-26,145.160004,146.600006,144.759995,146.600006,1273500,141.359147
2014-06-27,145.860001,148.199997,145.860001,147.839996,1449400,142.554809
2014-06-30,147.710007,147.839996,146.729996,147.300003,1258600,142.03412
2014-07-01,147.669998,149.210007,147.179993,148.440002,2431300,143.133365
2014-07-02,148.330002,149.539993,147.75,149.490005,1664700,144.145831
2014-07-03,149.669998,150.509995,149.029999,150.509995,1155200,145.129356
2014-07-07,149.199997,149.970001,147.740005,148.369995,1045400,143.06586
2014-07-08,148.110001,148.479996,145.690002,145.720001,2201000,140.510602
2014-07-09,146.300003,149.789993,146.110001,149.770004,2078200,144.41582
2014-07-10,148.339996,149.949997,148.240005,148.550003,1490900,143.239433
2014-07-11,148.070007,149.320007,147.979996,148.880005,1189400,143.557638
2014-07-14,149.229996,150.669998,148.600006,150.089996,1585200,144.724373
2014-07-15,149.639999,150.259995,148.809998,149.309998,1573700,143.972258
2014-07-16,149.660004,151.100006,149.119995,149.279999,2436000,143.943332
2014-07-17,148.990005,149.639999,146.509995,146.75,2094100,141.503779
2014-07-18,147.589996,148.649994,147.259995,148.460007,1624200,143.152654
2014-07-21,147.490005,147.970001,145.839996,146.449997,1318400,141.214501
2014-07-22,148.800003,150.449997,147.970001,149.149994,1601000,143.817975
2014-07-23,149.0,150.210007,148.25,149.910004,1924000,144.550815
2014-07-24,149.759995,150.649994,149.339996,150.0,3249700,144.637594
2014-07-25,149.649994,150.399994,148.119995,148.360001,1220000,143.056223
2014-07-28,148.990005,149.309998,147.630005,149.009995,807800,143.68298
2014-07-29,150.350006,154.119995,149.860001,149.860001,2184600,144.502599
2014-07-30,150.320007,151.479996,149.800003,151.419998,1753200,146.006828
2014-07-31,149.940002,150.199997,145.100006,145.100006,2147600,139.912771
2014-08-01,146.149994,147.100006,145.160004,145.880005,1399100,140.664886
2014-08-04,146.009995,147.960007,145.929993,147.279999,1457600,142.014831
2014-08-05,146.610001,146.889999,144.899994,145.389999,1492300,140.192398
2014-08-06,144.669998,145.5,144.080002,144.270004,1508800,139.112442
2014-08-07,144.690002,145.139999,142.899994,143.139999,1580500,138.022834
2014-08-08,143.529999,145.720001,143.139999,145.710007,1636200,140.500965
2014-08-11,145.960007,147.399994,145.490005,145.990005,1319300,140.770954
2014-08-12,146.009995,147.070007,145.440002,145.869995,1092000,140.655234
2014-08-13,146.259995,147.740005,146.259995,146.529999,1387600,141.291643
2014-08-14,146.940002,148.029999,146.630005,148.020004,1144300,142.728382
2014-08-15,148.639999,149.0,147.080002,148.309998,1677000,143.008008
2014-08-18,148.800003,149.139999,147.630005,148.429993,2012800,143.123713
2014-08-19,148.399994,148.759995,147.389999,147.919998,1054800,142.631951
2014-08-20,147.240005,148.490005,147.149994,148.0,1161700,142.709092
2014-08-21,147.990005,148.490005,147.320007,147.520004,1536300,142.246256
2014-08-22,147.559998,147.559998,146.199997,146.449997,1145900,141.214501
2014-08-25,147.649994,148.360001,147.0,147.970001,1722400,142.680166
2014-08-26,148.429993,148.429993,147.100006,147.339996,1968800,142.072683
2014-08-27,147.020004,147.940002,146.759995,147.110001,954800,142.576665
2014-08-28,146.809998,147.550003,146.309998,147.139999,857000,142.605739
2014-08-29,147.309998,147.929993,146.610001,147.929993,874000,143.371388
2014-09-02,148.190002,148.279999,146.300003,147.330002,1585900,142.789887
2014-09-03,147.889999,148.220001,147.020004,147.509995,873500,142.964333
2014-09-04,147.550003,148.729996,147.179993,147.380005,1316200,142.838349
2014-09-05,147.490005,150.240005,147.25,150.199997,1754400,145.57144
2014-09-08,149.660004,151.089996,149.059998,150.75,1695600,146.104494
2014-09-09,150.259995,153.0,150.119995,152.619995,3030600,147.916864
2014-09-10,152.649994,153.729996,152.179993,153.509995,1485500,148.779437
2014-09-11,152.589996,154.369995,152.520004,154.240005,1765400,149.486952
2014-09-12,154.0,154.669998,153.309998,154.309998,1324800,149.554787
2014-09-15,154.399994,155.320007,153.630005,154.0,2394400,149.254342
2014-09-16,154.059998,154.729996,153.240005,154.660004,1042400,149.894007
2014-09-17,154.669998,155.210007,153.690002,154.619995,941600,149.855232
2014-09-18,154.720001,155.039993,153.220001,153.509995,3260700,148.779437
2014-09-19,154.369995,154.75,152.539993,153.160004,2422700,148.440231
2014-09-22,152.419998,152.520004,149.380005,150.610001,2570900,145.968809
2014-09-23,150.479996,150.679993,147.800003,147.860001,2149700,143.303553
2014-09-24,147.860001,148.270004,145.550003,147.070007,3205300,142.537904
2014-09-25,146.639999,147.100006,143.979996,144.25,2427300,139.804798
2014-09-26,144.470001,145.270004,143.589996,145.089996,1483700,140.618909
2014-09-29,143.960007,145.720001,143.610001,144.970001,1625400,140.502612
2014-09-30,144.740005,145.649994,143.240005,143.490005,2700000,139.068223
2014-10-01,144.0,144.009995,140.800003,141.899994,1954300,137.52721
2014-10-02,141.759995,141.830002,138.320007,141.460007,1618700,137.100781
2014-10-03,141.910004,145.279999,141.910004,144.509995,2002100,140.05678
2014-10-06,144.660004,145.179993,143.0,143.619995,1405300,139.194207
2014-10-07,142.679993,143.830002,141.600006,142.759995,1365800,138.360708
2014-10-08,142.75,147.570007,142.5,147.279999,2852200,142.741424
2014-10-09,146.550003,146.860001,142.479996,142.479996,2973200,138.089338
2014-10-10,143.330002,143.899994,141.039993,141.210007,2768300,136.858485
2014-10-13,141.210007,142.029999,138.119995,138.210007,3927500,133.950933
2014-10-14,139.089996,140.330002,137.279999,137.539993,2071800,133.301566
2014-10-15,134.779999,137.089996,128.779999,136.139999,8466100,131.944715
2014-10-16,133.990005,133.990005,131.240005,131.880005,5432600,127.815996
2014-10-17,133.119995,137.25,132.669998,135.350006,4075900,131.179066
2014-10-20,135.179993,137.050003,133.660004,136.800003,1735700,132.58438
2014-10-21,138.059998,140.649994,137.440002,139.429993,2087800,135.133324
2014-10-22,139.179993,140.050003,135.889999,136.050003,3633900,131.857492
2014-10-23,138.740005,141.259995,137.300003,140.929993,2984900,136.5871
2014-10-24,141.160004,144.600006,140.839996,142.979996,2957000,138.57393
2014-10-27,143.059998,143.889999,140.429993,140.600006,3359200,136.267282
2014-10-28,141.050003,143.020004,141.050003,142.589996,2867900,138.195949
2014-10-29,142.399994,144.639999,142.389999,143.75,1438600,139.320206
2014-10-30,143.029999,143.860001,142.009995,142.880005,1666600,138.477021
2014-10-31,145.410004,147.210007,144.679993,147.210007,3016900,142.673589
2014-11-03,149.419998,149.729996,146.970001,149.020004,2263000,144.42781
2014-11-04,148.380005,148.479996,144.850006,144.869995,2156400,140.405687
2014-11-05,146.309998,146.639999,144.449997,146.160004,1085700,141.655943
2014-11-06,145.940002,147.130005,144.759995,146.380005,1835100,141.869165
2014-11-07,146.210007,146.210007,142.080002,143.600006,7469200,139.174834
2014-11-10,143.639999,144.0,133.259995,136.5,11431100,132.293622
2014-11-11,136.5,136.649994,131.0,134.779999,10584000,130.626624
2014-11-12,135.369995,138.789993,134.809998,136.479996,5863900,132.274234
2014-11-13,138.669998,141.660004,137.5,141.050003,6931400,136.703412
2014-11-14,140.600006,141.190002,139.539993,140.009995,2992900,135.695452
2014-11-17,139.300003,141.940002,139.240005,141.770004,3867200,137.401226
2014-11-18,141.419998,142.899994,140.600006,142.589996,2794300,138.195949
2014-11-19,142.380005,143.789993,141.570007,143.610001,3275800,139.184521
2014-11-20,142.360001,143.710007,141.910004,143.710007,1905000,139.281445
2014-11-21,145.809998,145.809998,142.520004,142.520004,2277500,138.128114
2014-11-24,142.839996,146.25,142.839996,146.240005,2719900,141.733479
2014-11-25,145.619995,149.899994,145.619995,149.589996,2971000,145.727607
2014-11-26,149.309998,149.75,148.800003,149.529999,854000,145.669158
2014-11-28,149.889999,150.0,148.720001,149.279999,1160600,145.425613
2014-12-01,149.020004,149.100006,147.800003,148.220001,1096900,144.392985
2014-12-02,148.580002,149.490005,147.860001,149.289993,4353600,145.43535
2014-12-03,148.990005,149.589996,148.020004,149.490005,1667000,145.630198
2014-12-04,149.5,149.5,147.190002,147.949997,1686800,144.129952
2014-12-05,147.679993,149.070007,147.149994,147.529999,1367400,143.720798
2014-12-08,147.210007,148.770004,146.75,147.289993,1281800,143.48699
2014-12-09,146.990005,147.350006,145.699997,146.75,1040400,142.960939
2014-12-10,146.429993,147.119995,145.199997,145.199997,1270300,141.450957
2014-12-11,145.589996,148.25,145.300003,147.149994,1171900,143.350605
2014-12-12,144.820007,147.509995,144.710007,145.119995,1689900,141.37302
2014-12-15,145.610001,146.270004,143.5,144.080002,678400,140.35988
2014-12-16,143.580002,146.289993,143.029999,143.100006,1325500,139.405187
2014-12-17,143.479996,144.800003,142.75,144.039993,1367600,140.320904
2014-12-18,143.979996,146.630005,143.080002,146.350006,2272100,142.571273
2014-12-19,145.850006,149.899994,145.850006,149.309998,2676400,145.454838
2014-12-22,148.679993,151.119995,148.669998,150.070007,4683500,146.195224
2014-12-23,150.580002,152.820007,150.210007,150.979996,1759400,147.081717
2014-12-24,151.309998,151.570007,150.789993,151.149994,763700,147.247326
2014-12-26,151.509995,153.320007,150.770004,152.830002,1107900,148.883956
2014-12-29,152.460007,154.949997,151.839996,154.529999,1009200,150.540059
2014-12-30,154.110001,155.910004,153.25,154.669998,1222300,150.676444
2014-12-31,155.449997,155.949997,151.949997,152.059998,1222100,148.133833
2015-01-02,153.029999,153.539993,149.580002,150.660004,825300,146.769987
2015-01-05,149.800003,149.949997,146.149994,147.020004,1495300,143.223972
2015-01-06,146.809998,146.809998,143.0,145.0,2479100,141.256123
2015-01-07,146.160004,146.160004,143.600006,145.020004,1314300,141.275611
2015-01-08,146.080002,149.880005,145.990005,147.729996,2357600,143.915631
2015-01-09,147.809998,148.440002,146.360001,146.360001,1915400,142.581009
2015-01-12,146.479996,147.529999,145.119995,145.740005,1470800,141.977022
2015-01-13,147.580002,150.809998,146.389999,147.300003,1677100,143.496741
2015-01-14,145.240005,145.240005,140.229996,143.229996,3580700,139.53182
2015-01-15,143.679993,145.75,142.960007,143.369995,2653200,139.668205
2015-01-16,143.25,146.759995,142.830002,146.759995,2478800,142.970675
2015-01-20,145.520004,146.440002,142.589996,143.779999,2273700,140.067622
2015-01-21,143.0,144.320007,141.960007,143.330002,1728800,139.629244
2015-01-22,144.279999,146.490005,142.990005,146.089996,1385500,142.317976
2015-01-23,146.389999,146.389999,143.729996,144.160004,1412400,140.437816
2015-01-26,143.710007,145.460007,143.570007,145.070007,1163600,141.324323
2015-01-27,144.619995,145.529999,142.839996,144.369995,1133500,140.642385
2015-01-28,144.779999,145.339996,138.559998,139.100006,2310000,135.508466
2015-01-29,141.309998,141.309998,136.899994,137.770004,1979400,134.212805
2015-01-30,136.600006,138.380005,135.520004,136.130005,4236400,132.61515
2015-02-02,137.179993,138.050003,134.210007,137.529999,3023900,133.978996
2015-02-03,138.809998,143.0,138.509995,142.809998,2973200,139.122667
2015-02-04,142.429993,150.270004,140.240005,145.529999,6708400,141.772438
2015-02-05,145.979996,148.119995,145.279999,147.679993,2376600,143.866919
2015-02-06,147.199997,148.25,145.949997,146.600006,1844500,142.814818
2015-02-09,145.949997,146.539993,144.880005,145.869995,1379600,142.103655
2015-02-10,146.720001,146.990005,145.059998,145.860001,1508100,142.093919
2015-02-11,145.869995,146.479996,145.020004,146.210007,2401400,142.434888
2015-02-12,146.690002,148.059998,146.130005,147.529999,1563300,143.720798
2015-02-13,147.429993,150.289993,147.059998,149.740005,1583800,145.873743
2015-02-17,148.110001,149.580002,146.520004,147.679993,2284800,143.866919
2015-02-18,146.630005,148.240005,146.020004,147.759995,2450900,143.944855
2015-02-19,147.800003,148.369995,147.0,147.479996,2155200,143.672086
2015-02-20,147.139999,149.119995,146.270004,148.580002,1590000,144.74369
2015-02-23,148.679993,149.649994,148.0,149.089996,2247600,145.240517
2015-02-24,149.520004,152.970001,148.970001,152.240005,2643600,148.309193
2015-02-25,150.960007,155.070007,150.919998,154.619995,3646900,151.373459
2015-02-26,153.330002,153.740005,151.320007,152.399994,2311800,149.200071
2015-02-27,152.259995,154.220001,151.220001,154.050003,2182400,150.815435
2015-03-02,154.059998,155.669998,153.639999,155.509995,2104400,152.244772
2015-03-03,155.429993,157.0,154.149994,156.740005,2691100,153.448956
2015-03-04,156.199997,157.860001,155.309998,157.490005,1793500,154.183209
2015-03-05,158.0,158.339996,155.839996,157.839996,1916500,154.525851
2015-03-06,157.089996,159.309998,155.860001,159.020004,3746600,155.681082
2015-03-09,159.220001,159.940002,158.559998,159.729996,2902600,156.376166
2015-03-10,158.75,158.949997,154.429993,154.699997,2272700,151.451781
2015-03-11,156.410004,156.410004,152.509995,152.639999,2639600,149.435037
2015-03-12,153.559998,156.860001,153.559998,156.630005,2095600,153.341265
2015-03-13,156.0,156.550003,154.600006,154.970001,2502500,151.716116
2015-03-16,154.759995,158.410004,154.759995,158.380005,2119400,155.054521
2015-03-17,155.919998,157.5,154.399994,156.449997,2707200,153.165037
2015-03-18,156.039993,157.75,154.5,156.919998,2546900,153.62517
2015-03-19,156.970001,157.210007,155.089996,155.610001,1783900,152.342678
2015-03-20,155.940002,158.289993,155.610001,157.869995,2549600,154.55522
2015-03-23,158.0,158.470001,155.479996,155.539993,1615400,152.27414
2015-03-24,154.429993,155.229996,150.460007,151.0,3323300,147.829473
2015-03-25,150.669998,151.320007,149.050003,149.050003,2144200,145.92042
2015-03-26,148.960007,149.059998,147.100006,147.75,2329300,144.647713
2015-03-27,148.080002,148.300003,146.740005,147.279999,1957800,144.18758
2015-03-30,147.399994,149.839996,147.130005,149.270004,1594100,146.883788
2015-03-31,148.929993,151.330002,147.529999,149.880005,5241600,147.484037
2015-04-01,150.009995,151.960007,148.820007,151.809998,3285300,149.383177
2015-04-02,152.0,155.449997,150.539993,154.809998,3730200,152.335219
2015-04-06,153.589996,156.210007,153.070007,154.889999,1120700,152.413942
2015-04-07,154.690002,156.169998,154.550003,155.149994,1638900,152.669781
2015-04-08,154.880005,157.600006,154.75,157.25,2134500,154.736216
2015-04-09,157.639999,159.050003,157.300003,158.809998,1862800,156.271276
2015-04-10,159.130005,161.139999,158.440002,160.809998,3211800,158.239304
2015-04-13,159.940002,160.809998,156.889999,157.059998,2057500,154.549251
2015-04-14,156.660004,158.679993,156.440002,156.860001,1553300,154.352451
2015-04-15,158.339996,159.979996,157.529999,159.020004,1283800,156.477925
2015-04-16,158.860001,159.110001,157.669998,158.199997,1236600,155.671027
2015-04-17,157.0,157.0,145.440002,149.610001,10585800,147.218349
2015-04-20,150.25,152.5,150.229996,150.869995,4181600,148.458202
2015-04-21,150.869995,153.210007,150.559998,152.0,3577100,149.570142
2015-04-22,151.550003,151.630005,149.149994,149.639999,3593000,147.247868
2015-04-23,146.990005,152.649994,145.770004,148.759995,17494600,146.381931
2015-04-24,151.710007,157.820007,151.0,155.259995,19731000,152.778023
2015-04-27,156.690002,158.0,154.789993,156.369995,6953900,153.870279
2015-04-28,157.119995,158.75,155.630005,157.889999,6343200,155.365985
2015-04-29,156.839996,158.649994,156.130005,157.860001,4678300,155.336465
2015-04-30,158.100006,158.259995,154.919998,155.520004,3532600,153.033876
2015-05-01,156.0,157.419998,154.949997,157.25,2357100,154.736216
2015-05-04,158.0,159.25,157.770004,159.089996,2186800,156.546799
2015-05-05,157.160004,159.059998,155.460007,156.649994,2129800,154.145802
2015-05-06,156.039993,157.309998,154.630005,155.350006,2371100,152.866595
2015-05-07,155.690002,156.669998,154.270004,155.119995,2119000,152.640261
2015-05-08,156.770004,157.0,154.419998,154.679993,2470200,152.207293
2015-05-11,155.199997,156.089996,154.440002,154.779999,2229700,152.3057
2015-05-12,153.699997,155.270004,153.610001,154.869995,2462300,152.394258
2015-05-13,154.429993,155.940002,152.809998,152.820007,3243400,150.377041
2015-05-14,154.339996,155.669998,153.339996,155.630005,3118500,153.142118
2015-05-15,155.630005,156.630005,155.080002,156.440002,2363600,153.939167
2015-05-18,156.5,157.960007,155.169998,157.509995,2098900,154.992055
2015-05-19,157.970001,158.729996,157.160004,158.0,2429600,155.474227
2015-05-20,162.759995,167.080002,162.330002,166.550003,9815800,163.88755
2015-05-21,166.130005,168.210007,164.059998,165.520004,6631600,162.874017
2015-05-22,170.509995,172.210007,169.529999,171.179993,7323000,168.443525
2015-05-26,171.179993,184.889999,171.179993,183.600006,29796000,180.664994
2015-05-27,181.970001,183.779999,181.5,183.570007,4925800,180.635474
2015-05-28,183.350006,183.5,180.0,182.380005,4146400,179.464495
2015-05-29,182.539993,182.710007,180.889999,180.889999,4678700,177.998309
2015-06-01,181.860001,182.610001,180.279999,180.279999,3284100,177.39806
2015-06-02,180.149994,180.610001,178.580002,178.580002,2871200,175.725239
2015-06-03,178.800003,179.050003,176.330002,176.929993,3894300,174.101606
2015-06-04,175.619995,177.710007,174.639999,176.910004,3314000,174.081937
2015-06-05,176.919998,178.490005,176.220001,178.059998,1664300,175.213547
2015-06-08,177.729996,177.990005,175.850006,176.369995,4871900,173.550561
2015-06-09,176.259995,179.839996,175.419998,179.070007,5552800,176.207411
2015-06-10,179.350006,179.800003,178.5,179.100006,1693700,176.23693
2015-06-11,178.940002,179.880005,178.479996,179.389999,2428300,176.522288
2015-06-12,179.130005,179.419998,178.100006,178.740005,2641000,175.882685
2015-06-15,178.110001,178.779999,177.529999,178.339996,1663800,175.48907
2015-06-16,175.479996,178.869995,175.479996,177.259995,2922700,174.426333
2015-06-17,177.880005,178.550003,177.389999,177.899994,2532000,175.056101
2015-06-18,178.0,179.179993,177.550003,177.800003,2773600,174.957709
2015-06-19,177.589996,178.369995,176.830002,177.300003,2344600,174.465702
2015-06-22,177.220001,178.699997,177.169998,178.0,2206900,175.154509
2015-06-23,178.309998,179.779999,177.820007,178.440002,1329500,175.587477
2015-06-24,177.889999,178.5,176.350006,176.350006,2188000,173.530891
2015-06-25,176.800003,177.949997,176.399994,177.169998,2167900,174.337775
2015-06-26,177.779999,180.210007,176.720001,179.5,2296100,176.63053
2015-06-29,178.0,178.899994,176.289993,176.320007,1686000,174.229344
2015-06-30,177.669998,178.169998,176.220001,178.169998,2608900,176.057399
2015-07-01,178.360001,181.539993,177.880005,181.190002,3053700,179.041594
2015-07-02,182.0,182.169998,180.330002,180.880005,1842300,178.735272
2015-07-06,180.039993,182.059998,179.580002,181.75,2168300,179.594952
2015-07-07,182.009995,183.070007,179.229996,183.059998,2094600,180.889416
2015-07-08,181.320007,182.410004,180.320007,180.479996,1788100,178.340006
2015-07-09,182.0,182.679993,180.380005,181.350006,1361000,179.199701
2015-07-10,182.259995,183.789993,181.529999,183.5,1439400,181.324202
2015-07-13,184.009995,185.589996,183.380005,185.190002,1678500,182.994165
2015-07-14,185.479996,185.479996,183.470001,183.470001,1885100,181.294559
2015-07-15,183.490005,187.190002,181.850006,186.0,4132800,183.794559
2015-07-16,186.789993,187.570007,186.070007,187.039993,2765200,184.822221
2015-07-17,187.039993,189.009995,186.539993,189.009995,2325000,186.768863
2015-07-20,189.130005,190.990005,188.460007,190.880005,2068200,188.6167
2015-07-21,190.300003,190.800003,188.089996,188.529999,2200200,186.294559
2015-07-22,189.160004,190.470001,188.949997,190.470001,1404200,188.211558
2015-07-23,190.240005,190.600006,188.509995,190.5,2737300,188.241201
2015-07-24,190.619995,191.389999,189.860001,191.089996,3304000,188.824202
2015-07-27,189.550003,190.809998,187.589996,188.139999,1583100,185.909184
2015-07-28,188.929993,189.529999,188.119995,189.199997,1617800,186.956613
2015-07-29,188.940002,190.350006,188.100006,189.429993,927500,187.183881
2015-07-30,189.139999,191.729996,189.139999,190.839996,1055500,188.577166
2015-07-31,191.509995,191.509995,189.550003,190.009995,1765300,187.757006
2015-08-03,190.009995,192.380005,190.0,191.270004,831100,189.002075
2015-08-04,191.410004,193.800003,190.160004,193.009995,921700,190.721434
2015-08-05,194.190002,194.220001,188.770004,191.5,1709300,189.229344
2015-08-06,191.559998,192.100006,183.720001,190.220001,4262600,187.964522
2015-08-07,188.289993,190.330002,186.429993,188.910004,1437200,186.670058
2015-08-10,189.910004,191.339996,189.059998,189.330002,1178300,187.085076
2015-08-11,188.669998,189.979996,186.850006,186.850006,1020300,184.634486
2015-08-12,186.179993,187.639999,185.309998,186.509995,1201900,184.298506
2015-08-13,186.5,187.610001,186.0,186.649994,1218100,184.436845
2015-08-14,186.960007,186.960007,185.429993,186.0,1102700,183.794559
2015-08-17,185.619995,190.520004,185.479996,190.309998,1480500,188.053452
2015-08-18,189.320007,191.479996,189.320007,191.100006,1297100,188.834093
2015-08-19,191.399994,192.539993,190.550003,191.479996,1345500,189.209577
2015-08-20,189.529999,191.389999,187.619995,187.619995,1519500,185.395345
2015-08-21,185.740005,187.330002,183.589996,183.589996,2163400,181.413131
2015-08-24,178.089996,185.699997,173.490005,179.169998,3939400,177.045542
2015-08-25,183.270004,184.25,180.339996,180.720001,1996200,178.577166
2015-08-26,183.559998,185.410004,180.199997,185.199997,2061000,183.004041
2015-08-27,186.339996,188.610001,184.229996,187.889999,1727500,185.662148
2015-08-28,187.600006,187.740005,185.839996,187.429993,909500,185.207596
2015-08-31,186.0,187.809998,185.449997,186.020004,1794000,183.814326
2015-09-01,186.020004,186.550003,183.009995,183.369995,2026000,181.195738
2015-09-02,185.080002,185.660004,183.440002,185.259995,1356800,183.063328
2015-09-03,186.070007,188.940002,185.570007,188.080002,2390700,185.849897
2015-09-04,186.649994,188.779999,185.479996,187.830002,1038700,185.602862
2015-09-08,189.770004,190.559998,187.910004,190.389999,1460400,188.132505
2015-09-09,191.199997,191.199997,188.309998,188.619995,1194000,186.383488
2015-09-10,187.520004,189.039993,186.710007,187.509995,2237000,185.286649
2015-09-11,187.139999,187.669998,185.949997,187.449997,2035000,185.227363
2015-09-14,187.720001,188.089996,186.619995,187.059998,1091600,184.841988
2015-09-15,187.139999,189.979996,186.160004,189.789993,1640600,187.539613
2015-09-16,190.0,190.330002,187.619995,188.789993,1932300,186.55147
2015-09-17,189.190002,192.0,188.740005,190.419998,2894500,188.162148
2015-09-18,189.429993,191.270004,189.020004,189.509995,2806000,187.262934
2015-09-21,189.389999,191.190002,189.270004,191.039993,1875000,188.774792
2015-09-22,190.0,191.100006,188.669998,190.240005,2062100,187.984289
2015-09-23,190.139999,190.410004,188.279999,188.300003,1568200,186.06729
2015-09-24,187.800003,189.169998,184.240005,185.080002,2053100,182.885469
2015-09-25,185.570007,186.429993,183.149994,183.789993,1327600,181.610756
2015-09-28,183.679993,184.270004,176.399994,176.679993,3698000,174.585061
2015-09-29,176.130005,177.970001,173.419998,174.0,3749300,172.66983
2015-09-30,175.509995,180.309998,174.520004,179.369995,4205500,177.998774
2015-10-01,179.740005,182.860001,179.080002,181.850006,3333000,180.459826
2015-10-02,180.139999,185.289993,179.550003,185.190002,3235700,183.774289
2015-10-05,186.210007,189.440002,185.869995,188.740005,1926200,187.297154
2015-10-06,188.320007,189.289993,186.199997,187.169998,1536600,185.739148
2015-10-07,188.210007,188.690002,185.759995,186.009995,1598000,184.588013
2015-10-08,185.589996,188.440002,185.589996,188.440002,1766200,186.999444
2015-10-09,188.960007,189.0,186.470001,187.380005,1754400,185.94755
2015-10-12,187.240005,188.509995,186.429993,186.669998,1412300,185.242971
2015-10-13,185.889999,188.220001,185.729996,187.919998,1310900,186.483415
2015-10-14,187.919998,188.029999,185.300003,186.169998,1242900,184.746793
2015-10-15,187.399994,188.660004,186.509995,188.259995,1162000,186.820812
2015-10-16,189.529999,189.529999,187.300003,188.710007,1103800,187.267384
2015-10-19,188.440002,188.800003,186.729996,187.330002,1556400,185.897929
2015-10-20,186.5,187.960007,186.5,187.309998,584100,185.878078
2015-10-21,188.080002,188.080002,180.320007,180.440002,3110600,179.060601
2015-10-22,180.940002,184.910004,180.910004,182.899994,1722800,181.501787
2015-10-23,183.559998,185.619995,183.089996,185.190002,1358900,183.774289
2015-10-26,185.089996,186.190002,184.770004,185.199997,1026100,183.784207
2015-10-27,184.839996,185.979996,182.869995,183.350006,1696800,181.948359
2015-10-28,183.5,185.710007,182.559998,185.25,1094300,183.833828
2015-10-29,183.520004,192.850006,183.520004,191.820007,2124300,190.35361
2015-10-30,192.449997,192.449997,189.169998,189.399994,1544900,187.952097
2015-11-02,190.470001,190.789993,186.839996,187.410004,1138100,185.977319
2015-11-03,186.699997,189.369995,185.720001,189.309998,1603300,187.862788
2015-11-04,189.539993,190.399994,188.380005,188.649994,1159400,187.20783
2015-11-05,187.75,189.210007,186.850006,187.679993,1621600,186.245244
2015-11-06,187.570007,188.809998,186.970001,188.089996,1051400,186.652114
2015-11-09,187.600006,188.759995,186.419998,187.830002,869100,186.394107
2015-11-10,187.899994,189.75,187.050003,189.309998,1114200,187.862788
2015-11-11,190.139999,190.210007,188.259995,189.399994,538000,187.952097
2015-11-12,188.949997,189.369995,187.929993,188.940002,800300,187.495622
2015-11-13,187.910004,190.199997,185.350006,185.429993,1780600,184.012445
2015-11-16,185.320007,185.869995,184.059998,185.839996,1009500,184.419314
2015-11-17,186.0,186.0,183.75,184.0,1197100,182.593384
2015-11-18,184.130005,184.960007,183.770004,184.789993,1386100,183.377338
2015-11-19,185.75,185.75,176.979996,184.0,1563300,182.593384
2015-11-20,184.539993,185.070007,183.770004,184.5,1654000,183.089561
2015-11-23,184.710007,186.649994,184.149994,184.419998,1229200,183.010171
2015-11-24,183.380005,185.610001,182.899994,183.649994,856400,182.246053
2015-11-25,183.880005,184.770004,183.029999,183.800003,588400,182.394916
2015-11-27,184.039993,185.880005,183.470001,185.259995,283000,183.843746
2015-11-30,185.429993,185.770004,183.589996,184.770004,1335500,183.357502
2015-12-01,185.860001,187.259995,185.020004,186.5,1108300,185.074272
2015-12-02,186.210007,186.449997,184.580002,184.619995,2201800,183.208639
2015-12-03,184.630005,185.410004,180.800003,181.380005,1987700,179.993418
2015-12-04,182.039993,185.190002,181.380005,185.190002,1810400,183.774289
2015-12-07,184.039993,186.759995,183.679993,185.610001,1929000,184.191077
2015-12-08,185.020004,186.649994,184.070007,184.880005,1240900,183.466661
2015-12-09,184.270004,186.550003,183.539993,183.919998,1661900,182.513994
2015-12-10,183.860001,184.820007,183.0,183.509995,1370400,182.107124
2015-12-11,181.869995,183.119995,178.869995,180.5,2344400,179.12014
2015-12-14,181.570007,181.649994,177.869995,178.809998,1883100,177.443057
2015-12-15,179.710007,182.660004,179.309998,181.080002,1400800,179.695708
2015-12-16,182.149994,185.610001,181.300003,185.059998,2190000,183.645278
2015-12-17,184.979996,186.289993,183.850006,184.509995,1098200,183.09948
2015-12-18,184.289993,184.289993,180.570007,181.130005,2948400,179.745329
2015-12-21,181.389999,182.100006,180.410004,181.970001,1117400,180.578904
2015-12-22,183.149994,183.339996,180.830002,183.139999,1089700,181.739958
2015-12-23,183.580002,184.449997,182.759995,184.100006,777800,182.692625
2015-12-24,184.0,184.820007,183.5,184.5,257300,183.089561
2015-12-28,184.25,185.199997,182.389999,185.050003,589100,183.63536
2015-12-29,185.889999,187.449997,185.279999,187.229996,866200,185.798687
2015-12-30,186.259995,186.529999,185.199997,185.770004,637600,185.091289
2015-12-31,184.970001,186.820007,184.940002,185.589996,651000,184.911938
2016-01-04,183.630005,184.770004,181.059998,183.080002,1667000,182.411114
2016-01-05,183.520004,183.520004,181.570007,182.929993,1239800,182.261653
2016-01-06,181.169998,182.679993,180.360001,181.869995,883400,181.205528
2016-01-07,179.809998,183.449997,179.149994,181.199997,1353300,180.537978
2016-01-08,182.25,186.220001,181.559998,182.929993,2114400,182.261653
2016-01-11,183.720001,184.309998,181.690002,183.300003,964800,182.630312
2016-01-12,184.0,185.240005,181.649994,183.580002,1037200,182.909287
2016-01-13,183.460007,184.350006,178.660004,179.570007,1472500,178.913944
2016-01-14,179.770004,183.429993,179.660004,181.960007,1179800,181.295211
2016-01-15,178.279999,179.910004,175.330002,177.029999,2845200,176.383215
2016-01-19,178.160004,179.0,176.539993,177.630005,1714800,176.981029
2016-01-20,175.899994,180.949997,174.669998,180.229996,2410400,179.571521
2016-01-21,180.009995,181.119995,177.850006,179.289993,1597600,178.634953
2016-01-22,180.869995,182.559998,180.020004,182.039993,2217800,181.374905
2016-01-25,182.149994,182.619995,179.770004,179.800003,1460200,179.143099
2016-01-26,179.979996,181.130005,179.169998,179.169998,2011800,178.515396
2016-01-27,179.009995,180.419998,175.529999,175.639999,2338800,174.998294
2016-01-28,174.779999,178.679993,174.779999,178.479996,2175900,177.827914
2016-01-29,179.720001,182.820007,178.429993,182.009995,2158200,181.345016
2016-02-01,182.449997,184.759995,179.419998,184.309998,1330700,183.636616
2016-02-02,182.960007,184.830002,181.460007,182.089996,1937100,181.424726
2016-02-03,183.100006,185.800003,181.949997,185.75,1507000,185.071357
2016-02-04,186.0,188.309998,181.550003,183.440002,2285800,182.7698
2016-02-05,182.720001,183.309998,178.860001,181.479996,2116800,180.816954
2016-02-08,179.740005,180.360001,173.410004,177.729996,2978100,177.080655
2016-02-09,177.240005,180.589996,175.720001,180.589996,2265600,179.930206
2016-02-10,180.0,181.820007,178.860001,179.199997,1842700,178.545285
2016-02-11,176.990005,179.860001,176.490005,179.350006,3239000,178.694746
2016-02-12,179.949997,185.25,179.279999,184.990005,2238000,184.31414
2016-02-16,182.649994,186.550003,182.649994,186.089996,1783900,185.410112
2016-02-17,184.960007,188.490005,184.600006,187.679993,2060600,186.994299
2016-02-18,187.160004,189.449997,186.600006,187.75,1949800,187.06405
2016-02-19,186.740005,189.240005,185.389999,188.839996,1862800,188.150064
2016-02-22,190.0,191.229996,189.279999,190.759995,2504700,190.063048
2016-02-23,190.220001,191.419998,189.360001,189.429993,1782300,188.737905
2016-02-24,189.429993,190.149994,187.229996,189.860001,1552400,189.166342
2016-02-25,190.470001,194.0,189.860001,193.470001,3498300,192.763153
2016-02-26,193.490005,194.110001,192.119995,192.5,2038300,191.796696
2016-02-29,192.619995,194.410004,190.860001,190.860001,3492200,190.162689
2016-03-01,192.600006,194.490005,190.839996,194.490005,3615400,193.779431
2016-03-02,192.559998,194.160004,192.199997,193.410004,2826900,192.703375
2016-03-03,193.460007,195.740005,192.839996,194.429993,2291200,193.719638
2016-03-04,194.679993,195.399994,193.520004,195.330002,1775100,194.616359
2016-03-07,194.669998,195.669998,193.869995,195.229996,1130800,194.516718
2016-03-08,194.610001,195.410004,193.449997,193.470001,1832200,192.763153
2016-03-09,194.679993,195.479996,193.679993,195.479996,2291600,194.765804
2016-03-10,195.350006,195.979996,193.029999,194.470001,2216600,193.7595
2016-03-11,196.0,196.0,194.509995,195.910004,1294400,195.194241
2016-03-14,195.899994,196.0,195.0,195.070007,1420500,194.357314
2016-03-15,194.279999,195.740005,193.880005,195.679993,1002400,194.965071
2016-03-16,196.720001,203.320007,196.720001,202.190002,5792400,201.451296
2016-03-17,202.089996,204.130005,201.809998,203.309998,3021100,202.567199
2016-03-18,203.520004,204.369995,202.830002,202.899994,3121300,202.158693
2016-03-21,202.970001,204.580002,202.429993,204.330002,1786000,203.583477
2016-03-22,204.100006,205.639999,203.350006,205.229996,1917800,204.480183
2016-03-23,205.229996,205.75,204.320007,204.449997,1650700,203.703034
2016-03-24,204.449997,204.529999,201.869995,202.699997,1499500,201.959427
2016-03-28,202.789993,203.630005,202.300003,203.169998,1585400,202.427711
2016-03-29,203.520004,205.970001,203.490005,205.279999,1705900,204.530003
2016-03-30,205.5,205.880005,203.880005,205.789993,1244000,205.789993
2016-03-31,205.880005,206.0,203.550003,204.619995,1533000,204.619995
2016-04-01,204.5,206.520004,204.059998,205.029999,1736600,205.029999
2016-04-04,205.949997,206.660004,205.039993,205.990005,1757700,205.990005
2016-04-05,205.210007,205.369995,204.169998,204.509995,1049600,204.509995
2016-04-06,204.110001,206.300003,204.0,206.119995,1238500,206.119995
2016-04-07,205.479996,205.869995,203.869995,204.679993,1036700,204.679993
2016-04-08,205.5,205.660004,203.699997,204.460007,1158900,204.460007
2016-04-11,204.210007,205.0,202.539993,202.539993,1786000,202.539993
2016-04-12,203.039993,204.059998,202.550003,202.669998,2348100,202.669998
2016-04-13,203.199997,206.5,203.050003,205.130005,1982800,205.130005
2016-04-14,204.350006,205.410004,203.410004,203.889999,2988800,203.889999
2016-04-15,203.960007,205.880005,203.009995,205.440002,1617500,205.440002
2016-04-18,205.449997,205.690002,204.369995,204.830002,1492800,204.830002
2016-04-19,204.889999,207.929993,204.110001,205.929993,1680500,205.929993
2016-04-20,206.100006,206.369995,202.059998,202.119995,1887200,202.119995
2016-04-21,202.009995,202.720001,199.779999,202.300003,2554500,202.300003
2016-04-22,201.970001,202.630005,200.690002,201.449997,3242600,201.449997
2016-04-25,200.509995,210.389999,199.309998,209.630005,7773000,209.630005
2016-04-26,209.630005,212.339996,209.039993,210.839996,5297800,210.839996
2016-04-27,210.880005,211.619995,208.910004,209.190002,2725600,209.190002
2016-04-28,207.0,212.669998,206.330002,210.789993,2105200,210.789993
2016-04-29,210.0,212.25,208.320007,212.110001,2079100,212.110001
2016-05-02,212.800003,216.100006,211.669998,215.059998,2742300,215.059998
2016-05-03,213.720001,214.889999,212.580002,212.770004,2024800,212.770004
2016-05-04,211.919998,213.809998,211.289993,212.369995,1780700,212.369995
2016-05-05,212.330002,213.910004,211.960007,212.520004,1962000,212.520004
2016-05-06,211.850006,213.199997,211.229996,213.160004,2731300,213.160004
2016-05-09,212.460007,214.630005,212.460007,213.789993,2335300,213.789993
2016-05-10,214.5,216.139999,214.0,216.119995,2540400,216.119995
2016-05-11,217.0,217.149994,214.869995,216.589996,1929700,216.589996
2016-05-12,217.240005,217.910004,213.660004,215.279999,16299700,215.279999
2016-05-13,215.259995,216.179993,214.220001,215.509995,11067700,215.509995
2016-05-16,210.860001,213.089996,209.350006,210.0,11869500,210.0
2016-05-17,209.589996,212.399994,208.130005,209.559998,47492900,209.559998
