Date,Open_UDR,High_UDR,Low_UDR,Close_UDR,Volume_UDR,AdjClose_UDR
2013-06-14,24.27,24.620001,24.059999,24.27,1746500,21.827012
2013-06-17,24.42,24.57,24.040001,24.23,1238900,21.791037
2013-06-18,24.23,24.68,24.18,24.5,1076400,22.03386
2013-06-19,24.52,24.66,23.74,23.9,1854900,21.494255
2013-06-20,23.74,23.74,23.02,23.15,2646700,20.819749
2013-06-21,23.280001,24.040001,23.27,23.93,3044500,21.521236
2013-06-24,23.68,24.719999,23.42,24.129999,3580000,21.701103
2013-06-25,24.26,24.68,24.040001,24.549999,2546200,22.078826
2013-06-26,24.75,25.030001,24.700001,24.879999,2526700,22.375609
2013-06-27,25.139999,25.549999,25.09,25.41,2818700,22.85226
2013-06-28,25.389999,25.75,25.209999,25.49,3101000,22.924208
2013-07-01,25.57,25.73,25.35,25.57,1652800,22.996155
2013-07-02,25.559999,26.059999,25.540001,26.049999,2985400,23.427838
2013-07-03,25.940001,26.030001,25.41,25.940001,1977100,23.328912
2013-07-05,25.98,26.030001,24.950001,25.77,2215500,23.176024
2013-07-08,25.73,25.82,25.32,25.32,2926500,22.980886
2013-07-09,25.41,25.99,25.33,25.85,2212700,23.461924
2013-07-10,25.870001,25.940001,25.309999,25.450001,3603200,23.098877
2013-07-11,25.719999,26.110001,25.719999,26.1,2425000,23.688828
2013-07-12,26.139999,26.200001,25.85,25.9,1113900,23.507304
2013-07-15,25.9,26.17,25.870001,25.9,786500,23.507304
2013-07-16,25.870001,26.17,25.73,25.82,1390100,23.434695
2013-07-17,25.940001,26.08,25.73,26.040001,935900,23.634372
2013-07-18,26.08,26.35,26.0,26.1,1021900,23.688828
2013-07-19,26.08,26.16,25.809999,25.950001,727400,23.552686
2013-07-22,25.879999,26.07,25.84,25.98,981600,23.579913
2013-07-23,25.98,26.0,25.809999,25.93,706500,23.534533
2013-07-24,25.93,25.950001,25.16,25.35,1335900,23.008115
2013-07-25,25.32,25.58,25.280001,25.52,1076800,23.16241
2013-07-26,25.4,25.75,25.370001,25.73,826900,23.353009
2013-07-29,25.68,25.84,25.389999,25.450001,1089200,23.098877
2013-07-30,25.01,25.780001,25.0,25.5,995000,23.144257
2013-07-31,25.68,25.719999,24.83,25.040001,3043400,22.726754
2013-08-01,25.18,25.33,24.950001,25.110001,2692200,22.790287
2013-08-02,25.120001,25.33,24.790001,24.879999,1721700,22.581533
2013-08-05,24.780001,25.0,24.58,24.719999,1094100,22.436315
2013-08-06,24.68,24.98,24.51,24.620001,1109900,22.345554
2013-08-07,24.610001,24.67,24.360001,24.5,1062100,22.236639
2013-08-08,24.6,24.65,24.09,24.24,1816200,22.000658
2013-08-09,24.26,24.66,24.110001,24.49,1576800,22.227563
2013-08-12,24.459999,24.469999,24.0,24.219999,1284200,21.982506
2013-08-13,24.219999,24.219999,23.58,23.67,1842800,21.483316
2013-08-14,23.700001,23.790001,23.459999,23.620001,1598500,21.437936
2013-08-15,23.49,23.549999,22.950001,23.07,2021500,20.938745
2013-08-16,23.030001,23.030001,22.42,22.469999,1601100,20.394174
2013-08-19,22.469999,22.52,22.27,22.35,2047800,20.285261
2013-08-20,22.4,22.91,22.379999,22.76,2600800,20.657384
2013-08-21,22.75,23.030001,22.219999,22.74,2275900,20.639231
2013-08-22,22.809999,22.9,22.469999,22.77,1243000,20.666461
2013-08-23,22.719999,23.049999,22.5,23.01,1756500,20.884289
2013-08-26,23.07,23.27,22.940001,23.139999,1426900,21.002278
2013-08-27,22.98,23.190001,22.83,22.92,1103100,20.802603
2013-08-28,22.959999,23.0,22.629999,22.709999,750600,20.612002
2013-08-29,22.67,22.85,22.48,22.85,1504100,20.73907
2013-08-30,22.85,23.0,22.52,22.59,1810200,20.503089
2013-09-03,22.780001,22.799999,21.959999,22.24,2922800,20.185422
2013-09-04,22.24,22.77,22.139999,22.639999,1493200,20.548469
2013-09-05,22.6,22.620001,22.25,22.379999,894200,20.312488
2013-09-06,22.58,22.98,22.58,22.879999,1900000,20.766297
2013-09-09,22.889999,23.52,22.75,23.51,2243400,21.338098
2013-09-10,23.559999,23.719999,23.4,23.690001,2379400,21.501469
2013-09-11,23.620001,23.93,23.559999,23.92,1675100,21.710221
2013-09-12,23.940001,24.110001,23.76,23.870001,1909300,21.664841
2013-09-13,23.83,24.059999,23.799999,23.959999,1078300,21.746525
2013-09-16,24.379999,24.49,23.969999,24.07,1098300,21.846363
2013-09-17,24.040001,24.299999,23.879999,23.959999,1007900,21.746525
2013-09-18,24.059999,24.870001,23.68,24.85,2466100,22.554306
2013-09-19,24.85,25.08,24.690001,24.74,1636500,22.454467
2013-09-20,24.719999,24.77,24.23,24.299999,2563800,22.055115
2013-09-23,24.25,24.469999,23.959999,23.98,898400,21.764677
2013-09-24,23.959999,24.030001,23.629999,23.639999,1262100,21.456087
2013-09-25,23.629999,23.99,23.440001,23.76,1345200,21.565002
2013-09-26,23.75,23.99,23.74,23.99,1028100,21.773754
2013-09-27,23.9,24.07,23.700001,23.99,985800,21.773754
2013-09-30,23.860001,24.139999,23.57,23.700001,1722900,21.510546
2013-10-01,23.700001,24.299999,23.66,24.01,2668600,21.791907
2013-10-02,23.889999,24.16,23.74,24.07,1423500,21.846363
2013-10-03,24.049999,24.1,23.51,23.58,1640200,21.401631
2013-10-04,23.610001,23.860001,23.43,23.620001,1013500,21.437936
2013-10-07,23.49,23.940001,23.42,23.790001,1639800,21.592231
2013-10-08,23.629999,23.700001,23.290001,23.33,1329900,21.385978
2013-10-09,23.32,23.59,23.25,23.280001,1407000,21.340145
2013-10-10,23.559999,23.9,23.299999,23.83,1761800,21.844315
2013-10-11,23.84,24.059999,23.629999,24.049999,1299700,22.045982
2013-10-14,23.93,24.08,23.74,24.040001,1095000,22.036817
2013-10-15,24.0,24.200001,23.889999,23.969999,956100,21.972648
2013-10-16,24.030001,24.51,24.01,24.469999,938400,22.430985
2013-10-17,24.450001,24.99,24.450001,24.950001,1737700,22.870989
2013-10-18,24.969999,25.049999,24.83,25.01,1709100,22.925989
2013-10-21,24.950001,24.98,24.73,24.950001,1505300,22.870989
2013-10-22,25.02,25.42,24.889999,25.26,1266200,23.155157
2013-10-23,25.18,25.280001,25.030001,25.18,1109000,23.081824
2013-10-24,25.129999,25.17,24.27,24.549999,2585000,22.504319
2013-10-25,24.65,25.16,24.469999,25.09,1289300,22.999323
2013-10-28,25.18,25.18,24.639999,25.059999,1381300,22.971822
2013-10-29,24.959999,25.190001,24.6,25.120001,1772100,23.026824
2013-10-30,25.1,25.16,24.76,24.950001,1520700,22.870989
2013-10-31,24.99,25.02,24.51,24.809999,1877300,22.742654
2013-11-01,24.879999,25.110001,24.459999,24.780001,1580100,22.715155
2013-11-04,24.889999,24.959999,24.65,24.75,934600,22.687654
2013-11-05,24.620001,24.73,24.219999,24.24,1071900,22.220151
2013-11-06,24.389999,24.559999,24.32,24.360001,956400,22.330152
2013-11-07,24.43,24.49,23.93,23.969999,1363400,21.972648
2013-11-08,23.76,23.870001,23.32,23.74,1059800,21.761814
2013-11-11,23.74,23.91,23.68,23.799999,660400,21.816814
2013-11-12,23.719999,23.85,23.459999,23.639999,1123300,21.670146
2013-11-13,23.49,23.93,23.469999,23.84,1091500,21.853482
2013-11-14,23.93,24.17,23.889999,23.91,869400,21.917649
2013-11-15,23.950001,23.959999,23.639999,23.75,832200,21.770981
2013-11-18,24.040001,24.049999,23.540001,23.700001,1202200,21.725148
2013-11-19,23.620001,23.879999,23.459999,23.559999,1520000,21.596813
2013-11-20,23.559999,23.84,23.299999,23.43,1307000,21.477646
2013-11-21,23.5,23.73,23.32,23.73,1020000,21.752647
2013-11-22,23.67,23.73,23.360001,23.52,1028900,21.560147
2013-11-25,23.48,23.540001,23.26,23.540001,1189200,21.578481
2013-11-26,23.6,23.6,23.129999,23.299999,1449900,21.358478
2013-11-27,23.26,23.73,23.26,23.700001,1369100,21.725148
2013-11-29,23.719999,23.719999,23.200001,23.27,767500,21.330978
2013-12-02,23.209999,23.700001,23.15,23.48,1719200,21.523479
2013-12-03,23.41,23.99,23.200001,23.969999,1859800,21.972648
2013-12-04,23.780001,24.98,23.74,24.110001,4007200,22.100984
2013-12-05,24.0,24.139999,23.74,24.110001,1615700,22.100984
2013-12-06,24.35,24.4,23.82,24.209999,1482500,22.19265
2013-12-09,24.16,24.360001,24.09,24.309999,1365100,22.284317
2013-12-10,24.190001,24.459999,24.190001,24.4,3029900,22.366818
2013-12-11,24.440001,24.469999,23.84,23.91,1929700,21.917649
2013-12-12,24.219999,24.23,23.66,23.690001,1494800,21.715981
2013-12-13,23.809999,24.059999,23.309999,23.559999,1369900,21.596813
2013-12-16,23.620001,23.67,23.309999,23.42,1200700,21.468479
2013-12-17,23.440001,23.469999,23.15,23.370001,1871300,21.422646
2013-12-18,23.379999,23.67,22.85,23.559999,2437600,21.596813
2013-12-19,23.5,23.57,22.98,23.1,2126100,21.175144
2013-12-20,23.049999,23.18,22.93,23.02,2172600,21.10181
2013-12-23,23.129999,23.32,23.040001,23.120001,1138200,21.193478
2013-12-24,23.18,23.34,23.09,23.309999,477600,21.367644
2013-12-26,23.34,23.530001,23.23,23.299999,685800,21.358478
2013-12-27,23.299999,23.360001,23.030001,23.35,1361000,21.404312
2013-12-30,23.4,23.51,23.32,23.4,1105700,21.450145
2013-12-31,23.42,23.5,23.24,23.35,1361500,21.404312
2014-01-02,23.309999,23.57,23.1,23.27,1427900,21.330978
2014-01-03,23.23,23.75,23.200001,23.68,1429700,21.706814
2014-01-06,23.75,23.879999,23.57,23.85,1665900,21.862649
2014-01-07,23.99,24.0,23.719999,23.73,1799100,21.752647
2014-01-08,23.440001,23.559999,23.25,23.33,1570700,21.599884
2014-01-09,23.459999,23.549999,23.139999,23.459999,1579300,21.720242
2014-01-10,23.24,23.610001,23.24,23.559999,1520800,21.812827
2014-01-13,23.469999,23.59,23.25,23.360001,1522800,21.62766
2014-01-14,23.43,23.74,23.34,23.6,1209600,21.849861
2014-01-15,23.690001,24.0,23.639999,23.83,1393600,22.062805
2014-01-16,23.85,24.07,23.83,23.969999,1804000,22.192422
2014-01-17,23.93,24.0,23.790001,23.91,1734700,22.136872
2014-01-21,23.98,24.17,23.98,24.17,1335300,22.377591
2014-01-22,24.23,24.41,24.16,24.219999,1640700,22.423882
2014-01-23,24.1,24.16,23.92,23.969999,1409200,22.192422
2014-01-24,23.85,24.139999,23.629999,23.719999,1277500,21.960961
2014-01-27,23.690001,23.83,23.379999,23.4,1631700,21.664692
2014-01-28,23.4,23.83,23.4,23.780001,1740800,22.016513
2014-01-29,23.67,23.860001,23.57,23.73,1396600,21.97022
2014-01-30,23.84,24.65,23.77,24.4,2397300,22.590534
2014-01-31,24.139999,24.5,24.059999,24.34,2608400,22.534984
2014-02-03,24.27,24.389999,23.92,24.049999,3970500,22.266489
2014-02-04,24.040001,24.639999,23.75,24.209999,4794400,22.414624
2014-02-05,24.25,24.860001,24.209999,24.74,2903400,22.90532
2014-02-06,24.84,25.34,24.719999,25.26,2737300,23.386758
2014-02-07,25.360001,25.790001,25.309999,25.59,2326700,23.692286
2014-02-10,25.59,25.959999,25.540001,25.83,2179100,23.914488
2014-02-11,25.93,26.52,25.75,26.049999,2385200,24.118172
2014-02-12,26.1,26.129999,25.82,25.860001,1504300,23.942264
2014-02-13,25.82,26.110001,25.75,25.889999,1953000,23.970038
2014-02-14,25.85,25.940001,25.76,25.92,836500,23.997814
2014-02-18,26.0,26.02,25.67,25.940001,1054300,24.016331
2014-02-19,25.9,26.26,25.9,25.950001,1458400,24.025589
2014-02-20,25.92,26.110001,25.690001,25.77,1105000,23.858938
2014-02-21,25.799999,25.870001,25.6,25.690001,1979400,23.78487
2014-02-24,25.780001,25.969999,25.620001,25.65,1568100,23.747836
2014-02-25,25.700001,26.02,25.610001,25.870001,1921700,23.951522
2014-02-26,26.01,26.040001,25.74,25.82,1975900,23.905229
2014-02-27,25.85,25.959999,25.65,25.77,1117200,23.858938
2014-02-28,25.73,26.0,25.65,25.809999,3432500,23.89597
2014-03-03,25.65,26.299999,25.639999,26.15,1650100,24.210757
2014-03-04,26.379999,26.610001,26.309999,26.559999,1853400,24.590352
2014-03-05,26.58,26.77,26.34,26.629999,1771000,24.65516
2014-03-06,26.620001,26.639999,26.15,26.32,1172600,24.36815
2014-03-07,26.23,26.299999,25.82,26.1,1368700,24.164465
2014-03-10,26.030001,26.129999,25.58,25.66,1606800,23.757095
2014-03-11,25.690001,25.83,25.629999,25.799999,1870100,23.886712
2014-03-12,25.700001,25.98,25.67,25.870001,1230200,23.951522
2014-03-13,25.950001,25.950001,25.450001,25.65,1117300,23.747836
2014-03-14,25.629999,26.0,25.629999,25.719999,1249300,23.812645
2014-03-17,25.85,26.02,25.68,25.790001,723300,23.877455
2014-03-18,25.799999,25.93,25.65,25.82,832600,23.905229
2014-03-19,25.799999,26.059999,25.129999,25.17,1687700,23.303432
2014-03-20,25.17,25.469999,25.07,25.459999,1086300,23.571926
2014-03-21,25.549999,25.68,25.280001,25.309999,3068300,23.43305
2014-03-24,25.43,25.6,25.040001,25.23,2487300,23.358982
2014-03-25,25.35,25.889999,25.35,25.83,1297400,23.914488
2014-03-26,25.91,25.98,25.52,25.58,1401800,23.683027
2014-03-27,25.530001,25.65,25.299999,25.629999,1345400,23.729319
2014-03-28,25.709999,25.82,25.559999,25.68,1039900,23.775612
2014-03-31,25.76,25.969999,25.49,25.83,1371300,23.914488
2014-04-01,25.83,25.860001,25.48,25.860001,1752300,23.942264
2014-04-02,25.85,25.879999,25.530001,25.799999,1427900,23.886712
2014-04-03,25.82,25.969999,25.65,25.709999,1010200,23.803386
2014-04-04,25.84,25.879999,25.6,25.85,1475000,23.933005
2014-04-07,25.6,25.879999,25.530001,25.620001,1446200,23.961063
2014-04-08,25.49,26.01,25.459999,26.0,1529100,24.316456
2014-04-09,26.02,26.02,25.6,25.83,1527500,24.157464
2014-04-10,25.85,25.969999,25.530001,25.629999,1450100,23.970414
2014-04-11,25.5,25.700001,25.27,25.280001,2058400,23.643078
2014-04-14,25.379999,25.440001,25.18,25.290001,1502600,23.652431
2014-04-15,25.299999,25.57,25.290001,25.48,1358200,23.830127
2014-04-16,25.639999,25.77,25.43,25.709999,1091700,24.045233
2014-04-17,25.610001,25.68,25.280001,25.43,1292800,23.783365
2014-04-21,25.43,25.690001,25.26,25.690001,825600,24.02653
2014-04-22,25.700001,25.77,25.389999,25.75,874400,24.082644
2014-04-23,25.74,25.809999,25.48,25.58,1356100,23.923652
2014-04-24,25.620001,25.860001,25.559999,25.84,793700,24.166817
2014-04-25,25.799999,25.91,25.690001,25.690001,1025400,24.02653
2014-04-28,25.780001,25.879999,25.639999,25.83,1900400,24.157464
2014-04-29,25.950001,26.049999,25.709999,25.83,1321900,24.157464
2014-04-30,25.82,25.92,25.549999,25.860001,2209900,24.185522
2014-05-01,25.969999,26.08,25.51,25.950001,2019500,24.269694
2014-05-02,25.950001,26.27,25.83,26.23,1977000,24.531563
2014-05-05,26.110001,26.4,26.040001,26.34,1264700,24.634441
2014-05-06,26.280001,26.42,26.059999,26.370001,903900,24.662499
2014-05-07,26.440001,26.84,26.34,26.799999,1794600,25.064654
2014-05-08,26.809999,27.030001,26.690001,26.98,1763400,25.232999
2014-05-09,26.98,27.110001,26.889999,27.07,1717000,25.317172
2014-05-12,27.190001,27.41,27.09,27.41,1934600,25.635156
2014-05-13,27.4,27.620001,27.219999,27.309999,2174000,25.541631
2014-05-14,27.299999,27.450001,27.139999,27.26,1594100,25.494869
2014-05-15,27.17,27.379999,27.049999,27.370001,1595400,25.597747
2014-05-16,27.33,27.610001,27.25,27.610001,1626100,25.822207
2014-05-19,27.610001,27.790001,27.469999,27.74,1735500,25.943788
2014-05-20,27.780001,27.879999,27.57,27.629999,1992500,25.84091
2014-05-21,27.639999,27.73,27.459999,27.52,1886000,25.738034
2014-05-22,27.549999,27.68,27.440001,27.459999,1505500,25.681918
2014-05-23,27.4,27.58,27.4,27.559999,1426500,25.775443
2014-05-27,27.59,27.719999,27.49,27.639999,1337400,25.850263
2014-05-28,27.620001,27.620001,27.32,27.469999,1314800,25.691271
2014-05-29,27.5,27.57,27.4,27.51,1233300,25.728681
2014-05-30,27.440001,27.629999,27.35,27.52,2394600,25.738034
2014-06-02,27.549999,27.68,27.469999,27.6,1484600,25.812854
2014-06-03,27.549999,27.700001,27.469999,27.700001,843300,25.906379
2014-06-04,27.68,27.82,27.610001,27.75,939100,25.953141
2014-06-05,27.83,28.26,27.73,28.24,1320000,26.411412
2014-06-06,28.32,28.32,27.93,28.02,1301900,26.205658
2014-06-09,27.98,28.08,27.42,27.459999,1378900,25.681918
2014-06-10,27.4,27.58,27.129999,27.33,1297600,25.560336
2014-06-11,27.309999,27.4,27.07,27.35,937700,25.579042
2014-06-12,27.389999,27.48,27.129999,27.450001,1136600,25.672567
2014-06-13,27.48,27.620001,27.200001,27.559999,960200,25.775443
2014-06-16,27.51,27.709999,27.41,27.5,1098100,25.719329
2014-06-17,27.5,27.700001,27.4,27.52,1978100,25.738034
2014-06-18,27.58,27.860001,27.389999,27.74,1439800,25.943788
2014-06-19,27.799999,28.08,27.68,28.07,1022100,26.25242
2014-06-20,28.27,28.33,27.969999,28.280001,1630700,26.448823
2014-06-23,28.209999,28.379999,28.139999,28.18,1000200,26.355298
2014-06-24,28.16,28.309999,28.139999,28.200001,1117500,26.374003
2014-06-25,28.23,28.5,28.23,28.4,1402600,26.561052
2014-06-26,28.389999,28.49,28.34,28.469999,986300,26.626519
2014-06-27,28.459999,28.719999,28.43,28.639999,1353800,26.785511
2014-06-30,28.719999,28.75,28.450001,28.629999,1711600,26.776158
2014-07-01,28.700001,28.870001,28.530001,28.74,1786000,26.879036
2014-07-02,28.73,28.74,28.48,28.620001,934000,26.766808
2014-07-03,28.620001,28.629999,28.370001,28.469999,634000,26.626519
2014-07-07,28.440001,28.610001,28.360001,28.49,870500,26.645224
2014-07-08,28.27,28.51,28.120001,28.459999,1141900,26.862312
2014-07-09,28.4,28.43,28.17,28.360001,786900,26.767927
2014-07-10,28.299999,28.6,28.24,28.440001,932500,26.843436
2014-07-11,28.43,28.540001,28.35,28.5,662100,26.900068
2014-07-14,28.549999,28.68,28.43,28.65,795000,27.041647
2014-07-15,28.639999,28.870001,28.6,28.809999,1111400,27.192664
2014-07-16,28.879999,28.889999,28.639999,28.809999,1427700,27.192664
2014-07-17,28.67,28.85,28.58,28.610001,798600,27.003893
2014-07-18,28.709999,28.92,28.639999,28.799999,698400,27.183225
2014-07-21,28.77,28.82,28.549999,28.549999,1039800,26.94726
2014-07-22,28.67,28.84,28.58,28.66,1129200,27.051085
2014-07-23,28.719999,28.76,28.549999,28.639999,929400,27.032208
2014-07-24,28.76,28.959999,28.65,28.83,1324900,27.211542
2014-07-25,28.780001,28.889999,28.6,28.620001,726700,27.013332
2014-07-28,28.610001,29.030001,28.540001,28.969999,1241000,27.343682
2014-07-29,28.969999,29.360001,28.549999,28.950001,1745800,27.324806
2014-07-30,28.940001,29.379999,28.879999,29.309999,1260200,27.664595
2014-07-31,29.24,29.33,28.99,29.08,2517700,27.447507
2014-08-01,28.99,29.33,28.85,28.91,2327000,27.287051
2014-08-04,28.91,29.25,28.709999,29.17,1247100,27.532455
2014-08-05,29.16,29.25,28.85,29.0,1732600,27.371999
2014-08-06,28.92,29.049999,28.9,28.99,880100,27.36256
2014-08-07,29.049999,29.26,28.969999,29.139999,1675800,27.504139
2014-08-08,29.15,29.389999,29.08,29.290001,932200,27.645719
2014-08-11,29.309999,29.549999,29.25,29.42,1176000,27.768421
2014-08-12,29.34,29.51,29.26,29.42,1277600,27.768421
2014-08-13,29.459999,29.879999,29.459999,29.74,1382700,28.070456
2014-08-14,29.76,29.83,29.459999,29.51,812200,27.853368
2014-08-15,29.559999,29.629999,29.34,29.469999,808500,27.815613
2014-08-18,29.610001,29.83,29.58,29.82,931000,28.145965
2014-08-19,29.84,29.9,29.67,29.809999,730000,28.136526
2014-08-20,29.719999,30.049999,29.629999,29.940001,1435200,28.259229
2014-08-21,30.01,30.25,29.870001,29.950001,1191300,28.268668
2014-08-22,29.9,29.940001,29.57,29.709999,708700,28.04214
2014-08-25,29.799999,29.809999,29.559999,29.690001,737600,28.023264
2014-08-26,29.690001,29.84,29.66,29.77,665500,28.098773
2014-08-27,29.799999,29.93,29.66,29.77,563100,28.098773
2014-08-28,29.700001,29.83,29.6,29.76,584700,28.089334
2014-08-29,29.84,29.99,29.700001,29.92,1227300,28.240352
2014-09-02,29.950001,30.049999,29.82,29.98,1640400,28.296983
2014-09-03,30.049999,30.24,29.950001,30.219999,1273100,28.52351
2014-09-04,30.16,30.33,29.950001,30.049999,1094100,28.363053
2014-09-05,30.059999,30.35,30.02,30.280001,1369800,28.580143
2014-09-08,30.27,30.379999,30.190001,30.299999,1124500,28.599019
2014-09-09,30.25,30.25,30.059999,30.16,874800,28.466878
2014-09-10,30.049999,30.09,29.219999,29.309999,1778900,27.664595
2014-09-11,29.290001,29.43,29.129999,29.33,1209800,27.683473
2014-09-12,29.26,29.34,28.15,28.32,1257500,26.730172
2014-09-15,28.34,28.540001,28.01,28.110001,1301900,26.531962
2014-09-16,28.1,28.469999,28.09,28.360001,1812900,26.767927
2014-09-17,28.459999,28.620001,28.139999,28.139999,1447500,26.560277
2014-09-18,28.129999,28.26,27.83,27.860001,973000,26.295996
2014-09-19,27.98,28.07,27.83,27.84,2400500,26.277119
2014-09-22,27.719999,27.870001,27.610001,27.639999,1854600,26.088346
2014-09-23,27.6,27.85,27.389999,27.4,1708000,25.861819
2014-09-24,27.42,27.77,27.209999,27.27,1288400,25.739118
2014-09-25,27.26,27.35,27.049999,27.18,1206900,25.65417
2014-09-26,27.139999,27.51,26.969999,27.450001,992300,25.909013
2014-09-29,27.25,27.35,27.049999,27.33,1084700,25.795749
2014-09-30,27.370001,27.440001,27.110001,27.25,1405000,25.72024
2014-10-01,27.26,27.48,27.15,27.27,1600200,25.739118
2014-10-02,27.41,27.559999,27.219999,27.360001,1107100,25.824065
2014-10-03,27.52,27.57,27.26,27.4,868700,25.861819
2014-10-06,27.48,27.75,27.4,27.530001,1093400,25.984522
2014-10-07,27.51,27.799999,27.41,27.459999,1393700,25.91845
2014-10-08,27.309999,27.809999,27.18,27.799999,1515000,26.490182
2014-10-09,27.809999,28.209999,27.790001,27.93,2129500,26.614058
2014-10-10,28.02,28.290001,27.870001,27.9,1482000,26.58547
2014-10-13,27.950001,28.370001,27.870001,28.049999,1471900,26.728403
2014-10-14,28.120001,29.049999,28.07,28.84,2754700,27.481182
2014-10-15,28.65,29.25,28.620001,29.15,3487400,27.776576
2014-10-16,28.91,29.120001,28.59,28.82,2608400,27.462124
2014-10-17,29.07,29.1,28.360001,28.52,2286300,27.176259
2014-10-20,28.49,29.139999,28.49,29.129999,1224300,27.757518
2014-10-21,29.209999,29.209999,28.82,29.17,2036700,27.795634
2014-10-22,29.200001,29.360001,29.049999,29.299999,1198400,27.919508
2014-10-23,29.51,29.68,29.309999,29.6,1387300,28.205374
2014-10-24,29.6,29.66,29.110001,29.33,1481700,27.948095
2014-10-27,29.34,29.620001,29.219999,29.549999,1030800,28.157729
2014-10-28,29.559999,29.58,29.290001,29.58,1372800,28.186316
2014-10-29,29.59,29.620001,29.16,29.540001,1723400,28.148202
2014-10-30,29.459999,29.719999,29.35,29.66,1326700,28.262547
2014-10-31,29.76,30.23,29.66,30.23,1962800,28.805691
2014-11-03,30.309999,30.74,30.27,30.709999,1500800,29.263075
2014-11-04,30.6,30.809999,30.379999,30.790001,1259700,29.339307
2014-11-05,30.889999,30.98,30.299999,30.5,1121100,29.06297
2014-11-06,30.48,30.719999,30.18,30.26,1355700,28.834278
2014-11-07,30.25,30.43,30.120001,30.18,1361000,28.758047
2014-11-10,30.15,30.610001,30.01,30.610001,1218900,29.167788
2014-11-11,30.610001,30.639999,30.219999,30.530001,1039400,29.091557
2014-11-12,30.49,30.5,29.98,30.16,1907700,28.738989
2014-11-13,30.26,30.450001,30.059999,30.26,1239600,28.834278
2014-11-14,30.27,30.360001,29.780001,29.870001,915800,28.462654
2014-11-17,29.85,30.15,29.799999,30.049999,1272700,28.634171
2014-11-18,30.110001,30.200001,29.950001,30.08,1392600,28.662758
2014-11-19,30.0,30.18,29.610001,29.66,1336700,28.262547
2014-11-20,29.65,29.700001,29.469999,29.65,1069500,28.253018
2014-11-21,29.870001,30.1,29.709999,29.99,1456300,28.576999
2014-11-24,30.1,30.299999,30.02,30.219999,1371500,28.796162
2014-11-25,30.23,30.379999,30.08,30.209999,1557200,28.786633
2014-11-26,30.26,30.809999,30.129999,30.690001,1267100,29.244018
2014-11-28,30.719999,31.190001,30.549999,30.780001,751400,29.329778
2014-12-01,30.780001,31.08,30.549999,30.709999,1608000,29.263075
2014-12-02,30.67,30.99,30.469999,30.969999,1466700,29.510825
2014-12-03,30.969999,31.01,30.620001,30.73,1373000,29.282133
2014-12-04,30.73,30.83,30.559999,30.77,1136500,29.320249
2014-12-05,30.66,30.67,30.35,30.58,973800,29.139201
2014-12-08,30.58,31.129999,30.58,30.950001,1214300,29.491768
2014-12-09,30.84,31.290001,30.780001,31.1,1301600,29.634701
2014-12-10,31.049999,31.34,30.959999,31.27,1136900,29.796691
2014-12-11,31.42,31.57,31.200001,31.5,1487700,30.015854
2014-12-12,31.450001,31.559999,31.07,31.07,1401900,29.606114
2014-12-15,31.09,31.299999,30.43,30.450001,2210400,29.015326
2014-12-16,30.459999,30.68,29.959999,30.459999,2149200,29.024854
2014-12-17,30.530001,31.040001,30.389999,31.030001,1966600,29.567999
2014-12-18,31.18,31.299999,30.98,31.07,1554500,29.606114
2014-12-19,31.030001,31.309999,31.030001,31.08,3417100,29.615643
2014-12-22,31.16,31.75,31.09,31.74,1176600,30.244546
2014-12-23,31.799999,31.93,31.440001,31.59,728300,30.101614
2014-12-24,31.549999,31.780001,31.4,31.459999,490400,29.977738
2014-12-26,31.5,31.700001,31.42,31.57,467100,30.082556
2014-12-29,31.49,31.85,31.440001,31.58,913300,30.092085
2014-12-30,31.549999,31.809999,31.459999,31.51,712300,30.025383
2014-12-31,31.610001,31.84,30.780001,30.82,1238800,29.367893
2015-01-02,31.0,31.440001,30.82,31.370001,1071500,29.89198
2015-01-05,31.26,31.799999,31.17,31.700001,1784700,30.206432
2015-01-06,31.82,32.130001,31.6,31.879999,2513900,30.377949
2015-01-07,31.98,32.150002,31.65,32.099998,3551300,30.587583
2015-01-08,31.889999,31.950001,31.610001,31.9,2929200,30.645224
2015-01-09,31.940001,32.25,31.809999,32.009998,2110200,30.750896
2015-01-12,32.110001,32.419998,32.060001,32.380001,1375100,31.106345
2015-01-13,32.419998,32.419998,31.98,32.09,2104500,30.827751
2015-01-14,31.9,32.490002,31.879999,32.400002,1960900,31.125559
2015-01-15,32.599998,32.790001,32.439999,32.75,2022700,31.46179
2015-01-16,32.740002,33.169998,32.59,33.119999,1308800,31.817235
2015-01-20,33.310001,33.43,32.669998,32.810001,1610700,31.519431
2015-01-21,32.790001,32.830002,32.59,32.75,1571600,31.46179
2015-01-22,32.82,33.630001,32.77,33.630001,1501200,32.307177
2015-01-23,33.66,33.799999,33.540001,33.66,1629800,32.335995
2015-01-26,33.650002,34.099998,33.540001,34.049999,3210300,32.710654
2015-01-27,33.93,34.389999,33.93,34.380001,2000300,33.027676
2015-01-28,34.5,34.880001,34.23,34.25,2855100,32.902788
2015-01-29,34.25,34.360001,33.75,33.970001,1557900,32.633803
2015-01-30,33.869999,34.029999,33.259998,33.259998,2192100,31.951728
2015-02-02,33.25,33.369999,32.490002,33.279999,2076200,31.970942
2015-02-03,33.290001,33.389999,32.369999,33.380001,2366200,32.06701
2015-02-04,33.279999,33.450001,32.810001,33.169998,1846700,31.865268
2015-02-05,33.330002,33.48,33.119999,33.48,1597000,32.163075
2015-02-06,33.41,33.43,32.209999,32.400002,1951600,31.125559
2015-02-09,32.400002,32.619999,32.139999,32.150002,1747000,30.885392
2015-02-10,32.16,32.349998,31.879999,32.310001,1620700,31.039099
2015-02-11,32.279999,32.560001,31.98,32.18,1474000,30.914211
2015-02-12,32.259998,32.73,32.139999,32.669998,1688600,31.384935
2015-02-13,32.68,32.68,32.150002,32.450001,1293800,31.173591
2015-02-17,32.450001,32.720001,32.310001,32.419998,1843000,31.144769
2015-02-18,32.450001,32.73,32.189999,32.669998,2233200,31.384935
2015-02-19,32.57,32.580002,31.73,31.83,1567600,30.577978
2015-02-20,31.77,32.23,31.690001,32.189999,1382600,30.923816
2015-02-23,32.25,32.57,32.25,32.560001,1489800,31.279265
2015-02-24,32.5,32.5,31.450001,31.620001,1787300,30.376239
2015-02-25,31.66,32.27,31.629999,31.799999,1714200,30.549157
2015-02-26,31.809999,31.84,31.41,31.49,1446000,30.251352
2015-02-27,31.52,31.99,31.41,31.940001,2075300,30.683652
2015-03-02,31.92,32.529999,31.809999,32.34,1656600,31.067917
2015-03-03,32.209999,32.34,31.969999,32.220001,1616100,30.952639
2015-03-04,32.23,32.34,32.07,32.200001,1726200,30.933425
2015-03-05,32.07,32.549999,32.07,32.25,2052400,30.981457
2015-03-06,31.6,31.639999,31.4,31.6,2832700,30.357025
2015-03-09,31.719999,31.950001,31.57,31.889999,2289300,30.635617
2015-03-10,31.809999,31.969999,31.66,31.76,3910200,30.510732
2015-03-11,31.77,32.02,31.66,31.950001,1736800,30.693259
2015-03-12,32.110001,32.810001,32.060001,32.75,2967000,31.46179
2015-03-13,32.830002,33.060001,32.599998,33.0,2525500,31.701956
2015-03-16,33.360001,33.82,33.169998,33.689999,2074500,32.364814
2015-03-17,33.610001,33.759998,33.419998,33.650002,1851600,32.32639
2015-03-18,33.639999,34.450001,33.509998,34.34,2102700,32.989248
2015-03-19,34.200001,34.619999,34.16,34.25,1997300,32.902788
2015-03-20,34.5,35.209999,34.360001,35.16,3960500,33.776993
2015-03-23,35.16,35.490002,35.02,35.220001,1339600,33.834635
2015-03-24,35.150002,35.259998,34.740002,34.75,1593700,33.383121
2015-03-25,34.84,34.889999,33.900002,33.939999,1181000,32.60498
2015-03-26,33.919998,34.110001,33.650002,33.77,1121200,32.441669
2015-03-27,33.790001,34.150002,33.700001,33.91,2101500,32.576162
2015-03-30,34.09,34.43,33.810001,34.400002,1646100,33.046889
2015-03-31,34.34,34.639999,34.02,34.029999,1956900,32.691441
2015-04-01,34.029999,34.139999,33.52,33.73,1449200,32.403242
2015-04-02,33.709999,34.169998,33.610001,33.98,1313500,32.643408
2015-04-06,34.099998,34.360001,34.040001,34.169998,1874000,32.825933
2015-04-07,34.130001,34.18,33.619999,33.639999,1205100,32.316782
2015-04-08,33.66,33.950001,33.599998,33.880001,1159000,32.547343
2015-04-09,33.75,33.889999,32.759998,32.91,1161700,31.615496
2015-04-10,33.099998,33.369999,32.919998,32.990002,1178100,31.692351
2015-04-13,32.939999,33.110001,32.75,32.75,1409800,31.46179
2015-04-14,32.619999,33.07,32.580002,32.720001,1285200,31.702075
2015-04-15,32.77,32.970001,32.349998,32.360001,1151100,31.353274
2015-04-16,32.299999,32.740002,32.18,32.59,860900,31.576118
2015-04-17,32.450001,32.68,32.259998,32.580002,1089400,31.566431
2015-04-20,32.650002,32.740002,32.41,32.560001,969300,31.547052
2015-04-21,32.709999,32.990002,32.66,32.73,796600,31.711762
2015-04-22,32.759998,33.400002,32.73,33.189999,1250700,32.15745
2015-04-23,33.16,33.41,33.060001,33.34,1063600,32.302785
2015-04-24,33.310001,33.709999,33.209999,33.509998,1580900,32.467495
2015-04-27,33.630001,33.799999,33.459999,33.650002,2111500,32.603142
2015-04-28,33.810001,34.009998,33.549999,33.849998,2072800,32.796917
2015-04-29,33.470001,33.799999,33.029999,33.43,2494900,32.389985
2015-04-30,33.349998,33.470001,32.490002,32.77,3450900,31.750518
2015-05-01,32.82,33.419998,32.75,32.950001,1777100,31.924919
2015-05-04,33.279999,33.68,33.119999,33.200001,1494100,32.167141
2015-05-05,33.130001,33.189999,32.130001,32.279999,1658500,31.275761
2015-05-06,32.32,32.549999,32.119999,32.27,1834600,31.266073
2015-05-07,32.389999,33.130001,32.32,33.009998,1565100,31.98305
2015-05-08,33.48,33.959999,33.43,33.549999,1516500,32.506251
2015-05-11,33.450001,33.630001,32.73,32.82,1576100,31.798962
2015-05-12,32.610001,33.16,32.310001,33.049999,867900,32.021806
2015-05-13,33.189999,33.48,32.470001,32.540001,1267000,31.527674
2015-05-14,32.68,33.130001,32.66,33.09,1201600,32.060563
2015-05-15,33.209999,33.509998,33.060001,33.360001,1064000,32.322163
2015-05-18,33.209999,33.330002,33.009998,33.09,1022900,32.060563
2015-05-19,32.959999,33.150002,32.799999,32.93,1915200,31.905541
2015-05-20,32.799999,33.279999,32.799999,33.009998,1277300,31.98305
2015-05-21,33.119999,33.130001,32.689999,32.82,912500,31.798962
2015-05-22,32.73,33.09,32.599998,32.900002,732900,31.876475
2015-05-26,32.880001,32.880001,32.490002,32.610001,1049900,31.595496
2015-05-27,32.720001,33.220001,32.549999,33.189999,1127200,32.15745
2015-05-28,33.189999,33.240002,32.939999,33.119999,1502400,32.089628
2015-05-29,33.0,33.040001,32.48,32.560001,4267500,31.547052
2015-06-01,32.630001,33.200001,32.450001,33.119999,2151000,32.089628
2015-06-02,32.970001,33.099998,32.450001,32.509998,1510300,31.498605
2015-06-03,32.48,32.700001,31.690001,31.77,1674600,30.781629
2015-06-04,31.76,31.940001,31.52,31.719999,1047900,30.733183
2015-06-05,31.32,31.93,31.049999,31.709999,1852700,30.723494
2015-06-08,31.76,31.91,31.52,31.73,862500,30.742872
2015-06-09,31.67,31.91,31.549999,31.620001,1099600,30.636295
2015-06-10,31.59,32.119999,31.43,31.92,1371700,30.926962
2015-06-11,32.119999,32.400002,32.049999,32.400002,1664000,31.39203
2015-06-12,32.580002,32.740002,32.349998,32.549999,2297300,31.537361
2015-06-15,32.459999,32.709999,32.240002,32.59,2234000,31.576118
2015-06-16,32.630001,33.029999,32.509998,32.790001,2393000,31.769897
2015-06-17,32.849998,33.080002,32.439999,33.009998,1476400,31.98305
2015-06-18,33.040001,33.740002,33.040001,33.639999,1505800,32.593451
2015-06-19,33.560001,33.619999,33.220001,33.27,2294900,32.234963
2015-06-22,33.349998,33.59,32.91,32.93,2692400,31.905541
2015-06-23,32.849998,32.98,32.549999,32.610001,2562900,31.595496
2015-06-24,32.66,33.009998,32.509998,32.549999,2198700,31.537361
2015-06-25,32.610001,32.790001,32.369999,32.369999,1657200,31.362961
2015-06-26,32.369999,32.799999,32.240002,32.59,2831200,31.576118
2015-06-29,32.57,32.970001,32.150002,32.169998,2103000,31.169182
2015-06-30,32.509998,32.630001,32.009998,32.029999,2747700,31.033538
2015-07-01,32.130001,32.669998,31.98,32.669998,2473000,31.653627
2015-07-02,32.889999,33.27,32.75,32.860001,1898300,31.837719
2015-07-06,32.720001,33.02,32.650002,32.959999,1591900,31.934606
2015-07-07,33.099998,33.529999,33.080002,33.380001,3817300,32.341542
2015-07-08,33.060001,33.25,32.950001,33.099998,2125100,32.339586
2015-07-09,33.23,33.259998,32.869999,32.990002,1767600,32.232116
2015-07-10,33.130001,33.400002,32.950001,33.029999,1739500,32.271195
2015-07-13,33.299999,33.560001,32.91,33.02,1299300,32.261426
2015-07-14,33.119999,33.700001,32.810001,33.27,921700,32.505683
2015-07-15,33.41,33.419998,33.080002,33.330002,1393200,32.564306
2015-07-16,33.459999,33.990002,33.389999,33.509998,869500,32.740167
2015-07-17,33.52,33.52,33.200001,33.34,710400,32.574074
2015-07-20,33.23,33.57,33.200001,33.57,1376700,32.79879
2015-07-21,33.639999,33.880001,33.389999,33.41,1142900,32.642466
2015-07-22,33.400002,33.740002,33.400002,33.66,1112400,32.886723
2015-07-23,33.630001,33.639999,33.16,33.41,1673900,32.642466
2015-07-24,33.549999,33.619999,33.34,33.470001,1163100,32.701089
2015-07-27,33.52,33.830002,33.389999,33.439999,1959700,32.671776
2015-07-28,33.470001,33.810001,33.07,33.380001,2399800,32.613156
2015-07-29,33.380001,33.380001,33.009998,33.369999,1286700,32.603384
2015-07-30,33.279999,33.439999,33.139999,33.419998,1171200,32.652235
2015-07-31,33.849998,34.060001,33.689999,33.810001,2038000,33.033278
2015-08-03,33.889999,34.220001,33.77,34.220001,1589100,33.433859
2015-08-04,34.18,34.52,34.009998,34.099998,1480200,33.316613
2015-08-05,34.119999,34.169998,33.639999,33.950001,1406300,33.170061
2015-08-06,33.919998,34.150002,33.529999,34.119999,1512300,33.336154
2015-08-07,34.07,34.41,33.77,34.349998,1398200,33.56087
2015-08-10,34.450001,34.490002,34.080002,34.349998,1216700,33.56087
2015-08-11,34.290001,34.790001,34.009998,34.779999,1731500,33.980992
2015-08-12,34.66,34.880001,34.48,34.869999,1748500,34.068924
2015-08-13,34.759998,34.939999,34.43,34.830002,1341500,34.029846
2015-08-14,34.740002,34.810001,34.150002,34.810001,1595500,34.010305
2015-08-17,34.82,35.439999,34.619999,35.439999,1766700,34.625829
2015-08-18,35.330002,35.68,35.279999,35.669998,2791200,34.850545
2015-08-19,35.049999,35.34,34.950001,35.080002,3239800,34.274103
2015-08-20,34.790001,35.150002,34.349998,34.889999,2305400,34.088465
2015-08-21,34.619999,34.77,33.880001,33.880001,2139800,33.10167
2015-08-24,30.030001,33.110001,30.030001,32.080002,3421800,31.343022
2015-08-25,32.470001,32.619999,31.1,31.139999,2690500,30.424615
2015-08-26,31.639999,32.07,31.23,31.99,2592600,31.255088
2015-08-27,32.189999,32.919998,31.9,32.77,2005600,32.017169
2015-08-28,32.700001,32.919998,32.400002,32.810001,1352000,32.056251
2015-08-31,32.759998,32.990002,32.299999,32.299999,3637700,31.557966
2015-09-01,31.629999,32.130001,31.280001,31.52,1744600,30.795886
2015-09-02,31.780001,31.969999,31.41,31.76,1314800,31.030372
2015-09-03,31.860001,32.099998,31.709999,31.780001,898600,31.049913
2015-09-04,31.51,31.540001,30.92,31.16,948000,30.444156
2015-09-08,31.75,31.75,31.25,31.610001,1195300,30.883818
2015-09-09,31.959999,32.990002,31.15,31.190001,1136200,30.473467
2015-09-10,31.139999,31.75,31.049999,31.370001,1088300,30.649332
2015-09-11,31.35,32.290001,31.24,32.279999,1356900,31.538425
2015-09-14,32.369999,32.400002,32.02,32.169998,1032500,31.430951
2015-09-15,32.27,32.950001,32.02,32.84,1887200,32.085561
2015-09-16,32.790001,33.34,32.029999,33.25,1254300,32.486142
2015-09-17,33.25,34.110001,33.0,33.529999,1948700,32.759708
2015-09-18,33.080002,34.349998,33.060001,33.700001,2649700,32.925805
2015-09-21,33.790001,34.220001,33.740002,34.040001,1762400,33.257994
2015-09-22,33.860001,34.029999,33.619999,33.709999,1593300,32.935573
2015-09-23,33.810001,34.09,33.619999,33.91,1298000,33.130979
2015-09-24,33.860001,34.09,33.279999,33.619999,1693400,32.847641
2015-09-25,33.68,34.150002,33.509998,33.790001,1687700,33.013737
2015-09-28,33.709999,33.779999,33.080002,33.470001,1637400,32.701089
2015-09-29,33.540001,34.389999,33.360001,34.200001,2264300,33.414318
2015-09-30,34.580002,34.639999,34.150002,34.48,2706700,33.687884
2015-10-01,34.599998,34.779999,34.259998,34.68,1661800,33.88329
2015-10-02,34.369999,35.060001,34.360001,35.029999,1827400,34.225248
2015-10-05,35.360001,35.419998,34.959999,35.290001,1455700,34.479277
2015-10-06,35.23,35.490002,34.849998,34.970001,1331900,34.166629
2015-10-07,34.860001,35.130001,34.639999,35.110001,2350700,34.578297
2015-10-08,35.110001,35.419998,34.23,35.240002,2258900,34.70633
2015-10-09,35.209999,35.419998,34.990002,35.400002,1512700,34.863906
2015-10-12,35.459999,35.880001,35.369999,35.830002,1548300,35.287395
2015-10-13,35.689999,35.830002,35.299999,35.419998,1045600,34.8836
2015-10-14,35.5,35.52,34.880001,34.950001,1161600,34.42072
2015-10-15,35.09,35.970001,35.09,35.57,1341100,35.03133
2015-10-16,35.650002,35.900002,35.509998,35.779999,1536100,35.238149
2015-10-19,35.740002,36.41,35.650002,36.41,1016700,35.858609
2015-10-20,36.369999,37.0,35.860001,35.98,1691200,35.435121
2015-10-21,36.139999,36.380001,35.700001,36.029999,1280400,35.484363
2015-10-22,36.18,36.310001,35.639999,35.77,2771500,35.228302
2015-10-23,35.790001,37.200001,35.380001,35.57,1817400,35.03133
2015-10-26,35.650002,35.73,35.27,35.66,1814800,35.119967
2015-10-27,36.040001,36.400002,35.189999,35.41,2059100,34.873753
2015-10-28,35.57,36.470001,34.619999,35.279999,2099900,34.745721
2015-10-29,35.150002,35.34,34.82,35.169998,1358000,34.637386
2015-10-30,35.23,35.360001,34.310001,34.459999,2186100,33.938139
2015-11-02,34.700001,35.41,34.25,35.389999,1671700,34.854056
2015-11-03,35.290001,35.290001,34.669998,34.939999,1436900,34.41087
2015-11-04,35.02,35.099998,34.779999,34.990002,997200,34.460116
2015-11-05,34.93,35.299999,34.75,35.27,862300,34.735874
2015-11-06,34.959999,35.5,33.799999,34.080002,1375600,33.563897
2015-11-09,33.650002,33.93,33.18,33.77,1492200,33.25859
2015-11-10,33.630001,34.279999,33.57,34.189999,1495800,33.672228
2015-11-11,34.189999,34.720001,34.119999,34.57,1135500,34.046474
2015-11-12,34.490002,34.759998,34.27,34.490002,1590200,33.967687
2015-11-13,34.549999,34.740002,33.950001,34.529999,1378100,34.007079
2015-11-16,34.549999,35.099998,34.09,35.060001,1270100,34.529055
2015-11-17,34.950001,35.580002,34.919998,35.5,1331100,34.96239
2015-11-18,35.580002,35.66,35.060001,35.490002,2062600,34.952544
2015-11-19,35.57,36.0,35.400002,35.82,1330000,35.277544
2015-11-20,35.990002,36.509998,35.900002,36.470001,1717900,35.917702
2015-11-23,36.470001,36.84,36.450001,36.720001,1147600,36.163916
2015-11-24,36.419998,36.66,36.099998,36.490002,1566800,35.9374
2015-11-25,36.560001,37.27,36.450001,37.139999,1718800,36.577554
2015-11-27,37.029999,37.889999,36.610001,37.720001,1218700,37.148772
2015-11-30,37.810001,37.959999,36.810001,36.91,7045000,36.351037
2015-12-01,37.07,37.389999,36.990002,37.310001,1745700,36.744981
2015-12-02,37.32,37.360001,36.560001,36.639999,1615200,36.085126
2015-12-03,36.610001,36.810001,35.939999,36.040001,1644200,35.494214
2015-12-04,36.110001,36.959999,36.110001,36.73,1386900,36.173763
2015-12-07,36.740002,36.900002,36.32,36.419998,1190600,35.868456
2015-12-08,36.41,36.669998,36.23,36.310001,1226600,35.760125
2015-12-09,36.119999,36.43,35.759998,35.900002,1084700,35.356334
2015-12-10,35.970001,36.099998,35.16,35.700001,1676900,35.159362
2015-12-11,35.57,36.02,35.48,35.91,1852700,35.366181
2015-12-14,35.84,36.610001,35.619999,36.5,2537600,35.947247
2015-12-15,36.700001,36.939999,36.580002,36.610001,1594300,36.055581
2015-12-16,36.779999,37.330002,36.549999,37.279999,1329100,36.715433
2015-12-17,37.02,37.200001,36.049999,36.57,2307700,36.016186
2015-12-18,36.509998,36.610001,36.23,36.360001,2850200,35.809367
2015-12-21,36.619999,36.790001,36.189999,36.48,1187600,35.927549
2015-12-22,36.639999,36.98,36.450001,36.509998,2295300,35.957093
2015-12-23,36.599998,36.959999,36.540001,36.950001,964500,36.390433
2015-12-24,36.91,37.02,36.639999,36.93,442600,36.370735
2015-12-28,36.860001,37.419998,36.740002,37.419998,977900,36.853312
2015-12-29,37.59,38.049999,37.580002,37.889999,967900,37.316196
2015-12-30,37.900002,38.07,37.720001,37.759998,816700,37.188164
2015-12-31,37.82,37.990002,36.919998,37.57,1635600,37.001042
2016-01-04,37.52,37.57,36.66,36.970001,1655700,36.41013
2016-01-05,36.970001,37.630001,36.950001,37.439999,1052300,36.87301
2016-01-06,37.09,37.470001,36.919998,37.169998,1234500,36.607098
2016-01-07,36.25,36.75,36.25,36.470001,1973900,36.188362
2016-01-08,36.669998,36.75,35.91,35.990002,2275100,35.712069
2016-01-11,36.099998,36.75,36.060001,36.400002,1608200,36.118903
2016-01-12,36.439999,36.529999,35.75,36.02,1936600,35.741836
2016-01-13,36.09,36.549999,35.84,35.990002,2057500,35.712069
2016-01-14,36.060001,36.290001,35.439999,35.439999,1734800,35.166313
2016-01-15,34.630001,35.860001,34.630001,35.779999,1814000,35.503688
2016-01-19,35.84,36.25,35.549999,35.849998,1976000,35.573147
2016-01-20,35.59,36.310001,34.189999,34.860001,2513500,34.590794
2016-01-21,34.98,35.27,34.5,34.77,1540700,34.501489
2016-01-22,35.220001,35.849998,34.959999,35.709999,1328000,35.434229
2016-01-25,35.740002,36.080002,35.27,35.41,1756400,35.136546
2016-01-26,35.470001,36.549999,35.439999,36.549999,1681100,36.267742
2016-01-27,36.509998,36.509998,35.25,35.560001,1893200,35.285389
2016-01-28,35.68,35.91,34.91,35.040001,1879100,34.769405
2016-01-29,35.360001,35.68,34.75,35.59,3071800,35.315156
2016-02-01,35.34,36.610001,35.209999,36.150002,2510900,35.870833
2016-02-02,36.279999,36.450001,35.34,35.48,2842400,35.206005
2016-02-03,35.860001,36.82,35.599998,36.360001,2650700,36.079211
2016-02-04,36.16,37.189999,35.82,36.77,2820900,36.486044
2016-02-05,36.77,36.82,34.959999,35.02,2092800,34.749559
2016-02-08,34.93,35.810001,33.560001,33.900002,2186900,33.638209
2016-02-09,33.59,34.189999,33.349998,33.419998,2115900,33.161912
2016-02-10,33.540001,34.299999,33.540001,33.919998,1520300,33.658051
2016-02-11,33.32,33.52,32.900002,33.150002,1387900,32.894001
2016-02-12,33.41,33.509998,32.91,33.389999,2008600,33.132145
2016-02-16,33.82,33.900002,33.32,33.860001,2149200,33.598517
2016-02-17,34.029999,34.34,33.630001,33.650002,2026100,33.390139
2016-02-18,33.73,34.139999,33.560001,33.900002,1453300,33.638209
2016-02-19,33.68,34.400002,33.5,34.16,2051800,33.896199
2016-02-22,34.400002,34.830002,34.240002,34.400002,927100,34.134348
2016-02-23,34.209999,34.82,33.82,34.240002,752100,33.975583
2016-02-24,34.040001,34.139999,33.349998,33.689999,1592400,33.429828
2016-02-25,33.950001,34.540001,33.849998,34.529999,1668700,34.263341
2016-02-26,34.509998,34.619999,34.110001,34.369999,1202500,34.104577
2016-02-29,34.419998,35.09,34.330002,34.330002,1744200,34.064888
2016-03-01,34.48,35.650002,34.330002,35.639999,1386400,35.36477
2016-03-02,35.509998,36.32,34.619999,36.169998,1677900,35.890675
2016-03-03,36.259998,36.549999,35.700001,36.529999,1429600,36.247896
2016-03-04,36.41,36.41,34.759998,34.759998,53725900,34.491564
2016-03-07,35.18,36.119999,34.98,35.84,4356600,35.563226
2016-03-08,35.919998,36.0,35.25,35.380001,3223300,35.106779
2016-03-09,35.439999,36.02,35.130001,35.77,2387800,35.493767
2016-03-10,36.060001,36.200001,35.240002,35.689999,1878000,35.414383
2016-03-11,36.150002,36.43,35.990002,36.419998,2252300,36.138745
2016-03-14,36.41,37.099998,36.220001,36.439999,1815400,36.158591
2016-03-15,36.389999,37.139999,36.389999,37.060001,2033100,36.773806
2016-03-16,36.889999,37.470001,36.810001,37.380001,1415900,37.091334
2016-03-17,37.290001,38.209999,37.25,38.099998,1965400,37.805771
2016-03-18,38.130001,38.34,37.740002,37.799999,5982500,37.508089
2016-03-21,37.599998,37.91,37.290001,37.41,1994200,37.121101
2016-03-22,37.259998,37.669998,37.18,37.470001,1299900,37.180639
2016-03-23,37.470001,37.619999,37.169998,37.189999,1124600,36.902799
2016-03-24,37.07,37.189999,36.740002,37.049999,1003400,36.763881
2016-03-28,37.07,37.599998,37.049999,37.509998,865900,37.220327
2016-03-29,37.439999,38.150002,37.389999,38.099998,1608000,37.805771
2016-03-30,38.240002,38.529999,38.040001,38.25,989600,37.954614
2016-03-31,38.209999,38.599998,38.07,38.529999,1387400,38.232451
2016-04-01,38.439999,38.57,38.119999,38.380001,1165000,38.083612
2016-04-04,38.48,38.610001,38.369999,38.560001,1202200,38.262222
2016-04-05,38.330002,38.529999,37.990002,38.200001,1280800,37.905001
2016-04-06,38.080002,38.41,37.950001,38.200001,1563600,37.905001
2016-04-07,37.759998,37.939999,37.169998,37.700001,2102000,37.700001
2016-04-08,37.950001,38.310001,37.630001,37.669998,887200,37.669998
2016-04-11,37.310001,37.419998,36.709999,36.720001,2307700,36.720001
2016-04-12,36.779999,37.029999,36.48,36.900002,1493700,36.900002
2016-04-13,37.16,37.16,36.02,36.110001,2067600,36.110001
2016-04-14,35.919998,36.049999,35.200001,35.529999,1970200,35.529999
2016-04-15,35.529999,36.389999,35.349998,36.290001,1734200,36.290001
2016-04-18,36.290001,36.66,36.09,36.619999,1725600,36.619999
2016-04-19,36.630001,36.799999,36.529999,36.790001,1623500,36.790001
2016-04-20,36.82,36.880001,35.759998,35.82,1570500,35.82
2016-04-21,35.810001,36.209999,35.380001,35.470001,1408000,35.470001
2016-04-22,35.720001,36.029999,35.509998,36.0,1704000,36.0
2016-04-25,35.779999,36.490002,35.740002,36.48,1584600,36.48
2016-04-26,36.5,37.209999,35.720001,36.119999,2969700,36.119999
2016-04-27,35.91,36.080002,34.990002,35.32,3207300,35.32
2016-04-28,35.200001,35.73,35.049999,35.220001,1816400,35.220001
2016-04-29,34.970001,35.18,34.23,34.919998,2578900,34.919998
2016-05-02,34.950001,35.43,34.790001,35.299999,1907300,35.299999
2016-05-03,35.130001,35.580002,34.93,35.5,2517500,35.5
2016-05-04,35.290001,36.330002,35.169998,36.169998,2024300,36.169998
2016-05-05,36.110001,36.700001,35.970001,36.509998,1499600,36.509998
2016-05-06,36.400002,37.009998,36.099998,36.91,1408300,36.91
2016-05-09,37.0,37.27,36.830002,37.220001,995400,37.220001
2016-05-10,37.32,37.66,37.0,37.369999,1576900,37.369999
2016-05-11,37.290001,37.290001,36.330002,36.66,1482600,36.66
2016-05-12,36.59,36.919998,36.240002,36.810001,1238300,36.810001
2016-05-13,36.740002,36.740002,36.220001,36.279999,1762900,36.279999
2016-05-16,36.279999,36.700001,36.130001,36.560001,1046400,36.560001
2016-05-17,36.450001,36.450001,35.919998,36.110001,1506500,36.110001
2016-05-18,35.98,36.080002,35.240002,35.73,1391500,35.73
2016-05-19,35.369999,35.450001,35.02,35.299999,1199900,35.299999
2016-05-20,35.5,35.599998,35.200001,35.52,1532100,35.52
2016-05-23,35.59,35.720001,35.470001,35.630001,826700,35.630001
2016-05-24,35.869999,36.279999,35.830002,36.009998,1022400,36.009998
2016-05-25,36.16,36.259998,35.689999,36.18,909000,36.18
2016-05-26,35.970001,35.990002,35.369999,35.919998,1304800,35.919998
2016-05-27,35.98,36.34,35.669998,36.16,1125000,36.16
2016-05-31,36.150002,36.360001,35.639999,36.029999,1875000,36.029999
2016-06-01,35.740002,35.740002,34.900002,35.029999,2717900,35.029999
2016-06-02,35.029999,35.169998,34.669998,35.139999,1807000,35.139999
2016-06-03,35.34,35.549999,34.080002,34.200001,3731900,34.200001
2016-06-06,33.93,34.049999,33.16,33.419998,2768700,33.419998
2016-06-07,33.52,33.779999,33.290001,33.419998,2514000,33.419998
2016-06-08,33.299999,33.669998,32.970001,33.560001,1692400,33.560001
2016-06-09,33.549999,34.02,33.48,33.709999,1941600,33.709999
2016-06-10,33.400002,33.77,33.07,33.740002,2074600,33.740002
2016-06-13,33.82,34.189999,33.689999,34.060001,2555500,34.060001
