Date,Open_WDC,High_WDC,Low_WDC,Close_WDC,Volume_WDC,AdjClose_WDC
2013-06-14,64.480003,64.660004,63.66,63.880001,1466500,59.887151
2013-06-17,64.529999,65.0,64.099998,64.650002,1849000,60.609022
2013-06-18,64.870003,65.25,64.599998,64.669998,2286600,60.627769
2013-06-19,64.639999,64.790001,63.509998,63.57,4052600,59.596526
2013-06-20,62.84,62.849998,60.970001,61.490002,3366900,57.646539
2013-06-21,61.34,61.650002,59.990002,60.189999,4040100,56.427794
2013-06-24,59.610001,59.799999,58.040001,58.540001,2394400,54.88093
2013-06-25,59.330002,60.27,58.970001,60.060001,2197100,56.305922
2013-06-26,60.509998,61.400002,60.34,60.709999,2457500,57.153189
2013-06-27,61.889999,63.130001,61.419998,62.619999,2618700,58.951288
2013-06-28,62.32,62.869999,61.650002,62.09,4392500,58.45234
2013-07-01,62.09,63.5,62.09,63.060001,1806000,59.365512
2013-07-02,62.759998,63.560001,62.419998,63.18,2157000,59.47848
2013-07-03,62.889999,63.810001,62.560001,63.209999,951900,59.506721
2013-07-05,63.799999,64.730003,63.330002,64.510002,1857000,60.730561
2013-07-08,64.610001,65.339996,64.589996,65.220001,2364700,61.398964
2013-07-09,66.029999,66.300003,64.779999,66.199997,2085900,62.321545
2013-07-10,66.230003,67.269997,66.010002,67.230003,2491400,63.291206
2013-07-11,68.07,68.639999,66.690002,67.019997,2506300,63.093503
2013-07-12,67.260002,67.93,67.0,67.860001,2299200,63.884294
2013-07-15,67.910004,68.669998,67.839996,68.239998,1886600,64.242028
2013-07-16,68.449997,68.550003,67.779999,67.889999,1317700,63.912535
2013-07-17,68.43,68.669998,67.709999,68.550003,1096500,64.533871
2013-07-18,68.849998,69.989998,68.589996,69.650002,1742000,65.569424
2013-07-19,69.540001,70.25,69.019997,69.790001,1746800,65.701221
2013-07-22,70.260002,70.610001,69.580002,70.089996,1832700,65.983641
2013-07-23,70.419998,70.5,67.620003,67.830002,2796000,63.856053
2013-07-24,66.269997,67.800003,65.970001,67.529999,3289400,63.573626
2013-07-25,63.5,64.160004,61.490002,63.529999,5316200,59.807973
2013-07-26,63.209999,63.220001,61.709999,62.630001,3384500,58.960704
2013-07-29,62.919998,63.0,62.119999,62.599998,2177400,58.932459
2013-07-30,62.919998,65.300003,62.860001,65.089996,3383200,61.276576
2013-07-31,65.379997,65.650002,64.029999,64.379997,2532300,60.608173
2013-08-01,65.25,66.599998,64.599998,66.440002,2132200,62.547489
2013-08-02,66.010002,66.110001,65.0,65.160004,1633700,61.342481
2013-08-05,65.150002,65.669998,64.529999,64.800003,1287900,61.003572
2013-08-06,64.550003,64.82,63.73,64.459999,1604300,60.683488
2013-08-07,64.400002,64.449997,63.18,63.619999,1880700,59.892701
2013-08-08,64.199997,66.849998,64.190002,66.720001,2567800,62.811083
2013-08-09,66.489998,67.699997,66.440002,67.5,2631200,63.545385
2013-08-12,67.07,68.480003,67.07,68.169998,1680100,64.17613
2013-08-13,68.559998,68.830002,67.769997,68.410004,1935200,64.402074
2013-08-14,68.349998,68.730003,67.93,68.489998,1577200,64.477382
2013-08-15,67.669998,67.739998,65.970001,66.019997,2235900,62.15209
2013-08-16,65.860001,66.0,64.57,64.599998,2320800,60.815285
2013-08-19,64.089996,65.339996,64.040001,64.199997,1820000,60.438718
2013-08-20,64.239998,65.110001,63.709999,65.0,1553700,61.191852
2013-08-21,64.849998,67.239998,64.699997,66.370003,2847000,62.48159
2013-08-22,66.629997,67.580002,66.309998,67.300003,1174500,63.357105
2013-08-23,67.610001,67.629997,65.260002,65.43,2776300,61.59666
2013-08-26,65.510002,65.800003,64.720001,64.800003,1914800,61.003572
2013-08-27,63.93,64.339996,61.279999,61.439999,3187500,57.84042
2013-08-28,61.650002,63.110001,61.389999,62.459999,1620200,58.800662
2013-08-29,62.02,62.02,59.360001,60.720001,3930200,57.162605
2013-08-30,60.93,62.189999,60.299999,62.0,2883100,58.367612
2013-09-03,62.68,64.209999,62.509998,63.259998,2793200,59.553791
2013-09-04,63.369999,64.959999,62.240002,64.849998,2105000,61.050638
2013-09-05,64.599998,65.519997,64.440002,65.099998,1496400,61.285992
2013-09-06,65.190002,65.400002,63.599998,64.989998,1597100,61.182436
2013-09-09,65.0,65.75,64.370003,65.400002,1830800,61.568418
2013-09-10,65.75,66.440002,65.209999,66.089996,2628600,62.217989
2013-09-11,66.110001,66.699997,65.589996,65.839996,2317900,61.982635
2013-09-12,65.620003,65.830002,64.410004,64.480003,1705000,60.70232
2013-09-13,65.059998,65.059998,64.050003,64.360001,1327500,60.589348
2013-09-16,65.959999,66.190002,64.580002,65.019997,1722600,61.210677
2013-09-17,64.989998,65.529999,64.580002,65.089996,1460100,61.276576
2013-09-18,65.0,65.550003,63.900002,64.279999,3214000,60.514033
2013-09-19,64.57,64.800003,63.799999,64.389999,2490000,60.617589
2013-09-20,64.389999,64.709999,63.630001,63.68,2993600,59.949187
2013-09-23,63.240002,63.84,62.630001,63.27,1051500,59.563208
2013-09-24,63.560001,64.93,63.080002,64.68,2007900,60.8906
2013-09-25,64.879997,65.629997,64.099998,65.43,3011400,61.59666
2013-09-26,65.709999,65.730003,62.900002,63.32,2201200,59.838916
2013-09-27,63.040001,63.959999,62.740002,63.32,1367400,59.838916
2013-09-30,62.540001,63.490002,62.0,63.400002,1977100,59.91452
2013-10-01,63.560001,64.410004,63.169998,64.040001,1674500,60.519335
2013-10-02,63.630001,64.620003,62.950001,64.540001,2052100,60.991847
2013-10-03,64.110001,64.660004,63.48,64.150002,1710300,60.623288
2013-10-04,64.18,65.18,63.5,65.029999,1381400,61.454907
2013-10-07,64.239998,64.949997,64.050003,64.400002,1504200,60.859544
2013-10-08,64.529999,65.309998,63.349998,63.380001,1788000,59.895619
2013-10-09,63.52,63.700001,62.400002,63.119999,1312900,59.649911
2013-10-10,63.959999,65.580002,63.66,65.529999,1789400,61.927419
2013-10-11,65.400002,67.099998,64.900002,66.730003,1788300,63.061452
2013-10-14,66.389999,68.910004,66.190002,68.900002,2094800,65.112152
2013-10-15,68.349998,69.389999,68.18,68.32,1958000,64.564036
2013-10-16,68.790001,69.830002,68.360001,69.32,2190700,65.50906
2013-10-17,68.980003,70.919998,68.739998,70.459999,2078900,66.586387
2013-10-18,70.540001,71.830002,69.919998,71.760002,1914700,67.814921
2013-10-21,71.860001,72.349998,71.209999,72.309998,1796600,68.33468
2013-10-22,72.809998,73.480003,71.82,72.230003,2104200,68.259083
2013-10-23,71.919998,71.919998,69.800003,70.110001,2151800,66.25563
2013-10-24,70.190002,70.879997,69.559998,70.540001,2344600,66.661991
2013-10-25,72.449997,74.330002,71.489998,72.629997,3249600,68.637087
2013-10-28,72.660004,72.860001,71.75,72.43,1871700,68.448085
2013-10-29,72.230003,73.860001,71.910004,72.739998,1743200,68.74104
2013-10-30,72.919998,73.389999,72.370003,73.209999,1462200,69.185203
2013-10-31,71.870003,72.510002,69.279999,69.629997,4259100,65.802015
2013-11-01,68.849998,69.900002,68.139999,69.849998,7861300,66.009922
2013-11-04,70.010002,72.510002,70.010002,72.07,3099800,68.107876
2013-11-05,71.669998,71.959999,70.059998,71.190002,2132800,67.276258
2013-11-06,71.809998,72.470001,70.650002,71.370003,1387100,67.446362
2013-11-07,71.720001,72.150002,69.800003,70.230003,2245300,66.369035
2013-11-08,70.339996,72.040001,70.230003,71.669998,1543600,67.729865
2013-11-11,71.260002,71.980003,70.150002,71.559998,1200800,67.625912
2013-11-12,71.489998,72.5,71.489998,72.129997,1634000,68.164575
2013-11-13,71.290001,72.470001,71.040001,72.440002,1476500,68.457538
2013-11-14,72.43,76.089996,72.010002,75.849998,3573600,71.680065
2013-11-15,75.940002,76.099998,73.519997,75.550003,2592600,71.396563
2013-11-18,75.739998,75.839996,74.040001,74.260002,2228900,70.177481
2013-11-19,73.559998,74.68,73.010002,73.610001,2002200,69.563214
2013-11-20,74.080002,74.32,73.669998,73.940002,1368000,69.875073
2013-11-21,74.360001,75.150002,73.760002,74.830002,1756100,70.716144
2013-11-22,75.040001,75.279999,74.099998,75.129997,1716600,70.999647
2013-11-25,75.349998,75.970001,74.779999,74.809998,1430600,70.69724
2013-11-26,75.089996,75.260002,74.209999,74.860001,1441600,70.744494
2013-11-27,75.459999,76.449997,74.900002,76.190002,1341800,72.001377
2013-11-29,76.470001,76.849998,74.809998,75.040001,874200,70.914598
2013-12-02,74.449997,76.0,74.379997,75.440002,1605000,71.292609
2013-12-03,75.150002,75.540001,74.410004,75.529999,1915400,71.377658
2013-12-04,76.720001,78.790001,76.330002,77.57,2955800,73.305508
2013-12-05,77.360001,77.690002,76.330002,76.779999,1799200,72.558938
2013-12-06,77.800003,79.160004,77.32,78.910004,1812000,74.571844
2013-12-09,78.839996,79.889999,78.019997,78.800003,2697900,74.46789
2013-12-10,78.510002,79.559998,76.870003,79.330002,1657200,74.968752
2013-12-11,79.57,79.57,77.779999,77.849998,2106100,73.570113
2013-12-12,78.339996,79.410004,77.75,78.860001,2062100,74.52459
2013-12-13,79.650002,79.800003,78.379997,79.050003,2154600,74.704146
2013-12-16,79.800003,81.839996,79.550003,81.660004,3162600,77.17066
2013-12-17,82.400002,84.699997,81.709999,83.400002,3918800,78.814999
2013-12-18,83.279999,83.300003,80.589996,82.099998,4281900,77.586465
2013-12-19,82.150002,82.239998,81.199997,82.099998,2205900,77.586465
2013-12-20,82.800003,83.519997,81.940002,82.68,3949900,78.134581
2013-12-23,83.449997,83.5,82.099998,82.629997,1487500,78.087327
2013-12-24,81.75,82.949997,81.699997,82.559998,533700,78.305474
2013-12-26,83.019997,83.349998,82.260002,83.080002,735600,78.798681
2013-12-27,83.089996,83.830002,82.559998,82.82,855500,78.552077
2013-12-30,83.010002,83.989998,82.739998,83.589996,802700,79.282394
2013-12-31,83.529999,84.169998,82.940002,83.900002,1253900,79.576424
2014-01-02,83.790001,83.830002,82.580002,82.68,1592600,78.419293
2014-01-03,82.629997,83.720001,82.220001,83.279999,1576200,78.988372
2014-01-06,83.470001,84.129997,82.800003,82.889999,1889000,78.61847
2014-01-07,83.410004,86.150002,83.040001,85.650002,2360800,81.236242
2014-01-08,85.970001,87.849998,85.849998,86.410004,3888700,81.95708
2014-01-09,86.870003,87.150002,84.75,84.919998,2300200,80.543858
2014-01-10,85.300003,85.989998,85.010002,85.459999,2001500,81.056031
2014-01-13,85.370003,86.699997,84.290001,84.610001,1921500,80.249835
2014-01-14,84.720001,87.970001,84.720001,87.889999,1990300,83.360807
2014-01-15,88.699997,89.199997,87.550003,88.980003,1833900,84.394641
2014-01-16,89.389999,90.040001,88.480003,88.949997,2826000,84.366181
2014-01-17,88.470001,89.07,87.849998,88.82,2933900,84.242882
2014-01-21,90.0,90.440002,87.830002,88.860001,3057700,84.280822
2014-01-22,88.470001,89.290001,87.910004,88.080002,2538800,83.541019
2014-01-23,86.870003,88.610001,84.550003,87.050003,4335500,82.564098
2014-01-24,86.080002,87.379997,84.989998,85.0,2560800,80.619737
2014-01-27,85.0,85.919998,84.5,84.589996,2286500,80.230862
2014-01-28,83.669998,84.589996,82.529999,83.370003,4462500,79.073738
2014-01-29,82.949997,84.980003,82.709999,84.199997,2523100,79.86096
2014-01-30,84.870003,87.150002,84.580002,86.940002,2931500,82.459766
2014-01-31,85.470001,86.93,85.360001,86.169998,2045600,81.729442
2014-02-03,85.699997,86.639999,83.220001,83.5,2532000,79.197036
2014-02-04,84.019997,84.160004,82.339996,83.5,1867300,79.197036
2014-02-05,83.050003,83.910004,80.839996,82.739998,2264900,78.476198
2014-02-06,83.330002,83.919998,82.870003,83.349998,1211400,79.054764
2014-02-07,83.970001,85.410004,82.800003,84.68,1926900,80.316228
2014-02-10,84.480003,85.389999,83.589996,84.690002,1421200,80.325714
2014-02-11,84.540001,85.300003,83.949997,84.870003,1278400,80.496439
2014-02-12,85.019997,86.809998,84.910004,86.07,1602700,81.634597
2014-02-13,85.290001,86.75,85.040001,86.669998,1453200,82.203676
2014-02-14,87.080002,87.199997,85.830002,86.709999,1210900,82.241615
2014-02-18,87.110001,87.989998,86.260002,86.339996,1413700,81.89068
2014-02-19,85.93,86.790001,85.279999,85.449997,1489900,81.046544
2014-02-20,85.550003,86.349998,84.410004,86.239998,1641000,81.795835
2014-02-21,86.57,88.160004,86.5,88.010002,2042500,83.474626
2014-02-24,88.110001,89.309998,87.68,88.599998,1780400,84.034218
2014-02-25,88.5,89.0,87.459999,87.790001,1310700,83.265962
2014-02-26,88.139999,89.790001,88.0,89.279999,2267200,84.679177
2014-02-27,88.900002,89.199997,87.529999,88.419998,1710500,83.863494
2014-02-28,87.879997,88.129997,86.150002,86.989998,2704000,82.507185
2014-03-03,86.260002,88.43,85.470001,87.900002,1687500,83.370294
2014-03-04,88.639999,89.620003,88.309998,88.760002,1619500,84.185977
2014-03-05,88.639999,88.959999,88.059998,88.330002,1127200,83.778135
2014-03-06,88.419998,88.839996,86.169998,86.720001,1902600,82.251102
2014-03-07,87.32,87.32,83.900002,84.25,2080500,79.908386
2014-03-10,84.480003,86.639999,84.089996,85.110001,2213400,80.724069
2014-03-11,85.269997,85.720001,82.900002,83.209999,1922600,78.921979
2014-03-12,82.620003,84.360001,82.419998,84.160004,1310400,79.823028
2014-03-13,84.449997,85.0,83.419998,84.209999,2034700,79.870447
2014-03-14,83.809998,85.120003,83.779999,85.019997,1685600,80.638703
2014-03-17,85.349998,85.989998,84.300003,85.139999,2870600,80.752522
2014-03-18,85.089996,86.449997,84.510002,86.32,1336400,81.871714
2014-03-19,86.239998,86.300003,84.959999,85.870003,1766400,81.444906
2014-03-20,85.660004,88.150002,85.190002,87.989998,1978200,83.455653
2014-03-21,88.940002,89.199997,87.669998,88.620003,3212400,84.053192
2014-03-24,88.129997,88.900002,86.699997,87.980003,2321000,83.446173
2014-03-25,87.980003,90.330002,87.739998,89.849998,2059900,85.219803
2014-03-26,90.260002,91.099998,89.290001,89.330002,2191200,85.010446
2014-03-27,89.019997,90.330002,88.779999,89.699997,2045800,85.36255
2014-03-28,89.849998,90.93,88.970001,89.410004,1557700,85.086579
2014-03-31,89.730003,92.470001,89.07,91.82,2582200,87.38004
2014-04-01,92.559998,93.900002,92.080002,93.540001,2137800,89.01687
2014-04-02,93.730003,94.550003,92.5,94.139999,1746700,89.587856
2014-04-03,93.639999,94.559998,93.050003,93.459999,1619600,88.940737
2014-04-04,94.32,95.0,90.010002,90.5,2527700,86.123869
2014-04-07,90.389999,91.75,88.870003,89.599998,2455600,85.267387
2014-04-08,89.720001,91.269997,89.540001,90.980003,2071300,86.580661
2014-04-09,90.949997,91.5,89.07,91.25,1984200,86.837602
2014-04-10,91.470001,91.910004,88.169998,88.169998,2259200,83.906534
2014-04-11,87.589996,89.040001,87.199997,88.209999,2250800,83.944601
2014-04-14,88.790001,90.580002,88.519997,90.349998,1941200,85.98112
2014-04-15,90.160004,90.510002,88.010002,89.370003,1820400,85.048512
2014-04-16,90.0,90.660004,88.970001,90.279999,1377600,85.914506
2014-04-17,89.849998,91.599998,89.360001,91.050003,1666400,86.647276
2014-04-21,91.760002,92.32,90.690002,92.260002,1350800,87.798766
2014-04-22,92.07,92.75,91.720001,92.089996,1360200,87.636981
2014-04-23,91.730003,91.989998,90.029999,90.440002,1500600,86.066772
2014-04-24,91.150002,91.400002,89.059998,89.800003,1717600,85.45772
2014-04-25,89.199997,89.449997,87.589996,87.769997,1502100,83.525875
2014-04-28,88.32,89.120003,86.050003,87.529999,1970500,83.297482
2014-04-29,88.300003,88.489998,87.019997,87.449997,2216200,83.221349
2014-04-30,86.480003,89.879997,85.940002,88.080002,2283700,83.82089
2014-05-01,85.529999,85.910004,81.220001,82.279999,5061900,78.301346
2014-05-02,82.480003,84.059998,81.529999,83.68,2902800,79.63365
2014-05-05,83.160004,84.449997,82.889999,83.900002,1970300,79.843013
2014-05-06,83.589996,84.989998,83.330002,84.410004,2014300,80.328354
2014-05-07,83.989998,84.940002,82.389999,83.349998,2500100,79.319606
2014-05-08,83.900002,85.019997,82.959999,83.589996,2337200,79.547998
2014-05-09,83.400002,83.589996,80.779999,81.949997,3010800,77.987301
2014-05-12,82.68,83.0,81.870003,82.459999,2209000,78.472642
2014-05-13,82.519997,82.989998,81.839996,82.599998,1781300,78.605872
2014-05-14,83.720001,86.360001,83.519997,85.330002,2901700,81.203866
2014-05-15,85.059998,85.940002,84.440002,85.300003,2066700,81.175318
2014-05-16,85.080002,86.150002,84.440002,85.910004,1712800,81.755822
2014-05-19,85.760002,85.830002,84.559998,85.309998,2211700,81.184829
2014-05-20,85.489998,85.550003,83.279999,83.839996,1967500,79.78591
2014-05-21,84.019997,85.339996,83.470001,83.660004,1589800,79.614621
2014-05-22,83.650002,83.980003,83.160004,83.639999,1867600,79.595584
2014-05-23,83.980003,85.040001,83.599998,84.830002,1069000,80.728043
2014-05-27,85.059998,87.470001,84.879997,87.419998,1797200,83.1928
2014-05-28,87.400002,88.0,87.019997,87.199997,1430800,82.983437
2014-05-29,86.809998,87.730003,86.699997,87.129997,1081900,82.916822
2014-05-30,87.279999,87.949997,86.5,87.849998,2695800,83.602008
2014-06-02,87.790001,88.230003,87.309998,87.660004,1359500,83.4212
2014-06-03,87.25,88.07,86.949997,87.889999,1009700,83.640075
2014-06-04,87.779999,89.470001,87.550003,89.150002,1749100,84.839149
2014-06-05,89.809998,92.110001,88.919998,91.949997,4328900,87.503751
2014-06-06,91.889999,92.309998,91.07,92.160004,1659100,87.703603
2014-06-09,91.970001,92.300003,91.089996,91.639999,1754500,87.208743
2014-06-10,91.07,91.639999,89.959999,90.779999,1854200,86.390328
2014-06-11,90.580002,91.019997,90.099998,90.699997,874500,86.314195
2014-06-12,90.32,90.910004,89.32,89.739998,1239800,85.400616
2014-06-13,91.690002,93.410004,91.440002,92.120003,2333500,87.665536
2014-06-16,91.879997,92.349998,91.339996,91.459999,1337200,87.037447
2014-06-17,91.190002,92.610001,90.889999,92.32,1142800,87.855862
2014-06-18,91.959999,93.139999,91.550003,92.989998,1002900,88.493463
2014-06-19,92.599998,93.199997,90.779999,91.279999,1764900,86.866151
2014-06-20,91.660004,92.230003,90.440002,91.459999,2608600,87.037447
2014-06-23,91.150002,91.68,90.169998,91.589996,891200,87.161158
2014-06-24,91.449997,92.209999,90.5,90.620003,1526600,86.238069
2014-06-25,90.550003,92.290001,90.279999,91.940002,1373500,87.882151
2014-06-26,91.970001,92.099998,91.150002,91.889999,804600,87.834354
2014-06-27,91.779999,93.089996,91.550003,92.900002,1509900,88.799779
2014-06-30,92.660004,93.0,91.989998,92.300003,1045300,88.226262
2014-07-01,93.160004,95.75,93.099998,94.459999,2260800,90.290925
2014-07-02,94.269997,96.309998,94.029999,95.919998,1685100,91.686486
2014-07-03,96.410004,96.669998,94.949997,96.540001,1247500,92.279124
2014-07-07,96.019997,96.379997,94.300003,95.730003,2616100,91.504877
2014-07-08,94.050003,96.050003,93.800003,94.360001,1850000,90.19534
2014-07-09,93.510002,95.419998,93.510002,94.300003,1435600,90.137991
2014-07-10,93.800003,96.239998,93.160004,95.410004,1662500,91.199
2014-07-11,95.059998,98.889999,95.050003,97.769997,3174600,93.454833
2014-07-14,98.459999,99.25,97.660004,98.43,2434400,94.085707
2014-07-15,98.150002,99.980003,98.080002,98.709999,2242300,94.353348
2014-07-16,101.300003,102.110001,100.099998,101.230003,3518000,96.762129
2014-07-17,99.769997,100.910004,97.589996,98.150002,3242200,93.818066
2014-07-18,98.18,99.779999,97.879997,99.459999,2841400,95.070246
2014-07-21,99.449997,99.650002,98.480003,99.029999,1114600,94.659224
2014-07-22,99.379997,100.599998,99.360001,100.160004,1276700,95.739355
2014-07-23,100.349998,100.669998,99.410004,99.599998,1016000,95.204066
2014-07-24,99.830002,100.190002,99.040001,99.599998,1591500,95.204066
2014-07-25,99.260002,99.949997,98.769997,99.360001,971900,94.974661
2014-07-28,99.449997,100.989998,98.669998,100.809998,1665600,96.360661
2014-07-29,100.230003,101.269997,99.910004,100.790001,1714100,96.341547
2014-07-30,101.110001,102.669998,100.940002,101.169998,2604300,96.704772
2014-07-31,99.660004,102.889999,97.970001,99.889999,2213600,95.481268
2014-08-01,98.720001,100.510002,98.620003,100.300003,2504500,95.873175
2014-08-04,100.300003,102.510002,100.110001,102.099998,2318300,97.593726
2014-08-05,101.389999,102.540001,101.220001,101.650002,1916300,97.16359
2014-08-06,101.199997,102.25,101.019997,101.879997,1511100,97.383435
2014-08-07,102.059998,102.760002,101.029999,101.599998,1647000,97.115794
2014-08-08,101.709999,101.900002,100.769997,101.300003,1340400,96.829039
2014-08-11,101.400002,102.120003,100.809998,100.940002,1066300,96.484928
2014-08-12,101.029999,101.029999,98.43,99.510002,2506100,95.118042
2014-08-13,98.959999,100.410004,98.959999,100.400002,1973800,95.96876
2014-08-14,100.739998,100.779999,99.32,100.360001,1467000,95.930525
2014-08-15,101.0,101.309998,99.480003,100.620003,1587600,96.179052
2014-08-18,100.709999,101.43,100.269997,100.839996,1000800,96.389336
2014-08-19,100.949997,101.440002,99.650002,100.010002,1560500,95.595974
2014-08-20,99.82,100.809998,99.769997,100.239998,1109100,95.815818
2014-08-21,100.139999,100.709999,99.970001,100.699997,1310700,96.255515
2014-08-22,101.150002,101.550003,100.470001,101.0,1016500,96.542277
2014-08-25,101.43,102.639999,101.43,101.910004,821900,97.412117
2014-08-26,101.690002,102.279999,101.330002,101.949997,1069800,97.450345
2014-08-27,102.360001,103.510002,101.949997,102.709999,1363200,98.176804
2014-08-28,101.690002,102.599998,101.660004,102.07,1354000,97.565052
2014-08-29,102.769997,103.5,101.889999,103.010002,1316600,98.463566
2014-09-02,103.07,103.25,101.519997,102.0,1428600,97.498141
2014-09-03,102.43,102.43,101.25,101.739998,1361500,97.249615
2014-09-04,101.739998,102.220001,100.650002,100.949997,1250500,96.494481
2014-09-05,101.220001,101.459999,100.379997,100.919998,1342500,96.465806
2014-09-08,101.169998,101.709999,99.760002,100.440002,1988100,96.006996
2014-09-09,100.620003,100.639999,99.419998,99.849998,1570400,95.443032
2014-09-10,99.760002,100.25,99.019997,99.889999,1377500,95.481268
2014-09-11,99.650002,100.68,98.889999,100.059998,1117200,95.643763
2014-09-12,99.57,100.290001,99.300003,99.889999,1690000,95.481268
2014-09-15,99.690002,100.279999,97.400002,97.550003,1610600,93.244549
2014-09-16,97.300003,98.43,96.900002,98.099998,1523100,93.77027
2014-09-17,98.120003,98.300003,96.449997,97.82,2347500,93.502629
2014-09-18,97.959999,99.940002,97.339996,99.580002,2302800,95.184952
2014-09-19,99.199997,100.150002,98.129997,98.519997,6097100,94.171731
2014-09-22,98.510002,98.739998,97.830002,98.199997,1668000,93.865855
2014-09-23,98.260002,98.43,97.0,97.019997,1383700,92.737935
2014-09-24,96.980003,98.68,96.779999,98.349998,1563700,94.009236
2014-09-25,98.610001,98.699997,95.559998,96.190002,1589500,91.944573
2014-09-26,96.18,97.629997,96.059998,97.290001,1227000,92.996022
2014-09-29,96.029999,96.900002,95.43,96.25,1590200,92.001923
2014-09-30,96.230003,97.730003,96.010002,97.32,1713700,93.024697
2014-10-01,96.480003,96.779999,94.43,94.580002,1912200,90.778749
2014-10-02,94.669998,95.349998,93.32,95.110001,1518400,91.287446
2014-10-03,95.650002,96.269997,95.059998,95.400002,1356700,91.565792
2014-10-06,95.910004,96.230003,94.650002,94.699997,1628300,90.893921
2014-10-07,94.239998,94.669998,93.269997,93.309998,1519900,89.559787
2014-10-08,93.360001,95.790001,92.720001,95.660004,1692100,91.815344
2014-10-09,95.68,95.68,93.370003,93.389999,1645600,89.636574
2014-10-10,93.75,94.739998,90.459999,90.459999,2242800,86.824333
2014-10-13,90.120003,90.830002,86.269997,86.470001,3341700,82.994696
2014-10-14,87.269997,87.510002,85.309998,85.870003,2881000,82.418812
2014-10-15,84.389999,85.300003,82.849998,85.099998,3431500,81.679755
2014-10-16,83.660004,86.419998,83.169998,85.580002,1643600,82.140467
2014-10-17,86.389999,87.800003,86.269997,86.839996,2276300,83.349821
2014-10-20,87.019997,88.169998,86.849998,87.830002,1969500,84.300037
2014-10-21,88.809998,90.769997,88.510002,90.68,2313400,87.035492
2014-10-22,90.720001,90.989998,89.120003,89.269997,1737500,85.682157
2014-10-23,90.5,91.07,89.599998,90.589996,1821100,86.949105
2014-10-24,91.07,91.82,90.160004,91.68,1488100,87.995301
2014-10-27,91.760002,93.809998,90.620003,92.949997,2291900,89.214255
2014-10-28,93.279999,94.169998,91.68,93.080002,2701500,89.339035
2014-10-29,93.0,97.5,92.57,95.790001,4290300,91.940117
2014-10-30,95.209999,95.669998,94.110001,95.190002,2075300,91.364233
2014-10-31,97.18,98.589996,96.160004,98.370003,2665900,94.416426
2014-11-03,98.720001,101.470001,98.5,100.75,2785100,96.700769
2014-11-04,100.230003,101.199997,99.599998,100.0,2100100,95.980912
2014-11-05,100.760002,101.389999,100.029999,101.279999,1223000,97.209467
2014-11-06,100.0,101.07,97.559998,97.870003,3240400,93.936522
2014-11-07,97.949997,98.970001,97.339996,97.699997,5057200,93.773349
2014-11-10,97.620003,98.0,97.059998,97.639999,1858700,93.715762
2014-11-11,97.639999,97.93,96.389999,96.949997,1455900,93.053492
2014-11-12,96.980003,98.110001,96.5,97.629997,1575500,93.706162
2014-11-13,97.470001,98.160004,97.089996,97.830002,1270100,93.898128
2014-11-14,98.010002,98.809998,97.779999,98.410004,1115900,94.454819
2014-11-17,98.290001,98.910004,97.269997,98.540001,1835600,94.579592
2014-11-18,98.379997,101.199997,98.139999,100.389999,2022000,96.355237
2014-11-19,100.239998,100.43,99.349998,99.910004,1180800,95.894533
2014-11-20,100.010002,101.809998,99.080002,101.769997,1198400,97.679771
2014-11-21,102.620003,103.480003,100.830002,101.699997,2608400,97.612585
2014-11-24,101.529999,102.970001,101.459999,102.760002,1229900,98.629988
2014-11-25,103.0,104.0,102.559998,102.629997,2333400,98.505208
2014-11-26,102.0,103.690002,101.57,103.669998,1465900,99.50341
2014-11-28,103.540001,104.0,102.970001,103.269997,862400,99.119485
2014-12-01,103.099998,103.370003,101.330002,102.150002,1828700,98.044504
2014-12-02,102.18,103.230003,101.739998,102.720001,1284800,98.591594
2014-12-03,102.949997,103.379997,102.110001,103.139999,1080000,98.994713
2014-12-04,103.040001,104.209999,102.919998,103.720001,1458300,99.551404
2014-12-05,104.0,105.209999,103.610001,105.07,2150800,100.847144
2014-12-08,104.550003,105.830002,104.139999,105.050003,1676100,100.827951
2014-12-09,103.620003,108.669998,103.620003,107.800003,3598500,103.467427
2014-12-10,108.379997,109.639999,107.0,107.230003,2937300,102.920336
2014-12-11,108.190002,109.089996,107.230003,108.040001,1909000,103.697779
2014-12-12,106.839996,107.650002,105.610001,105.629997,1600500,101.384635
2014-12-15,105.919998,107.110001,104.82,105.400002,1475900,101.163883
2014-12-16,105.029999,108.07,104.440002,104.489998,2368800,100.290453
2014-12-17,104.839996,108.860001,104.839996,107.949997,2335200,103.611392
2014-12-18,109.510002,112.489998,109.239998,112.360001,3202100,107.844154
2014-12-19,112.709999,114.690002,112.709999,113.879997,3764500,109.30306
2014-12-22,113.580002,114.480003,113.279999,114.279999,2155400,109.686986
2014-12-23,114.389999,114.559998,112.150002,113.300003,2104200,108.746377
2014-12-24,113.629997,113.75,112.639999,113.110001,783000,108.564011
2014-12-26,113.790001,113.989998,113.059998,113.089996,639100,108.54481
2014-12-29,112.779999,113.889999,112.589996,113.040001,992600,108.496824
2014-12-30,112.260002,112.82,111.800003,112.309998,1457900,108.178961
2014-12-31,112.169998,112.279999,110.610001,110.699997,1090400,106.628181
2015-01-02,111.800003,111.919998,109.260002,110.43,966400,106.368115
2015-01-05,110.220001,111.230003,108.559998,108.970001,1662700,104.961818
2015-01-06,108.389999,109.339996,106.129997,106.540001,2014900,102.621199
2015-01-07,107.510002,108.449997,106.32,108.139999,1552700,104.162346
2015-01-08,109.239998,111.440002,109.239998,110.379997,2533100,106.319951
2015-01-09,110.940002,113.879997,110.720001,112.220001,2189400,108.092275
2015-01-12,111.449997,111.779999,109.690002,110.32,1516400,106.262161
2015-01-13,111.0,112.57,108.739998,109.379997,1603600,105.356734
2015-01-14,109.309998,109.669998,107.57,108.769997,1330900,104.76917
2015-01-15,109.279999,109.389999,104.660004,104.699997,2172700,100.848875
2015-01-16,104.599998,106.580002,103.110001,106.370003,1877000,102.457454
2015-01-20,107.139999,107.139999,105.199997,106.589996,1401400,102.669356
2015-01-21,106.050003,107.290001,105.699997,106.629997,1037900,102.707885
2015-01-22,106.540001,106.68,104.440002,105.290001,3319400,101.417177
2015-01-23,105.300003,107.040001,105.260002,106.099998,2250200,102.197381
2015-01-26,101.470001,101.989998,96.699997,100.980003,5789500,97.265712
2015-01-27,99.089996,100.099998,97.230003,97.629997,3305000,94.038927
2015-01-28,104.230003,104.949997,99.639999,99.830002,5081900,96.15801
2015-01-29,100.25,101.510002,98.82,101.059998,2533700,97.342764
2015-01-30,99.870003,101.040001,96.959999,97.230003,2381000,93.653646
2015-02-02,97.260002,98.5,95.540001,98.419998,2317800,94.79987
2015-02-03,98.459999,100.75,97.389999,100.690002,2227000,96.986378
2015-02-04,100.690002,105.239998,100.650002,104.040001,4537800,100.213155
2015-02-05,103.849998,104.919998,103.209999,104.110001,1603100,100.28058
2015-02-06,104.25,106.160004,103.120003,103.400002,1736500,99.596697
2015-02-09,103.230003,103.529999,102.269997,102.599998,963600,98.82612
2015-02-10,103.18,104.129997,101.639999,104.080002,1301000,100.251685
2015-02-11,104.0,106.209999,103.730003,106.089996,1872600,102.187747
2015-02-12,106.400002,107.910004,106.110001,107.190002,1718200,103.247292
2015-02-13,107.959999,108.860001,107.050003,107.610001,1246800,103.651842
2015-02-17,105.5,107.230003,105.5,106.769997,1302800,102.842735
2015-02-18,106.830002,109.050003,105.129997,109.0,2778100,104.990714
2015-02-19,109.18,109.879997,108.730003,109.839996,2792100,105.799813
2015-02-20,109.709999,111.529999,108.169998,111.309998,2268100,107.215744
2015-02-23,111.650002,111.839996,110.220001,111.089996,1760200,107.003835
2015-02-24,110.599998,110.830002,107.980003,108.970001,1651500,104.961818
2015-02-25,108.25,108.25,105.769997,106.150002,2352100,102.245545
2015-02-26,106.75,108.480003,106.220001,107.339996,2215400,103.391769
2015-02-27,107.419998,107.989998,106.620003,106.980003,1623800,103.045017
2015-03-02,107.419998,110.0,106.639999,108.779999,1821100,104.778805
2015-03-03,108.169998,108.550003,104.809998,105.57,1791500,101.686877
2015-03-04,104.610001,105.529999,103.349998,105.360001,1649500,101.484602
2015-03-05,105.68,105.68,104.650002,105.379997,881700,101.503863
2015-03-06,104.669998,105.489998,102.230003,102.529999,1509800,98.758695
2015-03-09,102.68,103.25,101.75,102.580002,1682300,98.806859
2015-03-10,101.419998,102.120003,99.379997,99.389999,2378600,95.734192
2015-03-11,98.849998,99.029999,96.370003,97.889999,3293200,94.289366
2015-03-12,95.349998,98.82,95.07,98.559998,2943700,94.93472
2015-03-13,98.18,98.559998,96.080002,97.190002,2210300,93.615117
2015-03-16,97.959999,99.410004,97.589996,98.199997,1516200,94.587961
2015-03-17,97.529999,98.169998,96.230003,96.620003,1500000,93.066083
2015-03-18,97.639999,98.489998,96.169998,97.879997,2572000,94.279732
2015-03-19,98.339996,99.620003,98.160004,99.300003,1942300,95.647506
2015-03-20,100.07,101.080002,99.089996,100.440002,2417900,96.745574
2015-03-23,100.389999,101.360001,99.510002,99.639999,1784900,95.974997
2015-03-24,99.440002,100.080002,97.559998,97.940002,1759600,94.33753
2015-03-25,98.540001,98.540001,94.589996,94.620003,2150600,91.139648
2015-03-26,92.739998,94.580002,91.610001,93.639999,3546000,90.195691
2015-03-27,94.260002,94.400002,92.370003,92.730003,2014400,89.319167
2015-03-30,93.330002,93.589996,92.129997,92.93,1787300,89.511808
2015-03-31,91.93,92.059998,90.279999,91.010002,2408900,88.136641
2015-04-01,90.559998,92.360001,89.82,92.349998,2851900,89.434331
2015-04-02,91.790001,93.309998,91.699997,93.0,2081200,90.063811
2015-04-06,92.160004,93.550003,91.830002,93.190002,1714700,90.247815
2015-04-07,93.389999,94.830002,93.199997,94.110001,2018700,91.138767
2015-04-08,94.419998,94.599998,93.480003,93.910004,2045600,90.945084
2015-04-09,93.489998,94.620003,93.050003,94.019997,2041100,91.051604
2015-04-10,94.629997,96.489998,94.449997,95.889999,2115300,92.862568
2015-04-13,97.129997,97.129997,95.449997,95.5,1771200,92.484881
2015-04-14,96.620003,96.970001,95.25,96.160004,1659600,93.124047
2015-04-15,97.300003,99.540001,97.300003,99.040001,2538500,95.913117
2015-04-16,97.879997,98.620003,97.370003,97.830002,2435400,94.74132
2015-04-17,97.550003,100.290001,97.529999,99.440002,2987000,96.30049
2015-04-20,99.43,102.07,99.43,101.580002,2576200,98.372926
2015-04-21,101.330002,102.07,98.75,99.68,1930800,96.532911
2015-04-22,99.82,100.459999,99.040001,100.309998,1273800,97.143018
2015-04-23,99.959999,100.879997,99.230003,100.269997,1178200,97.10428
2015-04-24,100.540001,100.690002,99.080002,99.75,962200,96.600701
2015-04-27,99.559998,99.93,98.239998,98.900002,1476000,95.777538
2015-04-28,98.459999,98.610001,96.800003,97.900002,2479100,94.80911
2015-04-29,94.43,96.949997,93.839996,95.830002,4589600,92.804464
2015-04-30,95.620003,97.959999,95.620003,97.739998,3637200,94.654158
2015-05-01,98.110001,99.910004,97.839996,99.330002,2464000,96.193962
2015-05-04,99.379997,99.93,98.489998,99.510002,1953300,96.36828
2015-05-05,98.870003,99.239998,96.43,96.790001,2161800,93.734154
2015-05-06,96.919998,97.370003,94.050003,94.870003,2469300,91.874774
2015-05-07,94.449997,95.699997,94.050003,94.839996,1539100,91.845715
2015-05-08,95.900002,96.839996,95.760002,96.529999,1165000,93.482361
2015-05-11,96.739998,97.910004,95.849998,96.050003,1184100,93.01752
2015-05-12,95.480003,96.370003,94.889999,95.959999,1537000,92.930357
2015-05-13,96.400002,97.209999,95.800003,95.959999,1406800,92.930357
2015-05-14,96.949997,98.449997,96.330002,98.410004,1297200,95.30301
2015-05-15,98.620003,98.650002,97.32,97.669998,2179000,94.586368
2015-05-18,97.209999,98.400002,97.169998,97.870003,1102000,94.780058
2015-05-19,97.779999,97.839996,94.790001,95.589996,2700400,92.572036
2015-05-20,95.779999,96.110001,94.709999,94.830002,1380800,91.836036
2015-05-21,95.099998,95.669998,94.379997,95.25,978000,92.242774
2015-05-22,95.059998,95.790001,95.0,95.230003,886200,92.223409
2015-05-26,95.239998,96.0,92.510002,93.199997,1977500,90.257494
2015-05-27,93.699997,94.660004,93.139999,94.370003,1344700,91.39056
2015-05-28,97.57,99.760002,97.480003,99.230003,3934200,96.097121
2015-05-29,98.870003,98.940002,96.629997,97.360001,2975800,94.286158
2015-06-01,97.599998,97.849998,96.389999,97.129997,1431500,94.063416
2015-06-02,96.989998,97.300003,96.519997,96.949997,1027000,93.889099
2015-06-03,97.690002,98.190002,96.849998,98.139999,1424400,95.041531
2015-06-04,97.300003,97.940002,94.610001,95.400002,1847200,92.38804
2015-06-05,95.400002,95.580002,94.269997,94.870003,1050600,91.874774
2015-06-08,94.650002,95.290001,92.379997,92.599998,1755600,89.676438
2015-06-09,92.550003,92.849998,91.410004,92.040001,1567300,89.134121
2015-06-10,93.019997,94.089996,92.110001,93.599998,1825900,90.644866
2015-06-11,93.550003,94.860001,93.550003,94.459999,1295200,91.477715
2015-06-12,93.529999,93.889999,92.129997,93.010002,1508000,90.073497
2015-06-15,92.230003,92.379997,91.330002,91.75,1297000,88.853276
2015-06-16,91.480003,92.25,90.989998,91.050003,1412300,88.175379
2015-06-17,91.470001,93.379997,91.260002,92.019997,1774600,89.114748
2015-06-18,92.110001,92.82,91.099998,92.419998,1864000,89.502121
2015-06-19,92.339996,92.489998,90.900002,91.019997,2590500,88.14632
2015-06-22,91.709999,91.910004,90.68,91.599998,1113100,88.70801
2015-06-23,91.089996,91.330002,88.529999,88.620003,2944300,85.822099
2015-06-24,88.540001,88.809998,87.440002,87.730003,1932400,84.960198
2015-06-25,88.150002,88.150002,85.550003,85.949997,2628800,83.23639
2015-06-26,84.949997,85.839996,83.870003,84.449997,2916000,81.783748
2015-06-29,83.309998,83.480003,81.440002,81.959999,3374500,79.372364
2015-06-30,81.800003,82.379997,78.330002,78.419998,4307600,76.410271
2015-07-01,79.150002,79.449997,78.269997,79.440002,3700700,77.404135
2015-07-02,80.0,81.949997,79.769997,80.870003,3300700,78.797488
2015-07-06,79.82,80.0,78.349998,79.82,3386900,77.774394
2015-07-07,79.839996,80.129997,77.260002,79.82,3355300,77.774394
2015-07-08,79.309998,79.730003,78.190002,78.309998,2328600,76.30309
2015-07-09,79.730003,79.739998,77.339996,77.349998,2106600,75.367693
2015-07-10,78.43,78.68,76.550003,77.099998,1960600,75.1241
2015-07-13,76.400002,78.0,75.919998,77.709999,3047100,75.718468
2015-07-14,77.949997,78.730003,77.339996,78.360001,3203000,76.351811
2015-07-15,79.040001,79.389999,77.800003,78.690002,3341300,76.673356
2015-07-16,78.959999,79.599998,78.25,78.889999,2698700,76.868228
2015-07-17,78.339996,79.169998,77.93,78.93,2242700,76.907203
2015-07-20,78.870003,78.970001,77.650002,78.379997,1640800,76.371296
2015-07-21,77.75,79.330002,77.75,78.690002,1695700,76.673356
2015-07-22,78.690002,78.760002,77.110001,78.519997,2400100,76.507707
2015-07-23,77.080002,78.889999,76.519997,77.900002,3644600,75.903601
2015-07-24,78.32,78.379997,76.830002,77.260002,1686200,75.280003
2015-07-27,76.769997,77.139999,76.0,76.489998,1956400,74.529733
2015-07-28,76.82,78.25,76.07,77.739998,3055800,75.747698
2015-07-29,77.18,79.199997,77.010002,78.75,4279300,76.731816
2015-07-30,85.440002,88.459999,85.019997,86.440002,7635100,84.224741
2015-07-31,86.400002,86.419998,85.139999,86.059998,3931000,83.854475
2015-08-03,86.199997,86.800003,85.010002,85.849998,2397100,83.649858
2015-08-04,84.959999,86.080002,83.739998,84.389999,2759000,82.227275
2015-08-05,84.199997,85.669998,83.860001,84.690002,2438900,82.51959
2015-08-06,85.110001,85.519997,83.269997,84.190002,2005400,82.032404
2015-08-07,84.489998,84.809998,83.32,83.510002,1743500,81.36983
2015-08-10,84.339996,85.099998,83.459999,84.959999,1630800,82.782667
2015-08-11,84.099998,84.860001,82.309998,83.190002,2503600,81.058031
2015-08-12,82.440002,83.43,80.580002,83.160004,2922800,81.028801
2015-08-13,82.610001,83.230003,81.550003,81.57,1854800,79.479546
2015-08-14,81.580002,82.629997,81.410004,82.5,1230000,80.385712
2015-08-17,82.019997,83.860001,81.419998,83.599998,1619000,81.45752
2015-08-18,82.769997,83.809998,81.669998,83.309998,1695100,81.174951
2015-08-19,82.019997,83.18,81.650002,81.709999,2469000,79.615957
2015-08-20,80.529999,81.07,79.300003,79.790001,1982700,77.745164
2015-08-21,78.870003,81.790001,78.839996,79.440002,3745900,77.404135
2015-08-24,77.830002,78.290001,74.629997,76.919998,3932400,74.948713
2015-08-25,78.959999,79.129997,75.0,75.160004,2840600,73.233823
2015-08-26,77.089996,79.099998,74.440002,78.629997,3900300,76.614889
2015-08-27,79.660004,81.919998,79.489998,81.410004,2615400,79.32365
2015-08-28,80.75,82.480003,80.519997,81.279999,1758100,79.196977
2015-08-31,81.209999,82.220001,80.269997,81.959999,1911300,79.85955
2015-09-01,79.739998,82.440002,79.669998,80.449997,3070200,78.388246
2015-09-02,82.220001,82.220001,79.519997,81.150002,2520900,79.070311
2015-09-03,80.0,83.150002,79.230003,81.800003,2032400,79.703654
2015-09-04,80.230003,81.309998,79.459999,80.019997,1671900,77.969266
2015-09-08,81.730003,83.970001,81.559998,83.900002,2321500,81.749835
2015-09-09,83.860001,84.779999,82.209999,82.389999,1932400,80.278531
2015-09-10,81.160004,82.040001,79.57,81.239998,2262100,79.158001
2015-09-11,80.489998,81.849998,79.720001,80.529999,2128700,78.466198
2015-09-14,81.099998,81.120003,79.980003,80.639999,1797000,78.573379
2015-09-15,80.959999,81.040001,80.059998,80.739998,2275100,78.670815
2015-09-16,80.980003,81.550003,80.419998,81.160004,2089700,79.080057
2015-09-17,80.769997,82.410004,80.220001,80.730003,1869000,78.661076
2015-09-18,79.870003,79.949997,75.730003,75.870003,6578600,73.925627
2015-09-21,76.199997,77.440002,75.540001,76.260002,2234300,74.305631
2015-09-22,75.440002,75.489998,71.43,72.050003,4133100,70.203525
2015-09-23,72.0,72.470001,70.410004,71.440002,2789600,69.609157
2015-09-24,70.839996,71.809998,69.400002,71.400002,3099300,69.570181
2015-09-25,72.0,72.040001,70.209999,70.470001,2474200,68.664015
2015-09-28,69.739998,70.050003,67.870003,68.25,2723300,66.500907
2015-09-29,68.980003,69.959999,67.919998,69.370003,3507700,67.592207
2015-09-30,78.790001,80.739998,76.330002,79.440002,11692000,77.966094
2015-10-01,79.809998,80.199997,76.709999,77.889999,4571700,76.444849
2015-10-02,76.779999,79.440002,75.650002,79.440002,2406600,77.966094
2015-10-05,80.25,82.699997,79.739998,82.139999,2887700,80.615996
2015-10-06,81.779999,83.580002,81.510002,83.019997,2576000,81.479666
2015-10-07,83.849998,85.370003,82.449997,84.489998,3381300,82.922393
2015-10-08,84.440002,85.489998,83.790001,85.269997,1955000,83.68792
2015-10-09,85.400002,86.080002,85.0,86.0,2237900,84.404379
2015-10-12,86.18,86.199997,83.300003,85.010002,2157600,83.432749
2015-10-13,84.339996,85.809998,84.129997,84.370003,1366600,82.804624
2015-10-14,85.849998,86.389999,82.980003,83.190002,2629700,81.646517
2015-10-15,80.260002,82.339996,79.730003,81.120003,7054000,79.614924
2015-10-16,81.0,81.5,79.010002,79.519997,4077500,78.044604
2015-10-19,82.230003,82.730003,79.07,80.480003,5732000,78.986799
2015-10-20,80.0,80.0,73.529999,74.860001,8053700,73.471068
2015-10-21,72.75,78.769997,71.230003,71.440002,15420100,70.114524
2015-10-22,72.0,73.279999,69.43,69.959999,7425100,68.66198
2015-10-23,70.739998,71.18,69.07,69.339996,6345800,68.053481
2015-10-26,69.580002,69.970001,66.57,67.160004,4298700,65.913935
2015-10-27,67.739998,67.889999,66.449997,67.169998,4061700,65.923744
2015-10-28,67.599998,68.370003,66.540001,67.519997,4865200,66.267249
2015-10-29,67.68,69.290001,67.010002,67.82,4788200,66.561685
2015-10-30,67.669998,67.949997,66.080002,66.82,4351000,65.580239
2015-11-02,66.849998,68.360001,66.139999,67.839996,3486000,66.581311
2015-11-03,67.459999,69.010002,66.589996,68.529999,4750500,67.258511
2015-11-04,68.480003,68.699997,66.470001,68.550003,4621800,67.278145
2015-11-05,68.580002,68.779999,67.080002,67.849998,3843300,66.591128
2015-11-06,67.82,68.459999,67.160004,67.889999,2850600,66.630386
2015-11-09,67.900002,68.099998,66.510002,66.610001,3277500,65.374136
2015-11-10,66.080002,66.389999,63.299999,63.580002,6257600,62.400355
2015-11-11,63.84,64.190002,61.5,62.599998,5416700,61.438535
2015-11-12,62.450001,63.669998,62.27,62.400002,4438600,61.242249
2015-11-13,62.049999,62.720001,60.119999,60.23,3633700,59.112508
2015-11-16,60.419998,62.360001,60.23,61.650002,3543900,60.506164
2015-11-17,61.580002,64.0,61.580002,62.459999,3678600,61.301133
2015-11-18,62.950001,64.459999,62.59,64.239998,3805500,63.048106
2015-11-19,64.190002,64.800003,61.73,62.009998,4416300,60.859481
2015-11-20,62.099998,63.18,61.5,61.709999,3115600,60.565048
2015-11-23,61.990002,62.84,61.259998,61.32,2436700,60.182285
2015-11-24,60.990002,61.919998,60.57,61.830002,2517600,60.682824
2015-11-25,61.52,62.240002,61.02,61.630001,1773800,60.486534
2015-11-27,61.759998,62.080002,61.310001,61.73,756300,60.584678
2015-11-30,62.029999,62.959999,61.59,62.41,2808000,61.252061
2015-12-01,62.43,64.010002,62.41,63.93,2738800,62.74386
2015-12-02,63.779999,64.449997,62.029999,62.400002,4241200,61.242249
2015-12-03,62.41,63.689999,61.400002,63.619999,5064300,62.43961
2015-12-04,63.700001,64.730003,63.040001,64.580002,3230500,63.381802
2015-12-07,63.59,63.810001,62.630001,63.369999,2201200,62.194249
2015-12-08,62.529999,64.120003,62.139999,64.0,2369900,62.812561
2015-12-09,63.57,64.559998,62.259998,62.950001,3193000,61.782043
2015-12-10,62.98,63.75,62.529999,63.349998,2218200,62.174619
2015-12-11,62.0,62.450001,60.5,62.080002,5042300,60.928186
2015-12-14,62.110001,62.990002,59.060001,59.380001,4260000,58.27828
2015-12-15,59.91,62.360001,59.779999,60.880001,3376700,59.75045
2015-12-16,61.5,62.0,60.5,60.959999,2941800,59.828963
2015-12-17,61.040001,61.34,59.389999,59.400002,3050300,58.29791
2015-12-18,59.080002,60.080002,58.630001,58.860001,4504300,57.767928
2015-12-21,59.220001,59.619999,58.639999,59.060001,2612600,57.964218
2015-12-22,59.02,59.990002,57.939999,59.689999,4060900,58.582526
2015-12-23,59.98,61.189999,59.73,60.32,2933000,59.200838
2015-12-24,60.5,61.98,60.450001,61.220001,1480100,60.084142
2015-12-28,60.91,61.23,59.23,60.299999,2235200,59.181209
2015-12-29,60.439999,61.459999,60.130001,61.060001,1930900,60.428173
2015-12-30,60.75,61.75,60.75,61.09,1572400,60.457861
2015-12-31,61.009998,61.150002,60.029999,60.049999,1499800,59.428622
2016-01-04,59.32,60.52,58.860001,60.400002,3024400,59.775003
2016-01-05,60.75,60.970001,59.790001,60.139999,1563200,59.517691
2016-01-06,59.73,59.84,58.119999,58.799999,2910900,58.191557
2016-01-07,57.419998,59.040001,57.029999,57.830002,3030800,57.231596
2016-01-08,57.959999,58.060001,54.790001,55.389999,3829400,54.816842
2016-01-11,55.880001,56.23,52.25,52.799999,5479500,52.253643
2016-01-12,53.189999,54.23,51.5,52.360001,5217000,51.818197
2016-01-13,52.380001,53.080002,49.470001,49.990002,7352900,49.472722
2016-01-14,50.330002,50.43,48.139999,49.25,6007800,48.740378
2016-01-15,47.84,48.220001,45.900002,47.240002,7173800,46.751178
2016-01-19,48.130001,48.259998,45.540001,46.450001,4642100,45.969352
2016-01-20,45.580002,46.049999,43.110001,45.790001,6382500,45.316181
2016-01-21,46.09,46.09,43.139999,43.939999,7295200,43.485322
2016-01-22,45.23,45.880001,43.939999,44.75,5538900,44.286942
2016-01-25,44.740002,44.740002,42.279999,42.470001,5467100,42.030536
2016-01-26,42.689999,46.5,42.470001,45.34,7895000,44.870837
2016-01-27,45.619999,45.91,43.5,43.669998,6026100,43.218116
2016-01-28,44.189999,46.049999,43.959999,45.689999,6465500,45.217214
2016-01-29,46.150002,51.09,46.009998,47.98,11064900,47.483519
2016-02-01,47.610001,49.860001,47.0,49.189999,6419200,48.680997
2016-02-02,48.849998,49.25,46.599998,46.889999,3661400,46.404797
2016-02-03,47.25,48.139999,46.470001,48.040001,4072900,47.542899
2016-02-04,47.919998,51.16,47.889999,49.139999,6379400,48.631515
2016-02-05,48.889999,49.310001,45.790001,45.860001,5234500,45.385457
2016-02-08,45.369999,45.450001,40.939999,41.91,7397700,41.476329
2016-02-09,41.810001,41.93,39.610001,40.18,6549300,39.764231
2016-02-10,40.48,41.029999,39.700001,40.23,4508900,39.813713
2016-02-11,39.77,40.970001,38.639999,40.099998,4903100,39.685057
2016-02-12,40.509998,41.299999,39.150002,41.080002,3818400,40.65492
2016-02-16,41.610001,42.959999,41.580002,42.779999,4197400,42.337326
2016-02-17,43.080002,44.189999,42.689999,43.290001,4520200,42.842051
2016-02-18,43.459999,44.84,42.52,44.41,4606000,43.95046
2016-02-19,44.23,44.349998,42.630001,44.119999,3958500,43.66346
2016-02-22,44.73,46.349998,44.669998,46.099998,4253600,45.622971
2016-02-23,43.310001,45.5,42.599998,42.77,8429800,42.327431
2016-02-24,42.57,43.970001,41.580002,43.919998,5516100,43.465529
2016-02-25,43.68,44.259998,42.18,43.990002,4806200,43.534808
2016-02-26,44.32,44.939999,43.68,43.889999,3387200,43.43584
2016-02-29,43.07,44.130001,42.619999,43.529999,5454700,43.079565
2016-03-01,44.139999,46.130001,43.23,46.099998,6966800,45.622971
2016-03-02,46.18,47.48,45.32,47.349998,5748300,46.860037
2016-03-03,47.34,49.009998,47.27,48.66,4405200,48.156483
2016-03-04,48.619999,49.75,47.689999,48.860001,5019400,48.354414
2016-03-07,48.209999,51.27,48.169998,50.07,6167700,49.551892
2016-03-08,50.0,50.07,46.349998,46.439999,6851300,45.959453
2016-03-09,46.77,48.279999,46.41,47.439999,4792500,46.949105
2016-03-10,47.880001,48.369999,46.200001,47.889999,4642000,47.39445
2016-03-11,48.869999,49.93,48.709999,49.880001,5183700,49.36386
2016-03-14,49.43,49.799999,47.389999,48.189999,4358000,47.691345
2016-03-15,47.889999,48.099998,45.540001,45.610001,5349200,45.138044
2016-03-16,45.52,46.5,44.740002,46.130001,4990900,45.652663
2016-03-17,45.82,46.990002,45.700001,46.0,4225900,45.524007
2016-03-18,46.290001,49.09,46.0,49.02,11777700,48.512758
2016-03-21,49.150002,49.689999,48.5,49.290001,4098900,48.779965
2016-03-22,48.529999,51.68,48.509998,51.34,6943400,50.808751
2016-03-23,51.200001,51.349998,48.619999,48.720001,6578800,48.215863
2016-03-24,48.630001,48.700001,46.709999,48.119999,5932900,47.622069
2016-03-28,47.610001,48.639999,47.419998,48.080002,4257100,47.582486
2016-03-29,48.0,48.580002,46.779999,48.32,4850600,47.820001
2016-03-30,48.220001,48.34,44.900002,46.139999,9783300,46.139999
2016-03-31,46.110001,47.400002,45.59,47.240002,5199500,47.240002
2016-04-01,46.880001,47.0,45.799999,46.599998,4007900,46.599998
2016-04-04,46.41,47.0,45.970001,46.27,3544600,46.27
2016-04-05,45.75,45.900002,43.82,44.130001,6059500,44.130001
2016-04-06,44.029999,44.779999,42.41,44.720001,6529400,44.720001
2016-04-07,44.130001,44.450001,42.419998,43.25,7548400,43.25
2016-04-08,43.400002,44.32,42.779999,43.099998,4687100,43.099998
2016-04-11,43.799999,45.490002,43.52,44.23,5016300,44.23
2016-04-12,44.939999,44.939999,43.029999,43.970001,4190700,43.970001
2016-04-13,43.84,45.040001,43.84,44.799999,4679900,44.799999
2016-04-14,42.349998,42.349998,40.709999,41.82,14665700,41.82
2016-04-15,41.650002,41.700001,39.830002,40.490002,8106800,40.490002
2016-04-18,40.5,41.32,40.099998,41.029999,4455100,41.029999
2016-04-19,41.369999,42.27,41.040001,41.32,5378900,41.32
2016-04-20,41.509998,43.93,41.330002,43.279999,6499200,43.279999
2016-04-21,44.07,44.07,42.700001,43.349998,4493200,43.349998
2016-04-22,43.360001,44.84,43.209999,43.66,4434000,43.66
2016-04-25,43.650002,44.139999,42.849998,43.34,3914900,43.34
2016-04-26,43.77,44.759998,43.599998,44.540001,4069900,44.540001
2016-04-27,44.509998,46.27,43.950001,46.080002,6200300,46.080002
2016-04-28,46.419998,47.580002,45.759998,46.060001,7206400,46.060001
2016-04-29,42.560001,44.0,39.0,40.869999,19345900,40.869999
2016-05-02,40.610001,41.490002,40.130001,40.849998,8361100,40.849998
2016-05-03,40.540001,40.540001,39.07,39.360001,8986200,39.360001
2016-05-04,39.310001,39.880001,38.419998,39.599998,10120400,39.599998
2016-05-05,39.91,39.939999,37.740002,38.130001,7279200,38.130001
2016-05-06,37.639999,38.119999,36.669998,37.27,8370900,37.27
2016-05-09,37.450001,37.84,36.599998,36.959999,4493600,36.959999
2016-05-10,36.959999,38.580002,36.209999,38.369999,10760800,38.369999
2016-05-11,38.34,38.68,36.599998,36.740002,7642400,36.740002
2016-05-12,37.009998,37.32,35.689999,36.360001,7564400,36.360001
2016-05-13,35.419998,36.290001,34.990002,35.439999,8809500,35.439999
2016-05-16,35.43,35.849998,34.990002,35.57,6619300,35.57
2016-05-17,35.52,37.41,35.200001,36.75,6739700,36.75
2016-05-18,36.830002,38.939999,36.509998,38.459999,7409800,38.459999
2016-05-19,38.470001,38.619999,37.639999,38.369999,5113400,38.369999
2016-05-20,39.009998,40.369999,38.650002,39.560001,6076500,39.560001
2016-05-23,39.509998,40.860001,39.5,40.459999,4979600,40.459999
2016-05-24,41.400002,42.509998,40.98,42.279999,7161900,42.279999
2016-05-25,43.66,44.869999,43.650002,44.150002,8459300,44.150002
2016-05-26,44.009998,45.09,43.220001,44.380001,7989700,44.380001
2016-05-27,43.669998,45.869999,43.009998,44.990002,8026700,44.990002
2016-05-31,45.529999,46.549999,44.889999,46.540001,7879300,46.540001
2016-06-01,46.93,47.84,45.900002,47.630001,6571900,47.630001
2016-06-02,47.48,48.98,47.48,48.380001,7560200,48.380001
2016-06-03,48.509998,48.509998,47.07,47.77,4932000,47.77
2016-06-06,47.66,48.209999,47.549999,48.02,5779800,48.02
2016-06-07,48.75,50.060001,48.700001,49.740002,6914300,49.740002
2016-06-08,49.68,50.049999,49.189999,49.259998,5093000,49.259998
2016-06-09,49.009998,49.130001,48.02,48.169998,5823800,48.169998
2016-06-10,47.689999,47.759998,46.43,46.849998,5873000,46.849998
2016-06-13,46.650002,47.490002,46.25,46.279999,4563900,46.279999
